 alter table app_lookuptable_fields modify fieldname varchar(30);


delete from app_lookuptable;

LOCK TABLES `app_lookuptable` WRITE;
INSERT INTO `app_lookuptable` VALUES('AOI', 4.000000000000000e+000, 'lst_aboriginal', 'Aboriginal', 0, 0.000000000000000e+000, 1, 0);
INSERT INTO `app_lookuptable` VALUES('AST', 5.000000000000000e+000, 'lst_admission_status', 'Admission Status', 0, 0.000000000000000e+000, 0, 0);
INSERT INTO `app_lookuptable` VALUES('BTP', 1.000000000000000e+000, 'lst_bed_type', 'Bed Type', 0, 0.000000000000000e+000, 1, 0);
INSERT INTO `app_lookuptable` VALUES('CET', 8.000000000000000e+000, 'lst_encounter_type', 'Encounter Type', 0, 0.000000000000000e+000, 1, 0);
INSERT INTO `app_lookuptable` VALUES('CLN', 1.000000000000000e+000, 'demographic', 'Clients', 0, 0.000000000000000e+000, 0, 0);
INSERT INTO `app_lookuptable` VALUES('CNT', 1.000000000000000e+000, 'lst_country', 'Country', 0, 0.000000000000000e+000, 1, 0);
INSERT INTO `app_lookuptable` VALUES('CPB', 3.000000000000000e+000, 'lst_shelter_standards', 'Complaint Section Toronto Shelter Standards', 0, 0.000000000000000e+000, 1, 0);
INSERT INTO `app_lookuptable` VALUES('CPM', 3.000000000000000e+000, 'lst_complaint_method', 'Complaint Method', 0, 0.000000000000000e+000, 1, 0);
INSERT INTO `app_lookuptable` VALUES('CPO', 3.000000000000000e+000, 'lst_complaint_outcome', 'Complaint Outcome', 0, 0.000000000000000e+000, 1, 0);
INSERT INTO `app_lookuptable` VALUES('CPS', 3.000000000000000e+000, 'lst_complaint_source', 'Source of Complaint', 0, 0.000000000000000e+000, 1, 0);
INSERT INTO `app_lookuptable` VALUES('CSA', 4.000000000000000e+000, 'lst_cursleeparrangement', 'Current Sleeping Arrangements', 0, 0.000000000000000e+000, 1, 0);
INSERT INTO `app_lookuptable` VALUES('CST', 8.000000000000000e+000, 'lst_casestatus', 'Case Status', 0, 0.000000000000000e+000, 1, 1);
INSERT INTO `app_lookuptable` VALUES('CTS', 0.000000000000000e+000, 'lst_actions_content', 'User Action Types', 0, 0.000000000000000e+000, 1, 0);
INSERT INTO `app_lookuptable` VALUES('DCT', 6.000000000000000e+000, 'lst_documentcategory', 'Document Category', 0, 0.000000000000000e+000, 1, 0);
INSERT INTO `app_lookuptable` VALUES('DRN', 4.000000000000000e+000, 'lst_discharge_reason', 'Discharge Reason', 0, 0.000000000000000e+000, 1, 0);
INSERT INTO `app_lookuptable` VALUES('DTT', 1.000000000000000e+000, 'lst_documenttype', 'Document Type', 0, 0.000000000000000e+000, 0, 0);
INSERT INTO `app_lookuptable` VALUES('FAC', 1.000000000000000e+000, 'Facility', 'Facility', 0, 0.000000000000000e+000, 0, 0);
INSERT INTO `app_lookuptable` VALUES('FCT', 1.000000000000000e+000, 'lst_field_category', 'Field Category', 0, 0.000000000000000e+000, 0, 0);
INSERT INTO `app_lookuptable` VALUES('FRA', 3.000000000000000e+000, 'lst_family_relationship', 'Client Family Member Relationship', 0, 0.000000000000000e+000, 1, 1);
INSERT INTO `app_lookuptable` VALUES('FTY', 1.000000000000000e+000, 'lst_fieldtype', 'Field data types', 0, 0.000000000000000e+000, 0, 0);
INSERT INTO `app_lookuptable` VALUES('FUN', 1.000000000000000e+000, 'secObjectName', 'Function List', 0, 0.000000000000000e+000, 1, 1);
INSERT INTO `app_lookuptable` VALUES('GEN', 3.000000000000000e+000, 'lst_gender', 'Gender', 0, 0.000000000000000e+000, 1, 1);
INSERT INTO `app_lookuptable` VALUES('ICI', 5.000000000000000e+000, 'lst_incident_clientissues', 'Incident - Client Issues', 0, 0.000000000000000e+000, 1, 0);
INSERT INTO `app_lookuptable` VALUES('IDS', 4.000000000000000e+000, 'lst_incident_clientissues', 'Discharge  Disposition', 0, 0.000000000000000e+000, 1, 0);
INSERT INTO `app_lookuptable` VALUES('INI', 5.000000000000000e+000, 'lst_incident_nature', 'Incident - Nature of Incident', 0, 0.000000000000000e+000, 1, 0);
INSERT INTO `app_lookuptable` VALUES('IOI', 5.000000000000000e+000, 'lst_incident_others', 'Incident - Others Involved', 0, 0.000000000000000e+000, 1, 0);
INSERT INTO `app_lookuptable` VALUES('IRR', 5.000000000000000e+000, 'lst_intake_reject_reason', 'Admission Rejection Reason', 0, 0.000000000000000e+000, 1, 0);
INSERT INTO `app_lookuptable` VALUES('ISS', 8.000000000000000e+000, 'lst_componentofservice', 'Component of Service', 0, 0.000000000000000e+000, 1, 0);
INSERT INTO `app_lookuptable` VALUES('LBF', 4.000000000000000e+000, 'lst_livedbefore', 'Lived within the past 12 months', 0, 0.000000000000000e+000, 1, 0);
INSERT INTO `app_lookuptable` VALUES('LHL', 4.000000000000000e+000, 'lst_lengthofhomeless', 'Length of Homelessness', 0, 0.000000000000000e+000, 1, 0);
INSERT INTO `app_lookuptable` VALUES('LKT', 1.000000000000000e+000, 'v_lookuptable', 'Lookup Table List', 0, 0.000000000000000e+000, 0, 0);
INSERT INTO `app_lookuptable` VALUES('LNG', 1.000000000000000e+000, 'lst_language', 'Language', 0, 0.000000000000000e+000, 1, 0);
INSERT INTO `app_lookuptable` VALUES('MOD', 1.000000000000000e+000, 'app_module', 'Application Module', 0, 0.000000000000000e+000, 0, 1);
INSERT INTO `app_lookuptable` VALUES('MTP', 1.000000000000000e+000, 'lst_message_type', 'Facility/System Message Type', 0, 0.000000000000000e+000, 1, 0);
INSERT INTO `app_lookuptable` VALUES('OGN', 2.000000000000000e+000, 'lst_organization', 'Organization', 0, 0.000000000000000e+000, 1, 0);
INSERT INTO `app_lookuptable` VALUES('OPR', 1.000000000000000e+000, 'lst_operator', 'Operator for comparision', 0, 0.000000000000000e+000, 0, 0);
INSERT INTO `app_lookuptable` VALUES('ORG', 1.000000000000000e+000, 'lst_orgcd', 'Organization Chart', 0, 0.000000000000000e+000, 0, 0);
INSERT INTO `app_lookuptable` VALUES('POV', 1.000000000000000e+000, 'lst_province', 'Canadian Provinces', 0, 0.000000000000000e+000, 1, 0);
INSERT INTO `app_lookuptable` VALUES('PRO', 5.000000000000000e+000, 'program', 'Program', 0, 0.000000000000000e+000, 0, 0);
INSERT INTO `app_lookuptable` VALUES('PRP', 1.000000000000000e+000, 'property', 'Configuration Key/Values', 0, 0.000000000000000e+000, 1, 1);
INSERT INTO `app_lookuptable` VALUES('PRV', 1.000000000000000e+000, 'secPrivilege', 'Access Type', 0, 0.000000000000000e+000, 0, 0);
INSERT INTO `app_lookuptable` VALUES('PTY', 5.000000000000000e+000, 'lst_program_type', 'Program Type', 0, 0.000000000000000e+000, 1, 1);
INSERT INTO `app_lookuptable` VALUES('QGV', 8.000000000000000e+000, 'v_lst_report_qgview', 'QGViews', 0, 0.000000000000000e+000, 0, 0);
INSERT INTO `app_lookuptable` VALUES('RFB', 4.000000000000000e+000, 'lst_referredby', 'Intake Referred By Drop Down Values', 0, 0.000000000000000e+000, 1, 0);
INSERT INTO `app_lookuptable` VALUES('RFT', 4.000000000000000e+000, 'lst_referredto', 'Intake Referred To Drop Down Values', 0, 0.000000000000000e+000, 1, 0);
INSERT INTO `app_lookuptable` VALUES('RHL', 4.000000000000000e+000, 'lst_reasonforhomeless', 'Reason for Homelessness', 0, 0.000000000000000e+000, 1, 0);
INSERT INTO `app_lookuptable` VALUES('RNA', 4.000000000000000e+000, 'lst_reasonnoadmit', 'Reason for Non-Admittance', 0, 0.000000000000000e+000, 1, 0);
INSERT INTO `app_lookuptable` VALUES('RNS', 4.000000000000000e+000, 'lst_reason_notsign', 'Reason for not signing Admission Form', 0, 0.000000000000000e+000, 1, 0);
INSERT INTO `app_lookuptable` VALUES('ROL', 1.000000000000000e+000, 'secRole', 'Roles', 0, 0.000000000000000e+000, 0, 0);
INSERT INTO `app_lookuptable` VALUES('RPG', 8.000000000000000e+000, 'v_lst_reportgroup', 'Report Group', 0, 0.000000000000000e+000, 0, 0);
INSERT INTO `app_lookuptable` VALUES('RSV', 4.000000000000000e+000, 'lst_reasonforservice', 'Reason for Service', 0, 0.000000000000000e+000, 1, 0);
INSERT INTO `app_lookuptable` VALUES('RTP', 1.000000000000000e+000, 'lst_room_type', 'Room Type', 0, 0.000000000000000e+000, 1, 0);
INSERT INTO `app_lookuptable` VALUES('SCA', 4.000000000000000e+000, 'lst_statusincanada', 'Status in Canada', 0, 0.000000000000000e+000, 1, 0);
INSERT INTO `app_lookuptable` VALUES('SEC', 2.000000000000000e+000, 'lst_sector', 'Sector', 0, 0.000000000000000e+000, 1, 0);
INSERT INTO `app_lookuptable` VALUES('SHL', 2.000000000000000e+000, 'lst_shelter', 'Shelters', 0, 0.000000000000000e+000, 1, 0);
INSERT INTO `app_lookuptable` VALUES('SIM', 4.000000000000000e+000, 'lst_sourceincome', 'Source of Income', 0, 0.000000000000000e+000, 1, 0);
INSERT INTO `app_lookuptable` VALUES('SIT', 1.000000000000000e+000, 'secSite', 'Authorized Sites', 0, 0.000000000000000e+000, 1, 0);
INSERT INTO `app_lookuptable` VALUES('SRT', 3.000000000000000e+000, 'lst_service_restriction', 'Reason for Service Restriction', 0, 0.000000000000000e+000, 1, 0);
INSERT INTO `app_lookuptable` VALUES('TLT', 1.000000000000000e+000, 'lst_title', 'Title', 0, 0.000000000000000e+000, 1, 0);
INSERT INTO `app_lookuptable` VALUES('TPT', 4.000000000000000e+000, 'lst_transportation_type', 'Transportation Type', 0, 0.000000000000000e+000, 1, 0);
INSERT INTO `app_lookuptable` VALUES('USR', 1.000000000000000e+000, 'provider', 'Users', 0, 0.000000000000000e+000, 0, 0);
UNLOCK TABLES;

delete from app_lookuptable_fields;

LOCK TABLES `app_lookuptable_fields` WRITE;
INSERT INTO `app_lookuptable_fields` VALUES('AOI', 'code', 'Code', 0, 'N', NULL, 'code', 1.000000000000000e+000, 0, 1.000000000000000e+000, 1, 8.000000000000000e+000);
INSERT INTO `app_lookuptable_fields` VALUES('AOI', 'description', 'Description', 1, 'S', NULL, 'description', 2.000000000000000e+000, 0, 2.000000000000000e+000, 0, 8.000000000000000e+001);
INSERT INTO `app_lookuptable_fields` VALUES('AOI', 'isactive', 'Active?', 1, 'B', NULL, 'isactive', 3.000000000000000e+000, 0, 3.000000000000000e+000, 0, NULL);
INSERT INTO `app_lookuptable_fields` VALUES('AOI', 'lastUpdateDate', 'Last Update Date', 0, 'D', NULL, 'lastupdatedate', 6.000000000000000e+000, 0, 9.000000000000000e+000, 0, 0.000000000000000e+000);
INSERT INTO `app_lookuptable_fields` VALUES('AOI', 'lastUpdateUser', 'Last Update User', 0, 'S', 'USR', 'lastupdateuser', 5.000000000000000e+000, 0, 8.000000000000000e+000, 0, 1.200000000000000e+001);
INSERT INTO `app_lookuptable_fields` VALUES('BTP', 'bed_type_id', 'Bed Type Id', 1, 'N', NULL, 'bed_type_id', 1.000000000000000e+000, 0, 1.000000000000000e+000, 0, NULL);
INSERT INTO `app_lookuptable_fields` VALUES('BTP', 'isactive', 'Active', 1, 'B', NULL, 'isactive', 3.000000000000000e+000, 0, 3.000000000000000e+000, 0, NULL);
INSERT INTO `app_lookuptable_fields` VALUES('BTP', 'lastupdatedate', 'Last Update Date', 0, 'D', NULL, 'lastupdatedate', 6.000000000000000e+000, 0, 9.000000000000000e+000, 0, NULL);
INSERT INTO `app_lookuptable_fields` VALUES('BTP', 'lastupdateuser', 'Last Update User', 0, 'S', 'USR', 'lastupdateuser', 5.000000000000000e+000, 0, 8.000000000000000e+000, 0, 1.200000000000000e+001);
INSERT INTO `app_lookuptable_fields` VALUES('BTP', 'name', 'Bed Type', 1, 'S', NULL, 'name', 2.000000000000000e+000, 0, 2.000000000000000e+000, 0, 4.500000000000000e+001);
INSERT INTO `app_lookuptable_fields` VALUES('CET', 'description', 'Description', 1, 'S', NULL, 'description', 2.000000000000000e+000, 0, 2.000000000000000e+000, 0, 8.000000000000000e+001);
INSERT INTO `app_lookuptable_fields` VALUES('CET', 'id', 'ID', 0, 'N', NULL, 'id', 1.000000000000000e+000, 0, 1.000000000000000e+000, 1, NULL);
INSERT INTO `app_lookuptable_fields` VALUES('CET', 'isactive', 'Active?', 1, 'B', NULL, 'isactive', 3.000000000000000e+000, 0, 3.000000000000000e+000, 0, NULL);
INSERT INTO `app_lookuptable_fields` VALUES('CET', 'lastUpdateDate', 'Last Update Date', 0, 'D', NULL, 'lastupdatedate', 6.000000000000000e+000, 0, 9.000000000000000e+000, 0, 0.000000000000000e+000);
INSERT INTO `app_lookuptable_fields` VALUES('CET', 'lastUpdateUser', 'Last Update User', 0, 'S', 'USR', 'lastupdateuser', 5.000000000000000e+000, 0, 8.000000000000000e+000, 0, 1.200000000000000e+001);
INSERT INTO `app_lookuptable_fields` VALUES('CLN', 'alias', 'Alias', 1, 'S', NULL, 'alias', 2.900000000000000e+001, 0, 6.000000000000000e+000, 0, 7.000000000000000e+001);
INSERT INTO `app_lookuptable_fields` VALUES('CLN', 'client_name', 'Client Name', 1, 'S', NULL, 'last_name || \', \' || first_name', 3.000000000000000e+000, 0, 2.000000000000000e+000, 0, 7.000000000000000e+001);
INSERT INTO `app_lookuptable_fields` VALUES('CLN', 'demographic_no', 'Demographic No.', 1, 'N', NULL, 'demographic_no', 1.000000000000000e+000, 0, 1.000000000000000e+000, 0, 1.000000000000000e+001);
INSERT INTO `app_lookuptable_fields` VALUES('CLN', 'lastUpdateDate', 'Last Update Date', 0, 'D', NULL, 'lastupdatedate', 3.100000000000000e+001, 0, 9.000000000000000e+000, 0, 0.000000000000000e+000);
INSERT INTO `app_lookuptable_fields` VALUES('CLN', 'lastUpdateUser', 'Last Update User', 0, 'S', 'USR', 'provider_no', 3.000000000000000e+001, 0, 8.000000000000000e+000, 0, 1.200000000000000e+001);
INSERT INTO `app_lookuptable_fields` VALUES('CNT', 'code', 'Code', 1, 'S', NULL, 'code', 1.000000000000000e+000, 0, 1.000000000000000e+000, 0, 3.000000000000000e+000);
INSERT INTO `app_lookuptable_fields` VALUES('CNT', 'description', 'Description', 1, 'S', NULL, 'description', 2.000000000000000e+000, 0, 2.000000000000000e+000, 0, 8.000000000000000e+001);
INSERT INTO `app_lookuptable_fields` VALUES('CNT', 'displayorder', 'Display Order', 1, 'N', NULL, 'displayorder', 4.000000000000000e+000, 0, 4.000000000000000e+000, 0, NULL);
INSERT INTO `app_lookuptable_fields` VALUES('CNT', 'isactive', 'Active?', 1, 'B', NULL, 'isactive', 3.000000000000000e+000, 0, 3.000000000000000e+000, 0, NULL);
INSERT INTO `app_lookuptable_fields` VALUES('CNT', 'lastUpdateDate', 'Last Update Date', 0, 'D', NULL, 'lastupdatedate', 6.000000000000000e+000, 0, 9.000000000000000e+000, 0, 0.000000000000000e+000);
INSERT INTO `app_lookuptable_fields` VALUES('CNT', 'lastUpdateUser', 'Last Update User', 0, 'S', 'USR', 'lastupdateuser', 5.000000000000000e+000, 0, 8.000000000000000e+000, 0, 1.200000000000000e+001);
INSERT INTO `app_lookuptable_fields` VALUES('CPB', 'description', 'Description', 1, 'S', NULL, 'description', 2.000000000000000e+000, 0, 2.000000000000000e+000, 0, 8.000000000000000e+001);
INSERT INTO `app_lookuptable_fields` VALUES('CPB', 'displayorder', 'Display Order', 1, 'N', NULL, 'displayorder', 4.000000000000000e+000, 0, 4.000000000000000e+000, 0, NULL);
INSERT INTO `app_lookuptable_fields` VALUES('CPB', 'id', 'ID', 0, 'N', NULL, 'id', 1.000000000000000e+000, 0, 1.000000000000000e+000, 1, NULL);
INSERT INTO `app_lookuptable_fields` VALUES('CPB', 'isactive', 'Active?', 1, 'B', NULL, 'isactive', 3.000000000000000e+000, 0, 3.000000000000000e+000, 0, NULL);
INSERT INTO `app_lookuptable_fields` VALUES('CPB', 'lastUpdateDate', 'Last Update Date', 0, 'D', NULL, 'lastupdatedate', 7.000000000000000e+000, 0, 9.000000000000000e+000, 0, 0.000000000000000e+000);
INSERT INTO `app_lookuptable_fields` VALUES('CPB', 'lastUpdateUser', 'Last Update User', 0, 'S', 'USR', 'lastupdateuser', 6.000000000000000e+000, 0, 8.000000000000000e+000, 0, 1.200000000000000e+001);
INSERT INTO `app_lookuptable_fields` VALUES('CPB', 'sectionid', 'Section ID', 1, 'N', NULL, 'sectionid', 5.000000000000000e+000, 0, 5.000000000000000e+000, 0, NULL);
INSERT INTO `app_lookuptable_fields` VALUES('CPC', 'description', 'Description', 1, 'S', NULL, 'description', 2.000000000000000e+000, 0, 2.000000000000000e+000, 0, 8.000000000000000e+001);
INSERT INTO `app_lookuptable_fields` VALUES('CPC', 'id', 'ID', 0, 'N', NULL, 'id', 1.000000000000000e+000, 0, 1.000000000000000e+000, 1, NULL);
INSERT INTO `app_lookuptable_fields` VALUES('CPC', 'isactive', 'Active?', 1, 'B', NULL, 'isactive', 3.000000000000000e+000, 0, 3.000000000000000e+000, 0, NULL);
INSERT INTO `app_lookuptable_fields` VALUES('CPC', 'lastUpdateDate', 'Last Update Date', 0, 'D', NULL, 'lastupdatedate', 6.000000000000000e+000, 0, 9.000000000000000e+000, 0, 0.000000000000000e+000);
INSERT INTO `app_lookuptable_fields` VALUES('CPC', 'lastUpdateUser', 'Last Update User', 0, 'S', 'USR', 'lastupdateuser', 5.000000000000000e+000, 0, 8.000000000000000e+000, 0, 1.200000000000000e+001);
INSERT INTO `app_lookuptable_fields` VALUES('CPM', 'description', 'Description', 1, 'S', NULL, 'description', 2.000000000000000e+000, 0, 2.000000000000000e+000, 0, 8.000000000000000e+001);
INSERT INTO `app_lookuptable_fields` VALUES('CPM', 'id', 'ID', 0, 'N', NULL, 'id', 1.000000000000000e+000, 0, 1.000000000000000e+000, 1, NULL);
INSERT INTO `app_lookuptable_fields` VALUES('CPM', 'isactive', 'Active?', 1, 'B', NULL, 'isactive', 3.000000000000000e+000, 0, 3.000000000000000e+000, 0, NULL);
INSERT INTO `app_lookuptable_fields` VALUES('CPM', 'lastUpdateDate', 'Last Update Date', 0, 'D', NULL, 'lastupdatedate', 6.000000000000000e+000, 0, 9.000000000000000e+000, 0, 0.000000000000000e+000);
INSERT INTO `app_lookuptable_fields` VALUES('CPM', 'lastUpdateUser', 'Last Update User', 0, 'S', 'USR', 'lastupdateuser', 5.000000000000000e+000, 0, 8.000000000000000e+000, 0, 1.200000000000000e+001);
INSERT INTO `app_lookuptable_fields` VALUES('CPO', 'description', 'Description', 1, 'S', NULL, 'description', 2.000000000000000e+000, 0, 2.000000000000000e+000, 0, 8.000000000000000e+001);
INSERT INTO `app_lookuptable_fields` VALUES('CPO', 'id', 'ID', 0, 'N', NULL, 'id', 1.000000000000000e+000, 0, 1.000000000000000e+000, 1, NULL);
INSERT INTO `app_lookuptable_fields` VALUES('CPO', 'isactive', 'Active?', 1, 'B', NULL, 'isactive', 3.000000000000000e+000, 0, 3.000000000000000e+000, 0, NULL);
INSERT INTO `app_lookuptable_fields` VALUES('CPO', 'lastUpdateDate', 'Last Update Date', 0, 'D', NULL, 'lastupdatedate', 6.000000000000000e+000, 0, 9.000000000000000e+000, 0, 0.000000000000000e+000);
INSERT INTO `app_lookuptable_fields` VALUES('CPO', 'lastUpdateUser', 'Last Update User', 0, 'S', 'USR', 'lastupdateuser', 5.000000000000000e+000, 0, 8.000000000000000e+000, 0, 1.200000000000000e+001);
INSERT INTO `app_lookuptable_fields` VALUES('CPS', 'description', 'Description', 1, 'S', NULL, 'description', 2.000000000000000e+000, 0, 2.000000000000000e+000, 0, 8.000000000000000e+001);
INSERT INTO `app_lookuptable_fields` VALUES('CPS', 'id', 'ID', 0, 'N', NULL, 'id', 1.000000000000000e+000, 0, 1.000000000000000e+000, 1, NULL);
INSERT INTO `app_lookuptable_fields` VALUES('CPS', 'isactive', 'Active?', 1, 'B', NULL, 'isactive', 3.000000000000000e+000, 0, 3.000000000000000e+000, 0, NULL);
INSERT INTO `app_lookuptable_fields` VALUES('CPS', 'lastUpdateDate', 'Last Update Date', 0, 'D', NULL, 'lastupdatedate', 6.000000000000000e+000, 0, 9.000000000000000e+000, 0, 0.000000000000000e+000);
INSERT INTO `app_lookuptable_fields` VALUES('CPS', 'lastUpdateUser', 'Last Update User', 0, 'S', 'USR', 'lastupdateuser', 5.000000000000000e+000, 0, 8.000000000000000e+000, 0, 1.200000000000000e+001);
INSERT INTO `app_lookuptable_fields` VALUES('CSA', 'code', 'Code', 0, 'N', NULL, 'code', 1.000000000000000e+000, 0, 1.000000000000000e+000, 1, 8.000000000000000e+000);
INSERT INTO `app_lookuptable_fields` VALUES('CSA', 'description', 'Description', 1, 'S', NULL, 'description', 2.000000000000000e+000, 0, 2.000000000000000e+000, 0, 8.000000000000000e+001);
INSERT INTO `app_lookuptable_fields` VALUES('CSA', 'isactive', 'Active?', 1, 'B', NULL, 'isactive', 3.000000000000000e+000, 0, 3.000000000000000e+000, 0, NULL);
INSERT INTO `app_lookuptable_fields` VALUES('CSA', 'lastUpdateDate', 'Last Update Date', 0, 'D', NULL, 'lastupdatedate', 6.000000000000000e+000, 0, 9.000000000000000e+000, 0, 0.000000000000000e+000);
INSERT INTO `app_lookuptable_fields` VALUES('CSA', 'lastUpdateUser', 'Last Update User', 0, 'S', 'USR', 'lastupdateuser', 5.000000000000000e+000, 0, 8.000000000000000e+000, 0, 1.200000000000000e+001);
INSERT INTO `app_lookuptable_fields` VALUES('CST', 'description', 'Description', 0, 'S', NULL, 'description', 2.000000000000000e+000, 0, 2.000000000000000e+000, 0, 8.000000000000000e+001);
INSERT INTO `app_lookuptable_fields` VALUES('CST', 'id', 'ID', 0, 'N', NULL, 'id', 1.000000000000000e+000, 0, 1.000000000000000e+000, 1, NULL);
INSERT INTO `app_lookuptable_fields` VALUES('CST', 'isactive', 'Active?', 0, 'B', NULL, 'isactive', 3.000000000000000e+000, 0, 3.000000000000000e+000, 0, NULL);
INSERT INTO `app_lookuptable_fields` VALUES('CST', 'lastUpdateDate', 'Last Update Date', 0, 'D', NULL, 'lastupdatedate', 6.000000000000000e+000, 0, 9.000000000000000e+000, 0, 0.000000000000000e+000);
INSERT INTO `app_lookuptable_fields` VALUES('CST', 'lastUpdateUser', 'Last Update User', 0, 'S', 'USR', 'lastupdateuser', 5.000000000000000e+000, 0, 8.000000000000000e+000, 0, 1.200000000000000e+001);
INSERT INTO `app_lookuptable_fields` VALUES('CTS', 'code', 'CODE', 0, 'S', NULL, 'code', 1.000000000000000e+000, 0, 1.000000000000000e+000, 0, NULL);
INSERT INTO `app_lookuptable_fields` VALUES('CTS', 'description', 'DESCRIPTION', 0, 'S', NULL, 'description', 2.000000000000000e+000, 0, 2.000000000000000e+000, 0, NULL);
INSERT INTO `app_lookuptable_fields` VALUES('DCT', 'code', 'Code', 1, 'S', NULL, 'code', 1.000000000000000e+000, 0, 1.000000000000000e+000, 0, 3.000000000000000e+000);
INSERT INTO `app_lookuptable_fields` VALUES('DCT', 'description', 'Description', 1, 'S', NULL, 'description', 2.000000000000000e+000, 0, 2.000000000000000e+000, 0, 8.000000000000000e+001);
INSERT INTO `app_lookuptable_fields` VALUES('DCT', 'isactive', 'Active?', 1, 'B', NULL, 'isactive', 3.000000000000000e+000, 0, 3.000000000000000e+000, 0, NULL);
INSERT INTO `app_lookuptable_fields` VALUES('DCT', 'lastUpdateDate', 'Last Update Date', 0, 'D', NULL, 'lastupdatedate', 6.000000000000000e+000, 0, 9.000000000000000e+000, 0, 0.000000000000000e+000);
INSERT INTO `app_lookuptable_fields` VALUES('DCT', 'lastUpdateUser', 'Last Update User', 0, 'S', 'USR', 'lastupdateuser', 5.000000000000000e+000, 0, 8.000000000000000e+000, 0, 1.200000000000000e+001);
INSERT INTO `app_lookuptable_fields` VALUES('DRN', 'CODE', 'Code', 1, 'N', NULL, 'code', 1.000000000000000e+000, 1, 1.000000000000000e+000, 0, NULL);
INSERT INTO `app_lookuptable_fields` VALUES('DRN', 'DESCRIPTION', 'Description', 1, 'S', NULL, 'description', 2.000000000000000e+000, 0, 2.000000000000000e+000, 0, 8.000000000000000e+001);
INSERT INTO `app_lookuptable_fields` VALUES('DRN', 'DISPLAYORDER', 'Display Order', 1, 'N', NULL, 'displayorder', 5.000000000000000e+000, 0, 4.000000000000000e+000, 0, NULL);
INSERT INTO `app_lookuptable_fields` VALUES('DRN', 'ISACTIVE', 'Active?', 1, 'B', NULL, 'isactive', 4.000000000000000e+000, 0, 3.000000000000000e+000, 0, NULL);
INSERT INTO `app_lookuptable_fields` VALUES('DRN', 'NEEDSECONDARY', 'Has Associated Secondary Reason?', 1, 'N', NULL, 'needsecondary', 3.000000000000000e+000, 0, 6.000000000000000e+000, 0, NULL);
INSERT INTO `app_lookuptable_fields` VALUES('DRN', 'lastUpdateDate', 'Last Update Date', 0, 'D', NULL, 'lastupdatedate', 7.000000000000000e+000, 0, 9.000000000000000e+000, 0, 0.000000000000000e+000);
INSERT INTO `app_lookuptable_fields` VALUES('DRN', 'lastUpdateUser', 'Last Update User', 0, 'S', 'USR', 'lastupdateuser', 6.000000000000000e+000, 0, 8.000000000000000e+000, 0, 1.200000000000000e+001);
INSERT INTO `app_lookuptable_fields` VALUES('DTT', 'code', 'Code', 0, 'S', NULL, 'code', 1.000000000000000e+000, 0, 1.000000000000000e+000, 0, 8.000000000000000e+000);
INSERT INTO `app_lookuptable_fields` VALUES('DTT', 'description', 'Description', 1, 'S', NULL, 'mime', 2.000000000000000e+000, 0, 2.000000000000000e+000, 0, 8.000000000000000e+001);
INSERT INTO `app_lookuptable_fields` VALUES('DTT', 'isactive', 'Active?', 1, 'B', NULL, 'isactive', 3.000000000000000e+000, 0, 3.000000000000000e+000, 0, NULL);
INSERT INTO `app_lookuptable_fields` VALUES('DTT', 'lastUpdateDate', 'Last Update Date', 0, 'D', NULL, 'lastupdatedate', 8.000000000000000e+000, 0, 9.000000000000000e+000, 0, 0.000000000000000e+000);
INSERT INTO `app_lookuptable_fields` VALUES('DTT', 'lastUpdateUser', 'Last Update User', 0, 'S', 'USR', 'lastupdateuser', 7.000000000000000e+000, 0, 8.000000000000000e+000, 0, 1.200000000000000e+001);
INSERT INTO `app_lookuptable_fields` VALUES('DTT', 'shortdesc', 'Short Description', 1, 'S', NULL, 'shortdesc', 6.000000000000000e+000, 0, 6.000000000000000e+000, 0, 1.000000000000000e+001);
INSERT INTO `app_lookuptable_fields` VALUES('FAC', 'active', 'ACTIVE', 0, 'N', NULL, 'active', 8.000000000000000e+000, 0, 3.000000000000000e+000, 0, NULL);
INSERT INTO `app_lookuptable_fields` VALUES('FAC', 'contact_email', 'Contact Email', 1, 'S', NULL, 'contact_email', 5.000000000000000e+000, 0, 0.000000000000000e+000, 0, 2.550000000000000e+002);
INSERT INTO `app_lookuptable_fields` VALUES('FAC', 'contact_name', 'Contact Name', 1, 'S', NULL, 'contact_name', 4.000000000000000e+000, 0, 0.000000000000000e+000, 0, 2.550000000000000e+002);
INSERT INTO `app_lookuptable_fields` VALUES('FAC', 'contact_phone', 'Contact Phone', 1, 'S', NULL, 'contact_phone', 6.000000000000000e+000, 0, 0.000000000000000e+000, 0, 2.550000000000000e+002);
INSERT INTO `app_lookuptable_fields` VALUES('FAC', 'description', 'Description', 1, 'S', NULL, 'description', 3.000000000000000e+000, 0, 0.000000000000000e+000, 0, 8.000000000000000e+001);
INSERT INTO `app_lookuptable_fields` VALUES('FAC', 'hic', 'HIC', 1, 'S', NULL, 'hic', 7.000000000000000e+000, 0, 0.000000000000000e+000, 0, 1.000000000000000e+000);
INSERT INTO `app_lookuptable_fields` VALUES('FAC', 'id', 'ID', 0, 'N', NULL, 'id', 1.000000000000000e+000, 1, 1.000000000000000e+000, 0, NULL);
INSERT INTO `app_lookuptable_fields` VALUES('FAC', 'lastUpdateDate', 'Last Update Date', 0, 'D', NULL, 'lastupdatedate', 1.200000000000000e+001, 0, 9.000000000000000e+000, 0, 0.000000000000000e+000);
INSERT INTO `app_lookuptable_fields` VALUES('FAC', 'lastUpdateUser', 'Last Update User', 0, 'S', 'USR', 'lastupdateuser', 1.100000000000000e+001, 0, 8.000000000000000e+000, 0, 1.200000000000000e+001);
INSERT INTO `app_lookuptable_fields` VALUES('FAC', 'name', 'Name', 1, 'S', NULL, 'name', 2.000000000000000e+000, 0, 2.000000000000000e+000, 0, 3.200000000000000e+001);
INSERT INTO `app_lookuptable_fields` VALUES('FAC', 'org_id', 'ORG ID', 1, 'N', NULL, 'org_id', 9.000000000000000e+000, 0, 5.000000000000000e+000, 0, NULL);
INSERT INTO `app_lookuptable_fields` VALUES('FAC', 'sector_id', 'Sector ID', 1, 'N', NULL, 'sector_id', 1.000000000000000e+001, 0, 0.000000000000000e+000, 0, NULL);
INSERT INTO `app_lookuptable_fields` VALUES('FCT', 'DESCRIPTION', 'Description', 1, 'S', NULL, 'description', 2.000000000000000e+000, 0, 2.000000000000000e+000, 0, 8.000000000000000e+001);
INSERT INTO `app_lookuptable_fields` VALUES('FCT', 'DISPLAYORDER', 'Display Order', 1, 'N', NULL, 'displayorder', 4.000000000000000e+000, 0, 4.000000000000000e+000, 0, NULL);
INSERT INTO `app_lookuptable_fields` VALUES('FCT', 'ID', 'Id', 0, 'N', NULL, 'id', 1.000000000000000e+000, 1, 1.000000000000000e+000, 1, NULL);
INSERT INTO `app_lookuptable_fields` VALUES('FCT', 'ISACTIVE', 'Active?', 1, 'B', NULL, 'isactive', 3.000000000000000e+000, 0, 3.000000000000000e+000, 0, NULL);
INSERT INTO `app_lookuptable_fields` VALUES('FCT', 'lastUpdateDate', 'Last Update Date', 0, 'D', NULL, 'lastupdatedate', 6.000000000000000e+000, 0, 9.000000000000000e+000, 0, 0.000000000000000e+000);
INSERT INTO `app_lookuptable_fields` VALUES('FCT', 'lastUpdateUser', 'Last Update User', 0, 'S', 'USR', 'lastupdateuser', 5.000000000000000e+000, 0, 8.000000000000000e+000, 0, 1.200000000000000e+001);
INSERT INTO `app_lookuptable_fields` VALUES('FRA', 'code', 'Code', 0, 'S', NULL, 'code', 1.000000000000000e+000, 0, 1.000000000000000e+000, 0, 2.000000000000000e+000);
INSERT INTO `app_lookuptable_fields` VALUES('FRA', 'description', 'Description', 1, 'S', NULL, 'description', 2.000000000000000e+000, 0, 2.000000000000000e+000, 0, 8.000000000000000e+001);
INSERT INTO `app_lookuptable_fields` VALUES('FRA', 'isactive', 'Active?', 1, 'B', NULL, 'isactive', 3.000000000000000e+000, 0, 3.000000000000000e+000, 0, NULL);
INSERT INTO `app_lookuptable_fields` VALUES('FRA', 'lastUpdateDate', 'Last Update Date', 0, 'D', NULL, 'lastupdatedate', 6.000000000000000e+000, 0, 9.000000000000000e+000, 0, 0.000000000000000e+000);
INSERT INTO `app_lookuptable_fields` VALUES('FRA', 'lastUpdateUser', 'Last Update User', 0, 'S', 'USR', 'lastupdateuser', 5.000000000000000e+000, 0, 8.000000000000000e+000, 0, 1.200000000000000e+001);
INSERT INTO `app_lookuptable_fields` VALUES('FTY', 'activeyn', 'ACTIVEYN', 1, 'N', NULL, 'activeyn', 3.000000000000000e+000, 0, 3.000000000000000e+000, 0, NULL);
INSERT INTO `app_lookuptable_fields` VALUES('FTY', 'code', 'CODE', 0, 'S', NULL, 'code', 1.000000000000000e+000, 0, 1.000000000000000e+000, 0, 2.000000000000000e+000);
INSERT INTO `app_lookuptable_fields` VALUES('FTY', 'description', 'DESCRIPTION', 1, 'S', NULL, 'description', 2.000000000000000e+000, 0, 2.000000000000000e+000, 0, 8.000000000000000e+001);
INSERT INTO `app_lookuptable_fields` VALUES('FTY', 'lastUpdateDate', 'Last Update Date', 0, 'D', NULL, 'lastupdatedate', 6.000000000000000e+000, 0, 9.000000000000000e+000, 0, 0.000000000000000e+000);
INSERT INTO `app_lookuptable_fields` VALUES('FTY', 'lastUpdateUser', 'Last Update User', 0, 'S', 'USR', 'lastupdateuser', 5.000000000000000e+000, 0, 8.000000000000000e+000, 0, 1.200000000000000e+001);
INSERT INTO `app_lookuptable_fields` VALUES('FUN', 'description', 'Description', 0, 'S', NULL, 'description', 2.000000000000000e+000, 0, 2.000000000000000e+000, 0, 8.000000000000000e+001);
INSERT INTO `app_lookuptable_fields` VALUES('FUN', 'note', 'Comment', 0, 'S', NULL, 'note', 4.000000000000000e+000, 0, 6.000000000000000e+000, 0, 4.000000000000000e+003);
INSERT INTO `app_lookuptable_fields` VALUES('FUN', 'objectname', 'Function Name', 0, 'S', NULL, 'objectname', 1.000000000000000e+000, 1, 1.000000000000000e+000, 0, 1.000000000000000e+002);
INSERT INTO `app_lookuptable_fields` VALUES('FUN', 'orgapplicable', 'ORG Security Applicable', 0, 'B', NULL, 'orgapplicable', 3.000000000000000e+000, 0, 0.000000000000000e+000, 0, NULL);
INSERT INTO `app_lookuptable_fields` VALUES('GEN', 'CODE', 'Code', 1, 'S', NULL, 'code', 1.000000000000000e+000, 1, 1.000000000000000e+000, 0, 1.000000000000000e+000);
INSERT INTO `app_lookuptable_fields` VALUES('GEN', 'DESCRIPTION', 'Description', 1, 'S', NULL, 'description', 2.000000000000000e+000, 0, 2.000000000000000e+000, 0, 8.000000000000000e+001);
INSERT INTO `app_lookuptable_fields` VALUES('GEN', 'DISPLAYORDER', 'Display Order', 1, 'N', NULL, 'displayorder', 4.000000000000000e+000, 0, 4.000000000000000e+000, 0, NULL);
INSERT INTO `app_lookuptable_fields` VALUES('GEN', 'ISACTIVE', 'Active?', 1, 'B', NULL, 'isactive', 3.000000000000000e+000, 0, 3.000000000000000e+000, 0, NULL);
INSERT INTO `app_lookuptable_fields` VALUES('PRO', 'lastUpdateDate', 'Last Update Date', 0, 'D', NULL, 'lastupdatedate', 4.100000000000000e+001, 0, 9.000000000000000e+000, 0, 0.000000000000000e+000);
INSERT INTO `app_lookuptable_fields` VALUES('PRO', 'lastUpdateUser', 'Last Update User', 0, 'S', 'USR', 'lastupdateuser', 4.000000000000000e+001, 0, 8.000000000000000e+000, 0, 1.200000000000000e+001);
INSERT INTO `app_lookuptable_fields` VALUES('PRO', 'location', 'Location', 1, 'S', NULL, 'location', 1.400000000000000e+001, 0, 0.000000000000000e+000, 0, 7.000000000000000e+001);
INSERT INTO `app_lookuptable_fields` VALUES('PRO', 'manorwoman', 'Man or Woman', 1, 'S', NULL, 'manorwoman', 2.300000000000000e+001, 0, 0.000000000000000e+000, 0, 6.000000000000000e+000);
INSERT INTO `app_lookuptable_fields` VALUES('PRO', 'max_allowed', 'Max Allowed', 1, 'N', NULL, 'max_allowed', 1.500000000000000e+001, 0, 0.000000000000000e+000, 0, NULL);
INSERT INTO `app_lookuptable_fields` VALUES('PRO', 'maximum_restriction_days', 'Maximum Restriction Days', 1, 'N', NULL, 'maximum_restriction_days', 3.300000000000000e+001, 0, 0.000000000000000e+000, 0, NULL);
INSERT INTO `app_lookuptable_fields` VALUES('PRO', 'mentalhealth', 'Mental Health', 1, 'N', NULL, 'mentalhealth', 3.000000000000000e+001, 0, 0.000000000000000e+000, 0, NULL);
INSERT INTO `app_lookuptable_fields` VALUES('PRO', 'name', 'Name', 1, 'S', NULL, 'name', 5.000000000000000e+000, 0, 2.000000000000000e+000, 0, 7.000000000000000e+001);
INSERT INTO `app_lookuptable_fields` VALUES('PRO', 'num_of_members', 'Number of Members', 1, 'N', NULL, 'num_of_members', 1.600000000000000e+001, 0, 0.000000000000000e+000, 0, NULL);
INSERT INTO `app_lookuptable_fields` VALUES('PRO', 'phone', 'Phone', 1, 'S', NULL, 'phone', 8.000000000000000e+000, 0, 0.000000000000000e+000, 0, 2.550000000000000e+002);
INSERT INTO `app_lookuptable_fields` VALUES('PRO', 'physicalhealth', 'Physical Health', 1, 'N', NULL, 'physicalhealth', 2.900000000000000e+001, 0, 0.000000000000000e+000, 0, NULL);
INSERT INTO `app_lookuptable_fields` VALUES('PRO', 'program_id', 'Program ID', 1, 'N', NULL, 'program_id', 1.000000000000000e+000, 0, 1.000000000000000e+000, 0, NULL);
INSERT INTO `app_lookuptable_fields` VALUES('PRO', 'program_status', 'Program Status', 1, 'S', NULL, 'program_status', 3.000000000000000e+000, 0, 3.000000000000000e+000, 0, 8.000000000000000e+000);
INSERT INTO `app_lookuptable_fields` VALUES('PRO', 'transgender', 'Transgender', 1, 'N', NULL, 'transgender', 2.400000000000000e+001, 0, 0.000000000000000e+000, 0, NULL);
INSERT INTO `app_lookuptable_fields` VALUES('PRO', 'type', 'Type', 1, 'S', NULL, 'type', 1.300000000000000e+001, 0, 6.000000000000000e+000, 0, 5.000000000000000e+001);
INSERT INTO `app_lookuptable_fields` VALUES('PRO', 'url', 'URL', 1, 'S', NULL, 'url', 1.000000000000000e+001, 0, 0.000000000000000e+000, 0, 2.550000000000000e+002);
INSERT INTO `app_lookuptable_fields` VALUES('PRO', 'userdefined', 'User Defined', 1, 'N', NULL, 'userdefined', 2.000000000000000e+000, 0, 0.000000000000000e+000, 0, NULL);
INSERT INTO `app_lookuptable_fields` VALUES('PRP', 'id', 'ID', 0, 'N', NULL, 'id', 1.000000000000000e+000, 0, 1.000000000000000e+000, 0, NULL);
INSERT INTO `app_lookuptable_fields` VALUES('PRP', 'lastupdatedate', 'Last Update Date', 0, 'D', NULL, 'lastupdatedate', 5.000000000000000e+000, 0, 9.000000000000000e+000, 0, NULL);
INSERT INTO `app_lookuptable_fields` VALUES('PRP', 'name', 'Key', 0, 'S', NULL, 'name', 2.000000000000000e+000, 1, 2.000000000000000e+000, 0, NULL);
INSERT INTO `app_lookuptable_fields` VALUES('PRP', 'provider_no', 'Last Update User', 0, 'S', 'USR', 'provider_no', 4.000000000000000e+000, 0, 8.000000000000000e+000, 0, NULL);
INSERT INTO `app_lookuptable_fields` VALUES('PRP', 'value', 'Value', 1, 'S', NULL, 'value', 3.000000000000000e+000, 0, 6.000000000000000e+000, 0, NULL);
INSERT INTO `app_lookuptable_fields` VALUES('PRV', 'description', 'Description', 0, 'S', NULL, 'description', 3.000000000000000e+000, 0, 2.000000000000000e+000, 0, 8.000000000000000e+001);
INSERT INTO `app_lookuptable_fields` VALUES('PRV', 'id', 'Id', 0, 'N', NULL, 'id', 1.000000000000000e+000, 0, 0.000000000000000e+000, 0, NULL);
INSERT INTO `app_lookuptable_fields` VALUES('PRV', 'privilege', 'Access Type', 0, 'S', NULL, 'privilege', 2.000000000000000e+000, 0, 1.000000000000000e+000, 0, 5.000000000000000e+000);
INSERT INTO `app_lookuptable_fields` VALUES('PTY', 'code', 'Code', 0, 'S', NULL, 'code', 1.000000000000000e+000, 0, 1.000000000000000e+000, 0, 2.000000000000000e+001);
INSERT INTO `app_lookuptable_fields` VALUES('PTY', 'description', 'Description', 0, 'S', NULL, 'description', 2.000000000000000e+000, 0, 2.000000000000000e+000, 0, 8.000000000000000e+001);
INSERT INTO `app_lookuptable_fields` VALUES('PTY', 'isactive', 'Active?', 0, 'B', NULL, 'isactive', 3.000000000000000e+000, 0, 3.000000000000000e+000, 0, NULL);
INSERT INTO `app_lookuptable_fields` VALUES('PTY', 'lastUpdateDate', 'Last Update Date', 0, 'D', NULL, 'lastupdatedate', 6.000000000000000e+000, 0, 9.000000000000000e+000, 0, 0.000000000000000e+000);
INSERT INTO `app_lookuptable_fields` VALUES('PTY', 'lastUpdateUser', 'Last Update User', 0, 'S', 'USR', 'lastupdateuser', 5.000000000000000e+000, 0, 8.000000000000000e+000, 0, 1.200000000000000e+001);
INSERT INTO `app_lookuptable_fields` VALUES('RFB', 'code', 'Code', 0, 'N', NULL, 'code', 1.000000000000000e+000, 0, 1.000000000000000e+000, 1, 8.000000000000000e+000);
INSERT INTO `app_lookuptable_fields` VALUES('RFB', 'description', 'Description', 1, 'S', NULL, 'description', 2.000000000000000e+000, 0, 2.000000000000000e+000, 0, 8.000000000000000e+001);
INSERT INTO `app_lookuptable_fields` VALUES('RFB', 'isactive', 'Active?', 1, 'B', NULL, 'isactive', 3.000000000000000e+000, 0, 3.000000000000000e+000, 0, NULL);
INSERT INTO `app_lookuptable_fields` VALUES('RFB', 'lastUpdateDate', 'Last Update Date', 0, 'D', NULL, 'lastupdatedate', 6.000000000000000e+000, 0, 9.000000000000000e+000, 0, 0.000000000000000e+000);
INSERT INTO `app_lookuptable_fields` VALUES('RFB', 'lastUpdateUser', 'Last Update User', 0, 'S', 'USR', 'lastupdateuser', 5.000000000000000e+000, 0, 8.000000000000000e+000, 0, 1.200000000000000e+001);
INSERT INTO `app_lookuptable_fields` VALUES('RFT', 'code', 'Code', 0, 'N', NULL, 'code', 1.000000000000000e+000, 0, 1.000000000000000e+000, 1, 8.000000000000000e+000);
INSERT INTO `app_lookuptable_fields` VALUES('RFT', 'description', 'Description', 1, 'S', NULL, 'description', 2.000000000000000e+000, 0, 2.000000000000000e+000, 0, 8.000000000000000e+001);
INSERT INTO `app_lookuptable_fields` VALUES('RFT', 'isactive', 'Active?', 1, 'B', NULL, 'isactive', 3.000000000000000e+000, 0, 3.000000000000000e+000, 0, NULL);
INSERT INTO `app_lookuptable_fields` VALUES('RFT', 'lastUpdateDate', 'Last Update Date', 0, 'D', NULL, 'lastupdatedate', 6.000000000000000e+000, 0, 9.000000000000000e+000, 0, 0.000000000000000e+000);
INSERT INTO `app_lookuptable_fields` VALUES('RFT', 'lastUpdateUser', 'Last Update User', 0, 'S', 'USR', 'lastupdateuser', 5.000000000000000e+000, 0, 8.000000000000000e+000, 0, 1.200000000000000e+001);
INSERT INTO `app_lookuptable_fields` VALUES('RHL', 'code', 'Code', 0, 'N', NULL, 'code', 1.000000000000000e+000, 0, 1.000000000000000e+000, 1, 8.000000000000000e+000);
INSERT INTO `app_lookuptable_fields` VALUES('RHL', 'description', 'Description', 1, 'S', NULL, 'description', 2.000000000000000e+000, 0, 2.000000000000000e+000, 0, 8.000000000000000e+001);
INSERT INTO `app_lookuptable_fields` VALUES('RHL', 'isactive', 'Active?', 1, 'B', NULL, 'isactive', 3.000000000000000e+000, 0, 3.000000000000000e+000, 0, NULL);
INSERT INTO `app_lookuptable_fields` VALUES('RHL', 'lastUpdateDate', 'Last Update Date', 0, 'D', NULL, 'lastupdatedate', 6.000000000000000e+000, 0, 9.000000000000000e+000, 0, 0.000000000000000e+000);
INSERT INTO `app_lookuptable_fields` VALUES('RHL', 'lastUpdateUser', 'Last Update User', 0, 'S', 'USR', 'lastupdateuser', 5.000000000000000e+000, 0, 8.000000000000000e+000, 0, 1.200000000000000e+001);
INSERT INTO `app_lookuptable_fields` VALUES('RNA', 'code', 'Code', 0, 'N', NULL, 'code', 1.000000000000000e+000, 0, 1.000000000000000e+000, 1, 8.000000000000000e+000);
INSERT INTO `app_lookuptable_fields` VALUES('RNA', 'description', 'Description', 1, 'S', NULL, 'description', 2.000000000000000e+000, 0, 2.000000000000000e+000, 0, 8.000000000000000e+001);
INSERT INTO `app_lookuptable_fields` VALUES('RNA', 'isactive', 'Active?', 1, 'B', NULL, 'isactive', 3.000000000000000e+000, 0, 3.000000000000000e+000, 0, NULL);
INSERT INTO `app_lookuptable_fields` VALUES('RNA', 'lastUpdateDate', 'Last Update Date', 0, 'D', NULL, 'lastupdatedate', 6.000000000000000e+000, 0, 9.000000000000000e+000, 0, 0.000000000000000e+000);
INSERT INTO `app_lookuptable_fields` VALUES('RNA', 'lastUpdateUser', 'Last Update User', 0, 'S', 'USR', 'lastupdateuser', 5.000000000000000e+000, 0, 8.000000000000000e+000, 0, 1.200000000000000e+001);
INSERT INTO `app_lookuptable_fields` VALUES('RNS', 'code', 'Code', 1, 'S', NULL, 'code', 1.000000000000000e+000, 0, 1.000000000000000e+000, 0, 2.000000000000000e+000);
INSERT INTO `app_lookuptable_fields` VALUES('RNS', 'description', 'Description', 1, 'S', NULL, 'description', 2.000000000000000e+000, 0, 2.000000000000000e+000, 0, 8.000000000000000e+001);
INSERT INTO `app_lookuptable_fields` VALUES('RNS', 'isactive', 'Active?', 1, 'B', NULL, 'isactive', 3.000000000000000e+000, 0, 3.000000000000000e+000, 0, NULL);
INSERT INTO `app_lookuptable_fields` VALUES('RNS', 'lastUpdateDate', 'Last Update Date', 0, 'D', NULL, 'lastupdatedate', 6.000000000000000e+000, 0, 9.000000000000000e+000, 0, 0.000000000000000e+000);
INSERT INTO `app_lookuptable_fields` VALUES('RNS', 'lastUpdateUser', 'Last Update User', 0, 'S', 'USR', 'lastupdateuser', 5.000000000000000e+000, 0, 8.000000000000000e+000, 0, 1.200000000000000e+001);
INSERT INTO `app_lookuptable_fields` VALUES('ROL', 'description', 'Description', 1, 'S', NULL, 'description', 2.000000000000000e+000, 0, 2.000000000000000e+000, 0, 8.000000000000000e+001);
INSERT INTO `app_lookuptable_fields` VALUES('ROL', 'isactive', 'Active?', 1, 'B', NULL, 'isactive', 3.000000000000000e+000, 0, 3.000000000000000e+000, 0, NULL);
INSERT INTO `app_lookuptable_fields` VALUES('ROL', 'lastUpdateDate', 'Last Update Date', 0, 'D', NULL, 'lastupdatedate', 6.000000000000000e+000, 0, 9.000000000000000e+000, 0, 0.000000000000000e+000);
INSERT INTO `app_lookuptable_fields` VALUES('ROL', 'lastUpdateUser', 'Last Update User', 0, 'S', 'USR', 'lastupdateuser', 5.000000000000000e+000, 0, 8.000000000000000e+000, 0, 1.200000000000000e+001);
INSERT INTO `app_lookuptable_fields` VALUES('ROL', 'role_name', 'Role Name', 1, 'S', NULL, 'role_name', 1.000000000000000e+000, 0, 1.000000000000000e+000, 0, 3.000000000000000e+001);
INSERT INTO `app_lookuptable_fields` VALUES('RSV', 'code', 'Code', 0, 'N', NULL, 'code', 1.000000000000000e+000, 0, 1.000000000000000e+000, 1, NULL);
INSERT INTO `app_lookuptable_fields` VALUES('RSV', 'description', 'Description', 1, 'S', NULL, 'description', 2.000000000000000e+000, 0, 2.000000000000000e+000, 0, NULL);
INSERT INTO `app_lookuptable_fields` VALUES('RSV', 'isactive', 'Active', 1, 'B', NULL, 'isactive', 3.000000000000000e+000, 0, 3.000000000000000e+000, 0, NULL);
INSERT INTO `app_lookuptable_fields` VALUES('RSV', 'lastUpdateDate', 'Last Update Date', 0, 'D', NULL, 'lastupdatedate', 6.000000000000000e+000, 0, 9.000000000000000e+000, 0, 0.000000000000000e+000);
INSERT INTO `app_lookuptable_fields` VALUES('RSV', 'lastUpdateUser', 'Last Update User', 0, 'S', 'USR', 'lastupdateuser', 5.000000000000000e+000, 0, 8.000000000000000e+000, 0, 1.200000000000000e+001);
INSERT INTO `app_lookuptable_fields` VALUES('RTP', 'isactive', 'Active', 1, 'B', NULL, 'isactive', 5.000000000000000e+000, 0, 3.000000000000000e+000, 0, NULL);
INSERT INTO `app_lookuptable_fields` VALUES('RTP', 'lastupdatedate', 'Last Update Date', 0, 'D', NULL, 'lastupdatedate', 7.000000000000000e+000, 0, 9.000000000000000e+000, 0, NULL);
INSERT INTO `app_lookuptable_fields` VALUES('RTP', 'lastupdateuser', 'Last Update User', 0, 'S', 'USR', 'lastupdateuser', 6.000000000000000e+000, 0, 8.000000000000000e+000, 0, NULL);
INSERT INTO `app_lookuptable_fields` VALUES('RTP', 'name', 'Room Type Desc', 1, 'S', NULL, 'name', 2.000000000000000e+000, 0, 2.000000000000000e+000, 0, NULL);
INSERT INTO `app_lookuptable_fields` VALUES('RTP', 'room_type_id', 'Room Type Id', 1, 'N', NULL, 'room_type_id', 1.000000000000000e+000, 0, 1.000000000000000e+000, 0, NULL);
INSERT INTO `app_lookuptable_fields` VALUES('SCA', 'code', 'Code', 0, 'N', NULL, 'code', 1.000000000000000e+000, 0, 1.000000000000000e+000, 1, 8.000000000000000e+000);
INSERT INTO `app_lookuptable_fields` VALUES('SCA', 'description', 'Description', 1, 'S', NULL, 'description', 2.000000000000000e+000, 0, 2.000000000000000e+000, 0, 8.000000000000000e+001);
INSERT INTO `app_lookuptable_fields` VALUES('SCA', 'isactive', 'Active?', 1, 'B', NULL, 'isactive', 3.000000000000000e+000, 0, 3.000000000000000e+000, 0, NULL);
INSERT INTO `app_lookuptable_fields` VALUES('SCA', 'lastUpdateDate', 'Last Update Date', 0, 'D', NULL, 'lastupdatedate', 6.000000000000000e+000, 0, 9.000000000000000e+000, 0, 0.000000000000000e+000);
INSERT INTO `app_lookuptable_fields` VALUES('SCA', 'lastUpdateUser', 'Last Update User', 0, 'S', 'USR', 'lastupdateuser', 5.000000000000000e+000, 0, 8.000000000000000e+000, 0, 1.200000000000000e+001);
INSERT INTO `app_lookuptable_fields` VALUES('SEC', 'description', 'Description', 1, 'S', NULL, 'description', 2.000000000000000e+000, 0, 2.000000000000000e+000, 0, 8.000000000000000e+001);
INSERT INTO `app_lookuptable_fields` VALUES('SEC', 'id', 'Id', 0, 'N', NULL, 'id', 1.000000000000000e+000, 1, 1.000000000000000e+000, 1, NULL);
INSERT INTO `app_lookuptable_fields` VALUES('SEC', 'isactive', 'Active?', 1, 'B', NULL, 'isactive', 3.000000000000000e+000, 0, 3.000000000000000e+000, 0, NULL);
INSERT INTO `app_lookuptable_fields` VALUES('SEC', 'lastUpdateDate', 'Last Update Date', 0, 'D', NULL, 'lastupdatedate', 6.000000000000000e+000, 0, 9.000000000000000e+000, 0, 0.000000000000000e+000);
INSERT INTO `app_lookuptable_fields` VALUES('SEC', 'lastUpdateUser', 'Last Update User', 0, 'S', 'USR', 'lastupdateuser', 5.000000000000000e+000, 0, 8.000000000000000e+000, 0, 1.200000000000000e+001);
INSERT INTO `app_lookuptable_fields` VALUES('SHL', 'active', 'Active', 1, 'B', NULL, 'active', 5.000000000000000e+000, 0, 3.000000000000000e+000, 0, NULL);
INSERT INTO `app_lookuptable_fields` VALUES('SHL', 'city', 'City', 1, 'S', NULL, 'city', 1.000000000000000e+001, 0, 1.200000000000000e+001, 0, 3.200000000000000e+001);
INSERT INTO `app_lookuptable_fields` VALUES('SHL', 'contact_name', 'Contact Name', 1, 'S', NULL, 'contact_name', 4.000000000000000e+000, 0, 0.000000000000000e+000, 0, 2.550000000000000e+002);
INSERT INTO `app_lookuptable_fields` VALUES('SHL', 'description', 'Description', 1, 'S', NULL, 'description', 3.000000000000000e+000, 0, 6.000000000000000e+000, 0, 8.000000000000000e+001);
INSERT INTO `app_lookuptable_fields` VALUES('SHL', 'fax', 'Fax', 1, 'S', NULL, 'fax', 1.400000000000000e+001, 0, 1.600000000000000e+001, 0, 3.200000000000000e+001);
INSERT INTO `app_lookuptable_fields` VALUES('SHL', 'id', 'ID', 0, 'N', NULL, 'id', 1.000000000000000e+000, 0, 1.000000000000000e+000, 1, 2.200000000000000e+001);
INSERT INTO `app_lookuptable_fields` VALUES('SHL', 'lastUpdateDate', 'Last Update Date', 0, 'D', NULL, 'lastupdatedate', 1.600000000000000e+001, 0, 9.000000000000000e+000, 0, 0.000000000000000e+000);
INSERT INTO `app_lookuptable_fields` VALUES('SHL', 'lastUpdateUser', 'Last Update User', 0, 'S', 'USR', 'lastupdateuser', 1.500000000000000e+001, 0, 8.000000000000000e+000, 0, 1.200000000000000e+001);
INSERT INTO `app_lookuptable_fields` VALUES('SHL', 'name', 'Shelter Name', 1, 'S', NULL, 'name', 2.000000000000000e+000, 0, 2.000000000000000e+000, 0, 3.200000000000000e+001);
INSERT INTO `app_lookuptable_fields` VALUES('SHL', 'orgid', 'Organization', 1, 'S', 'OGN', 'orgid', 6.000000000000000e+000, 0, 5.000000000000000e+000, 0, NULL);
INSERT INTO `app_lookuptable_fields` VALUES('SHL', 'postal_code', 'Postal Code', 1, 'S', NULL, 'postal_code', 1.200000000000000e+001, 0, 1.400000000000000e+001, 0, 7.000000000000000e+000);
INSERT INTO `app_lookuptable_fields` VALUES('SHL', 'province', 'Province', 1, 'S', 'POV', 'province', 1.100000000000000e+001, 0, 1.300000000000000e+001, 0, 3.200000000000000e+001);
INSERT INTO `app_lookuptable_fields` VALUES('SHL', 'street_1', 'Street 1', 1, 'S', NULL, 'street_1', 8.000000000000000e+000, 0, 1.000000000000000e+001, 0, 2.550000000000000e+002);
INSERT INTO `app_lookuptable_fields` VALUES('SHL', 'street_2', 'Street 2', 1, 'S', NULL, 'street_2', 9.000000000000000e+000, 0, 1.100000000000000e+001, 0, 2.550000000000000e+002);
INSERT INTO `app_lookuptable_fields` VALUES('SHL', 'telephone', 'TELEPHONE', 1, 'S', NULL, 'telephone', 1.300000000000000e+001, 0, 1.500000000000000e+001, 0, 3.200000000000000e+001);
INSERT INTO `app_lookuptable_fields` VALUES('SHL', 'type', 'Type', 1, 'S', NULL, 'type', 7.000000000000000e+000, 0, 0.000000000000000e+000, 0, 2.000000000000000e+001);
INSERT INTO `app_lookuptable_fields` VALUES('SIM', 'code', 'Code', 0, 'N', NULL, 'code', 1.000000000000000e+000, 0, 1.000000000000000e+000, 1, 8.000000000000000e+000);
INSERT INTO `app_lookuptable_fields` VALUES('SIM', 'description', 'Description', 1, 'S', NULL, 'description', 2.000000000000000e+000, 0, 2.000000000000000e+000, 0, 8.000000000000000e+001);
INSERT INTO `app_lookuptable_fields` VALUES('SIM', 'isactive', 'Active?', 1, 'B', NULL, 'isactive', 3.000000000000000e+000, 0, 3.000000000000000e+000, 0, NULL);
INSERT INTO `app_lookuptable_fields` VALUES('SIM', 'lastUpdateDate', 'Last Update Date', 0, 'D', NULL, 'lastupdatedate', 6.000000000000000e+000, 0, 9.000000000000000e+000, 0, 0.000000000000000e+000);
INSERT INTO `app_lookuptable_fields` VALUES('SIM', 'lastUpdateUser', 'Last Update User', 0, 'S', 'USR', 'lastupdateuser', 5.000000000000000e+000, 0, 8.000000000000000e+000, 0, 1.200000000000000e+001);
INSERT INTO `app_lookuptable_fields` VALUES('SIT', 'active', 'Active?', 1, 'B', NULL, 'active', 4.000000000000000e+000, 0, 3.000000000000000e+000, 0, NULL);
INSERT INTO `app_lookuptable_fields` VALUES('SIT', 'createdby', 'Created By', 0, 'S', 'USR', 'createdby', 5.000000000000000e+000, 0, 8.000000000000000e+000, 0, 3.000000000000000e+001);
INSERT INTO `app_lookuptable_fields` VALUES('SIT', 'createddate', 'Created Date', 0, 'D', NULL, 'createddate', 6.000000000000000e+000, 0, 9.000000000000000e+000, 0, NULL);
INSERT INTO `app_lookuptable_fields` VALUES('SIT', 'description', 'Description', 1, 'S', NULL, 'description', 3.000000000000000e+000, 0, 2.000000000000000e+000, 0, 8.000000000000000e+001);
INSERT INTO `app_lookuptable_fields` VALUES('SIT', 'siteid', 'Site Id', 1, 'S', NULL, 'siteid', 1.000000000000000e+000, 0, 1.000000000000000e+000, 0, 3.600000000000000e+001);
INSERT INTO `app_lookuptable_fields` VALUES('SIT', 'sitekey', 'Site Key', 1, 'N', NULL, 'sitekey', 2.000000000000000e+000, 0, 0.000000000000000e+000, 0, 6.000000000000000e+000);
INSERT INTO `app_lookuptable_fields` VALUES('SRT', 'DESCRIPTION', 'Description', 1, 'S', NULL, 'description', 2.000000000000000e+000, 0, 2.000000000000000e+000, 0, 8.000000000000000e+001);
INSERT INTO `app_lookuptable_fields` VALUES('SRT', 'DISPLAYORDER', 'Display Order', 1, 'N', NULL, 'displayorder', 4.000000000000000e+000, 0, 4.000000000000000e+000, 0, NULL);
INSERT INTO `app_lookuptable_fields` VALUES('SRT', 'ID', 'Id', 0, 'N', NULL, 'id', 1.000000000000000e+000, 1, 1.000000000000000e+000, 1, NULL);
INSERT INTO `app_lookuptable_fields` VALUES('SRT', 'ISACTIVE', 'Active?', 1, 'B', NULL, 'isactive', 3.000000000000000e+000, 0, 3.000000000000000e+000, 0, NULL);
INSERT INTO `app_lookuptable_fields` VALUES('SRT', 'lastUpdateDate', 'Last Update Date', 0, 'D', NULL, 'lastupdatedate', 6.000000000000000e+000, 0, 9.000000000000000e+000, 0, 0.000000000000000e+000);
INSERT INTO `app_lookuptable_fields` VALUES('SRT', 'lastUpdateUser', 'Last Update User', 0, 'S', 'USR', 'lastupdateuser', 5.000000000000000e+000, 0, 8.000000000000000e+000, 0, 1.200000000000000e+001);
INSERT INTO `app_lookuptable_fields` VALUES('TLT', 'description', 'Description', 1, 'S', NULL, 'description', 2.000000000000000e+000, 0, 2.000000000000000e+000, 0, 8.000000000000000e+001);
INSERT INTO `app_lookuptable_fields` VALUES('TLT', 'displayorder', 'Display Order', 1, 'N', NULL, 'displayorder', 4.000000000000000e+000, 0, 4.000000000000000e+000, 0, NULL);
INSERT INTO `app_lookuptable_fields` VALUES('TLT', 'id', 'ID', 0, 'N', NULL, 'id', 1.000000000000000e+000, 0, 1.000000000000000e+000, 1, NULL);
INSERT INTO `app_lookuptable_fields` VALUES('TLT', 'isactive', 'Active?', 1, 'B', NULL, 'isactive', 3.000000000000000e+000, 0, 3.000000000000000e+000, 0, NULL);
INSERT INTO `app_lookuptable_fields` VALUES('TLT', 'lastUpdateDate', 'Last Update Date', 0, 'D', NULL, 'lastupdatedate', 6.000000000000000e+000, 0, 9.000000000000000e+000, 0, 0.000000000000000e+000);
INSERT INTO `app_lookuptable_fields` VALUES('TLT', 'lastUpdateUser', 'Last Update User', 0, 'S', 'USR', 'lastupdateuser', 5.000000000000000e+000, 0, 8.000000000000000e+000, 0, 1.200000000000000e+001);
INSERT INTO `app_lookuptable_fields` VALUES('TPT', 'code', 'Code', 0, 'N', NULL, 'code', 1.000000000000000e+000, 0, 1.000000000000000e+000, 1, 1.000000000000000e+001);
INSERT INTO `app_lookuptable_fields` VALUES('TPT', 'description', 'Description', 1, 'S', NULL, 'description', 2.000000000000000e+000, 0, 2.000000000000000e+000, 0, 8.000000000000000e+001);
INSERT INTO `app_lookuptable_fields` VALUES('TPT', 'isactive', 'Active?', 1, 'B', NULL, 'isactive', 3.000000000000000e+000, 0, 3.000000000000000e+000, 0, NULL);
INSERT INTO `app_lookuptable_fields` VALUES('TPT', 'lastUpdateDate', 'Last Update Date', 0, 'D', NULL, 'lastupdatedate', 6.000000000000000e+000, 0, 9.000000000000000e+000, 0, 0.000000000000000e+000);
INSERT INTO `app_lookuptable_fields` VALUES('TPT', 'lastUpdateUser', 'Last Update User', 0, 'S', 'USR', 'lastupdateuser', 5.000000000000000e+000, 0, 8.000000000000000e+000, 0, 1.200000000000000e+001);
INSERT INTO `app_lookuptable_fields` VALUES('USR', 'lastUpdateDate', 'Last Update Date', 0, 'D', NULL, 'lastupdatedate', 2.400000000000000e+001, 0, 9.000000000000000e+000, 0, 0.000000000000000e+000);
INSERT INTO `app_lookuptable_fields` VALUES('USR', 'lastUpdateUser', 'Last Update User', 0, 'S', 'USR', 'lastupdateuser', 2.300000000000000e+001, 0, 8.000000000000000e+000, 0, 1.200000000000000e+001);
INSERT INTO `app_lookuptable_fields` VALUES('USR', 'last_name', 'Name', 0, 'S', NULL, 'last_name || \', \' || first_name', 2.000000000000000e+000, 0, 2.000000000000000e+000, 0, 7.000000000000000e+001);
INSERT INTO `app_lookuptable_fields` VALUES('USR', 'provider_no', 'Staff Id', 0, 'S', NULL, 'provider_no', 1.000000000000000e+000, 0, 1.000000000000000e+000, 0, 6.000000000000000e+000);
INSERT INTO `app_lookuptable_fields` VALUES('USR', 'status', 'Active', 0, 'S', NULL, 'status', 1.600000000000000e+001, 0, 3.000000000000000e+000, 0, 1.000000000000000e+000);
INSERT INTO `app_lookuptable_fields` VALUES('USR', 'title', 'Title', 0, 'S', NULL, 'title', 2.200000000000000e+001, 0, 6.000000000000000e+000, 0, 2.000000000000000e+001);
INSERT INTO `app_lookuptable_fields` VALUES('GEN', 'PROGDESC', 'Description for Program Gender', 1, 'S', NULL, 'progdesc', 5.000000000000000e+000, 0, 6.000000000000000e+000, 0, 8.000000000000000e+001);
INSERT INTO `app_lookuptable_fields` VALUES('GEN', 'lastUpdateDate', 'Last Update Date', 0, 'D', NULL, 'lastupdatedate', 7.000000000000000e+000, 0, 9.000000000000000e+000, 0, 0.000000000000000e+000);
INSERT INTO `app_lookuptable_fields` VALUES('GEN', 'lastUpdateUser', 'Last Update User', 0, 'S', 'USR', 'lastupdateuser', 6.000000000000000e+000, 0, 8.000000000000000e+000, 0, 1.200000000000000e+001);
INSERT INTO `app_lookuptable_fields` VALUES('ICI', 'description', 'Description', 1, 'S', NULL, 'description', 2.000000000000000e+000, 0, 2.000000000000000e+000, 0, 8.000000000000000e+001);
INSERT INTO `app_lookuptable_fields` VALUES('ICI', 'id', 'ID', 0, 'N', NULL, 'id', 1.000000000000000e+000, 0, 1.000000000000000e+000, 1, NULL);
INSERT INTO `app_lookuptable_fields` VALUES('ICI', 'isactive', 'Active?', 1, 'B', NULL, 'isactive', 3.000000000000000e+000, 0, 3.000000000000000e+000, 0, NULL);
INSERT INTO `app_lookuptable_fields` VALUES('ICI', 'lastUpdateDate', 'Last Update Date', 0, 'D', NULL, 'lastupdatedate', 6.000000000000000e+000, 0, 9.000000000000000e+000, 0, 0.000000000000000e+000);
INSERT INTO `app_lookuptable_fields` VALUES('ICI', 'lastUpdateUser', 'Last Update User', 0, 'S', 'USR', 'lastupdateuser', 5.000000000000000e+000, 0, 8.000000000000000e+000, 0, 1.200000000000000e+001);
INSERT INTO `app_lookuptable_fields` VALUES('IDS', 'description', 'Description', 1, 'S', NULL, 'description', 2.000000000000000e+000, 0, 2.000000000000000e+000, 0, 8.000000000000000e+001);
INSERT INTO `app_lookuptable_fields` VALUES('IDS', 'id', 'ID', 0, 'N', NULL, 'id', 1.000000000000000e+000, 0, 1.000000000000000e+000, 1, NULL);
INSERT INTO `app_lookuptable_fields` VALUES('IDS', 'isactive', 'Active?', 1, 'B', NULL, 'isactive', 3.000000000000000e+000, 0, 3.000000000000000e+000, 0, NULL);
INSERT INTO `app_lookuptable_fields` VALUES('IDS', 'lastUpdateDate', 'Last Update Date', 0, 'D', NULL, 'lastupdatedate', 6.000000000000000e+000, 0, 9.000000000000000e+000, 0, 0.000000000000000e+000);
INSERT INTO `app_lookuptable_fields` VALUES('IDS', 'lastUpdateUser', 'Last Update User', 0, 'S', 'USR', 'lastupdateuser', 5.000000000000000e+000, 0, 8.000000000000000e+000, 0, 1.200000000000000e+001);
INSERT INTO `app_lookuptable_fields` VALUES('INI', 'description', 'Description', 1, 'S', NULL, 'description', 2.000000000000000e+000, 0, 2.000000000000000e+000, 0, 8.000000000000000e+001);
INSERT INTO `app_lookuptable_fields` VALUES('INI', 'id', 'ID', 0, 'N', NULL, 'id', 1.000000000000000e+000, 0, 1.000000000000000e+000, 1, NULL);
INSERT INTO `app_lookuptable_fields` VALUES('INI', 'isactive', 'Active?', 1, 'B', NULL, 'isactive', 3.000000000000000e+000, 0, 3.000000000000000e+000, 0, NULL);
INSERT INTO `app_lookuptable_fields` VALUES('INI', 'lastUpdateDate', 'Last Update Date', 0, 'D', NULL, 'lastupdatedate', 6.000000000000000e+000, 0, 9.000000000000000e+000, 0, 0.000000000000000e+000);
INSERT INTO `app_lookuptable_fields` VALUES('INI', 'lastUpdateUser', 'Last Update User', 0, 'S', 'USR', 'lastupdateuser', 5.000000000000000e+000, 0, 8.000000000000000e+000, 0, 1.200000000000000e+001);
INSERT INTO `app_lookuptable_fields` VALUES('IOI', 'description', 'Description', 1, 'S', NULL, 'description', 2.000000000000000e+000, 0, 2.000000000000000e+000, 0, 8.000000000000000e+001);
INSERT INTO `app_lookuptable_fields` VALUES('IOI', 'id', 'ID', 0, 'N', NULL, 'id', 1.000000000000000e+000, 0, 1.000000000000000e+000, 1, NULL);
INSERT INTO `app_lookuptable_fields` VALUES('IOI', 'isactive', 'Active?', 1, 'B', NULL, 'isactive', 3.000000000000000e+000, 0, 3.000000000000000e+000, 0, NULL);
INSERT INTO `app_lookuptable_fields` VALUES('IOI', 'lastUpdateDate', 'Last Update Date', 0, 'D', NULL, 'lastupdatedate', 6.000000000000000e+000, 0, 9.000000000000000e+000, 0, 0.000000000000000e+000);
INSERT INTO `app_lookuptable_fields` VALUES('IOI', 'lastUpdateUser', 'Last Update User', 0, 'S', 'USR', 'lastupdateuser', 5.000000000000000e+000, 0, 8.000000000000000e+000, 0, 1.200000000000000e+001);
INSERT INTO `app_lookuptable_fields` VALUES('IRR', 'code', 'Code', 0, 'N', NULL, 'code', 1.000000000000000e+000, 0, 1.000000000000000e+000, 1, 4.000000000000000e+000);
INSERT INTO `app_lookuptable_fields` VALUES('IRR', 'description', 'Description', 1, 'S', NULL, 'description', 2.000000000000000e+000, 0, 2.000000000000000e+000, 0, 8.000000000000000e+001);
INSERT INTO `app_lookuptable_fields` VALUES('IRR', 'isactive', 'Active', 1, 'B', NULL, 'isactive', 3.000000000000000e+000, 0, 3.000000000000000e+000, 0, NULL);
INSERT INTO `app_lookuptable_fields` VALUES('IRR', 'lastUpdateDate', 'Last Update Date', 0, 'D', NULL, 'lastupdatedate', 6.000000000000000e+000, 0, 9.000000000000000e+000, 0, 0.000000000000000e+000);
INSERT INTO `app_lookuptable_fields` VALUES('IRR', 'lastUpdateUser', 'Last Update User', 0, 'S', 'USR', 'lastupdateuser', 5.000000000000000e+000, 0, 8.000000000000000e+000, 0, 1.200000000000000e+001);
INSERT INTO `app_lookuptable_fields` VALUES('ISS', 'Id', 'Id', 0, 'N', NULL, 'id', 1.000000000000000e+000, 0, 1.000000000000000e+000, 1, NULL);
INSERT INTO `app_lookuptable_fields` VALUES('ISS', 'description', 'Description', 1, 'S', NULL, 'description', 2.000000000000000e+000, 0, 2.000000000000000e+000, 0, 8.000000000000000e+001);
INSERT INTO `app_lookuptable_fields` VALUES('ISS', 'displayOrder', 'Display Order', 1, 'N', NULL, 'displayorder', 4.000000000000000e+000, 0, 4.000000000000000e+000, 0, NULL);
INSERT INTO `app_lookuptable_fields` VALUES('ISS', 'isactive', 'Active', 1, 'B', NULL, 'isactive', 3.000000000000000e+000, 0, 3.000000000000000e+000, 0, NULL);
INSERT INTO `app_lookuptable_fields` VALUES('ISS', 'lastUpdateDate', 'Last Update Date', 0, 'D', NULL, 'lastupdatedate', 6.000000000000000e+000, 0, 9.000000000000000e+000, 0, 0.000000000000000e+000);
INSERT INTO `app_lookuptable_fields` VALUES('ISS', 'lastUpdateUser', 'Last Update User', 0, 'S', 'USR', 'lastupdateuser', 5.000000000000000e+000, 0, 8.000000000000000e+000, 0, 1.200000000000000e+001);
INSERT INTO `app_lookuptable_fields` VALUES('LBF', 'code', 'Code', 0, 'N', NULL, 'code', 1.000000000000000e+000, 0, 1.000000000000000e+000, 1, 8.000000000000000e+000);
INSERT INTO `app_lookuptable_fields` VALUES('LBF', 'description', 'Description', 1, 'S', NULL, 'description', 2.000000000000000e+000, 0, 2.000000000000000e+000, 0, 8.000000000000000e+001);
INSERT INTO `app_lookuptable_fields` VALUES('LBF', 'isactive', 'Active?', 1, 'B', NULL, 'isactive', 3.000000000000000e+000, 0, 3.000000000000000e+000, 0, NULL);
INSERT INTO `app_lookuptable_fields` VALUES('LBF', 'lastUpdateDate', 'Last Update Date', 0, 'D', NULL, 'lastupdatedate', 6.000000000000000e+000, 0, 9.000000000000000e+000, 0, 0.000000000000000e+000);
INSERT INTO `app_lookuptable_fields` VALUES('LBF', 'lastUpdateUser', 'Last Update User', 0, 'S', 'USR', 'lastupdateuser', 5.000000000000000e+000, 0, 8.000000000000000e+000, 0, 1.200000000000000e+001);
INSERT INTO `app_lookuptable_fields` VALUES('LHL', 'code', 'Code', 0, 'N', NULL, 'code', 1.000000000000000e+000, 0, 1.000000000000000e+000, 1, 8.000000000000000e+000);
INSERT INTO `app_lookuptable_fields` VALUES('LHL', 'description', 'Description', 1, 'S', NULL, 'description', 2.000000000000000e+000, 0, 2.000000000000000e+000, 0, 8.000000000000000e+001);
INSERT INTO `app_lookuptable_fields` VALUES('LHL', 'isactive', 'Active?', 1, 'B', NULL, 'isactive', 3.000000000000000e+000, 0, 3.000000000000000e+000, 0, NULL);
INSERT INTO `app_lookuptable_fields` VALUES('LHL', 'lastUpdateDate', 'Last Update Date', 0, 'D', NULL, 'lastupdatedate', 6.000000000000000e+000, 0, 9.000000000000000e+000, 0, 0.000000000000000e+000);
INSERT INTO `app_lookuptable_fields` VALUES('LHL', 'lastUpdateUser', 'Last Update User', 0, 'S', 'USR', 'lastupdateuser', 5.000000000000000e+000, 0, 8.000000000000000e+000, 0, 1.200000000000000e+001);
INSERT INTO `app_lookuptable_fields` VALUES('LKT', 'ACTIVEYN', 'Active?', 1, 'B', NULL, 'activeyn', 7.000000000000000e+000, 0, 3.000000000000000e+000, 0, NULL);
INSERT INTO `app_lookuptable_fields` VALUES('LKT', 'DESCRIPTION', 'Description', 1, 'S', NULL, 'description', 4.000000000000000e+000, 0, 2.000000000000000e+000, 0, NULL);
INSERT INTO `app_lookuptable_fields` VALUES('LKT', 'ISTREE', 'Is Tree Structured?', 1, 'B', NULL, 'istree', 5.000000000000000e+000, 0, 0.000000000000000e+000, 0, NULL);
INSERT INTO `app_lookuptable_fields` VALUES('LKT', 'MODULEID', 'Category', 1, 'S', 'FCT', 'moduleid', 2.000000000000000e+000, 0, 5.000000000000000e+000, 0, NULL);
INSERT INTO `app_lookuptable_fields` VALUES('LKT', 'TABLEID', 'Id', 0, 'S', NULL, 'tableid', 1.000000000000000e+000, 1, 1.000000000000000e+000, 0, NULL);
INSERT INTO `app_lookuptable_fields` VALUES('LKT', 'TABLE_NAME', 'Table Name', 1, 'S', NULL, 'table_name', 3.000000000000000e+000, 0, 6.000000000000000e+000, 0, NULL);
INSERT INTO `app_lookuptable_fields` VALUES('LKT', 'TREECODE_LENGTH', 'Tree Code Length (if is tree)', 1, 'N', NULL, 'treecode_length', 6.000000000000000e+000, 0, 0.000000000000000e+000, 0, NULL);
INSERT INTO `app_lookuptable_fields` VALUES('LNG', 'code', 'Code', 1, 'S', NULL, 'code', 1.000000000000000e+000, 0, 1.000000000000000e+000, 0, 3.000000000000000e+000);
INSERT INTO `app_lookuptable_fields` VALUES('LNG', 'description', 'Description', 1, 'S', NULL, 'description', 2.000000000000000e+000, 0, 2.000000000000000e+000, 0, 8.000000000000000e+001);
INSERT INTO `app_lookuptable_fields` VALUES('LNG', 'displayorder', 'Display Order', 1, 'N', NULL, 'displayorder', 4.000000000000000e+000, 0, 4.000000000000000e+000, 0, NULL);
INSERT INTO `app_lookuptable_fields` VALUES('LNG', 'isactive', 'Active?', 1, 'B', NULL, 'isactive', 3.000000000000000e+000, 0, 3.000000000000000e+000, 0, NULL);
INSERT INTO `app_lookuptable_fields` VALUES('LNG', 'lastUpdateDate', 'Last Update Date', 0, 'D', NULL, 'lastupdatedate', 6.000000000000000e+000, 0, 9.000000000000000e+000, 0, 0.000000000000000e+000);
INSERT INTO `app_lookuptable_fields` VALUES('LNG', 'lastUpdateUser', 'Last Update User', 0, 'S', 'USR', 'lastupdateuser', 5.000000000000000e+000, 0, 8.000000000000000e+000, 0, 1.200000000000000e+001);
INSERT INTO `app_lookuptable_fields` VALUES('MOD', 'description', 'Description', 1, 'S', NULL, 'description', 2.000000000000000e+000, 0, 2.000000000000000e+000, 0, 8.000000000000000e+001);
INSERT INTO `app_lookuptable_fields` VALUES('MOD', 'isactive', 'Active?', 1, 'B', NULL, 'isactive', 3.000000000000000e+000, 0, 3.000000000000000e+000, 0, NULL);
INSERT INTO `app_lookuptable_fields` VALUES('MOD', 'lastUpdateDate', 'Last Update Date', 0, 'D', NULL, 'lastupdatedate', 6.000000000000000e+000, 0, 9.000000000000000e+000, 0, 0.000000000000000e+000);
INSERT INTO `app_lookuptable_fields` VALUES('MOD', 'lastUpdateUser', 'Last Update User', 0, 'S', 'USR', 'lastupdateuser', 5.000000000000000e+000, 0, 8.000000000000000e+000, 0, 1.200000000000000e+001);
INSERT INTO `app_lookuptable_fields` VALUES('MOD', 'module_id', 'Module ID', 1, 'N', NULL, 'module_id', 1.000000000000000e+000, 0, 1.000000000000000e+000, 0, NULL);
INSERT INTO `app_lookuptable_fields` VALUES('MTP', 'activeyn', 'Active Y/N', 1, 'B', NULL, 'activeyn', 3.000000000000000e+000, 0, 3.000000000000000e+000, 0, NULL);
INSERT INTO `app_lookuptable_fields` VALUES('MTP', 'code', 'Code', 1, 'S', NULL, 'code', 1.000000000000000e+000, 0, 1.000000000000000e+000, 0, 8.000000000000000e+000);
INSERT INTO `app_lookuptable_fields` VALUES('MTP', 'description', 'Description', 1, 'S', NULL, 'description', 2.000000000000000e+000, 0, 2.000000000000000e+000, 0, 8.000000000000000e+001);
INSERT INTO `app_lookuptable_fields` VALUES('MTP', 'lastUpdateDate', 'Last Update Date', 0, 'D', NULL, 'lastupdatedate', 6.000000000000000e+000, 0, 9.000000000000000e+000, 0, 0.000000000000000e+000);
INSERT INTO `app_lookuptable_fields` VALUES('MTP', 'lastUpdateUser', 'Last Update User', 0, 'S', 'USR', 'lastupdateuser', 5.000000000000000e+000, 0, 8.000000000000000e+000, 0, 1.200000000000000e+001);
INSERT INTO `app_lookuptable_fields` VALUES('OGN', 'DESCRIPTION', 'Organization Name', 1, 'S', NULL, 'description', 2.000000000000000e+000, 0, 2.000000000000000e+000, 0, 8.000000000000000e+001);
INSERT INTO `app_lookuptable_fields` VALUES('OGN', 'ID', 'ID', 0, 'N', NULL, 'id', 1.000000000000000e+000, 1, 1.000000000000000e+000, 1, NULL);
INSERT INTO `app_lookuptable_fields` VALUES('OGN', 'ISACTIVE', 'Active ?', 1, 'B', NULL, 'isactive', 3.000000000000000e+000, 0, 3.000000000000000e+000, 0, NULL);
INSERT INTO `app_lookuptable_fields` VALUES('OGN', 'lastUpdateDate', 'Last Update Date', 0, 'D', NULL, 'lastupdatedate', 6.000000000000000e+000, 0, 9.000000000000000e+000, 0, 0.000000000000000e+000);
INSERT INTO `app_lookuptable_fields` VALUES('OGN', 'lastUpdateUser', 'Last Update User', 0, 'S', 'USR', 'lastupdateuser', 5.000000000000000e+000, 0, 8.000000000000000e+000, 0, 1.200000000000000e+001);
INSERT INTO `app_lookuptable_fields` VALUES('OPR', 'activeyn', 'ACTIVEYN', 1, 'N', NULL, 'activeyn', 3.000000000000000e+000, 0, 3.000000000000000e+000, 0, NULL);
INSERT INTO `app_lookuptable_fields` VALUES('OPR', 'code', 'CODE', 0, 'S', NULL, 'code', 1.000000000000000e+000, 0, 1.000000000000000e+000, 0, 8.000000000000000e+000);
INSERT INTO `app_lookuptable_fields` VALUES('OPR', 'description', 'DESCRIPTION', 1, 'S', NULL, 'description', 2.000000000000000e+000, 0, 2.000000000000000e+000, 0, 8.000000000000000e+001);
INSERT INTO `app_lookuptable_fields` VALUES('OPR', 'lastUpdateDate', 'Last Update Date', 0, 'D', NULL, 'lastupdatedate', 6.000000000000000e+000, 0, 9.000000000000000e+000, 0, 0.000000000000000e+000);
INSERT INTO `app_lookuptable_fields` VALUES('OPR', 'lastUpdateUser', 'Last Update User', 0, 'S', 'USR', 'lastupdateuser', 5.000000000000000e+000, 0, 8.000000000000000e+000, 0, 1.200000000000000e+001);
INSERT INTO `app_lookuptable_fields` VALUES('ORG', 'activeyn', 'Active', 1, 'B', NULL, 'activeyn', 3.000000000000000e+000, 0, 3.000000000000000e+000, 0, NULL);
INSERT INTO `app_lookuptable_fields` VALUES('ORG', 'code', 'Code', 0, 'S', NULL, 'code', 1.000000000000000e+000, 0, 1.000000000000000e+000, 0, 8.000000000000000e+000);
INSERT INTO `app_lookuptable_fields` VALUES('ORG', 'codecsv', 'Code CVS', 0, 'S', NULL, 'codecsv', 1.000000000000000e+001, 0, 1.700000000000000e+001, 0, 8.000000000000000e+001);
INSERT INTO `app_lookuptable_fields` VALUES('ORG', 'codetree', 'Code Tree', 0, 'S', NULL, 'codetree', 7.000000000000000e+000, 0, 7.000000000000000e+000, 0, 8.000000000000000e+001);
INSERT INTO `app_lookuptable_fields` VALUES('ORG', 'description', 'Description', 1, 'S', NULL, 'description', 2.000000000000000e+000, 0, 2.000000000000000e+000, 0, 8.000000000000000e+001);
INSERT INTO `app_lookuptable_fields` VALUES('ORG', 'fullcode', 'Full Code', 0, 'S', NULL, 'fullcode', 6.000000000000000e+000, 0, 6.000000000000000e+000, 0, 8.000000000000000e+001);
INSERT INTO `app_lookuptable_fields` VALUES('ORG', 'lastUpdateDate', 'Last Update Date', 0, 'D', NULL, 'lastupdatedate', 9.000000000000000e+000, 0, 9.000000000000000e+000, 0, 0.000000000000000e+000);
INSERT INTO `app_lookuptable_fields` VALUES('ORG', 'lastUpdateUser', 'Last Update User', 0, 'S', 'USR', 'lastupdateuser', 8.000000000000000e+000, 0, 8.000000000000000e+000, 0, 1.200000000000000e+001);
INSERT INTO `app_lookuptable_fields` VALUES('ORG', 'orderbyindex', 'Order-by Index', 1, 'N', NULL, 'orderbyindex', 4.000000000000000e+000, 0, 4.000000000000000e+000, 0, NULL);
INSERT INTO `app_lookuptable_fields` VALUES('POV', 'code', 'Code', 1, 'S', NULL, 'code', 1.000000000000000e+000, 0, 1.000000000000000e+000, 0, 3.000000000000000e+000);
INSERT INTO `app_lookuptable_fields` VALUES('POV', 'description', 'Description', 1, 'S', NULL, 'description', 2.000000000000000e+000, 0, 2.000000000000000e+000, 0, 8.000000000000000e+001);
INSERT INTO `app_lookuptable_fields` VALUES('POV', 'displayorder', 'Display Order', 1, 'N', NULL, 'displayorder', 4.000000000000000e+000, 0, 4.000000000000000e+000, 0, NULL);
INSERT INTO `app_lookuptable_fields` VALUES('POV', 'isactive', 'Active?', 1, 'B', NULL, 'isactive', 3.000000000000000e+000, 0, 3.000000000000000e+000, 0, NULL);
INSERT INTO `app_lookuptable_fields` VALUES('POV', 'lastUpdateDate', 'Last Update Date', 0, 'D', NULL, 'lastupdatedate', 6.000000000000000e+000, 0, 9.000000000000000e+000, 0, 0.000000000000000e+000);
INSERT INTO `app_lookuptable_fields` VALUES('POV', 'lastUpdateUser', 'Last Update User', 0, 'S', 'USR', 'lastupdateuser', 5.000000000000000e+000, 0, 8.000000000000000e+000, 0, 1.200000000000000e+001);
INSERT INTO `app_lookuptable_fields` VALUES('PRO', 'abstinencesupport', 'Abstinence Support', 1, 'S', NULL, 'abstinencesupport', 2.800000000000000e+001, 0, 0.000000000000000e+000, 0, 2.000000000000000e+001);
INSERT INTO `app_lookuptable_fields` VALUES('PRO', 'address', 'Address', 1, 'S', NULL, 'address', 7.000000000000000e+000, 0, 0.000000000000000e+000, 0, 2.550000000000000e+002);
INSERT INTO `app_lookuptable_fields` VALUES('PRO', 'agemax', 'Maximum Age', 1, 'N', NULL, 'agemax', 3.600000000000000e+001, 0, 0.000000000000000e+000, 0, NULL);
INSERT INTO `app_lookuptable_fields` VALUES('PRO', 'agemin', 'Minimum Age', 1, 'N', NULL, 'agemin', 3.500000000000000e+001, 0, 0.000000000000000e+000, 0, NULL);
INSERT INTO `app_lookuptable_fields` VALUES('PRO', 'agency_id', 'Agency ID', 1, 'N', NULL, 'agency_id', 2.100000000000000e+001, 0, 0.000000000000000e+000, 0, NULL);
INSERT INTO `app_lookuptable_fields` VALUES('PRO', 'alcohol', 'Alcohol', 1, 'N', NULL, 'alcohol', 2.700000000000000e+001, 0, 0.000000000000000e+000, 0, NULL);
INSERT INTO `app_lookuptable_fields` VALUES('PRO', 'allow_batch_admission', 'Allow Batch Admission', 1, 'N', NULL, 'allow_batch_admission', 1.800000000000000e+001, 0, 0.000000000000000e+000, 0, NULL);
INSERT INTO `app_lookuptable_fields` VALUES('PRO', 'allow_batch_discharge', 'Allow Batch Discharge', 1, 'N', NULL, 'allow_batch_discharge', 1.900000000000000e+001, 0, 0.000000000000000e+000, 0, NULL);
INSERT INTO `app_lookuptable_fields` VALUES('PRO', 'bed_program_link_id', 'Bed Program Link ID', 1, 'N', NULL, 'bed_program_link_id', 2.200000000000000e+001, 0, 0.000000000000000e+000, 0, NULL);
INSERT INTO `app_lookuptable_fields` VALUES('PRO', 'bedprogramaffiliated', 'Bed Program Affiliated', 1, 'N', NULL, 'bedprogramaffiliated', 2.600000000000000e+001, 0, 0.000000000000000e+000, 0, NULL);
INSERT INTO `app_lookuptable_fields` VALUES('PRO', 'capacity_funding', 'Capacity Funding', 1, 'N', NULL, 'capacity_funding', 3.800000000000000e+001, 0, 0.000000000000000e+000, 0, NULL);
INSERT INTO `app_lookuptable_fields` VALUES('PRO', 'capacity_space', 'Capacity Space', 1, 'N', NULL, 'capacity_space', 3.900000000000000e+001, 0, 0.000000000000000e+000, 0, NULL);
INSERT INTO `app_lookuptable_fields` VALUES('PRO', 'default_restriction_days', 'Default Restriction Days', 1, 'N', NULL, 'default_restriction_days', 3.400000000000000e+001, 0, 0.000000000000000e+000, 0, NULL);
INSERT INTO `app_lookuptable_fields` VALUES('PRO', 'descr', 'Description', 1, 'S', NULL, 'descr', 6.000000000000000e+000, 0, 0.000000000000000e+000, 0, 2.550000000000000e+002);
INSERT INTO `app_lookuptable_fields` VALUES('PRO', 'email', 'Email', 1, 'S', NULL, 'email', 1.100000000000000e+001, 0, 0.000000000000000e+000, 0, 2.550000000000000e+002);
INSERT INTO `app_lookuptable_fields` VALUES('PRO', 'emergency_number', 'Emergency Number', 1, 'S', NULL, 'emergency_number', 1.200000000000000e+001, 0, 0.000000000000000e+000, 0, 2.550000000000000e+002);
INSERT INTO `app_lookuptable_fields` VALUES('PRO', 'exclusive_view', 'Exclusive View', 1, 'S', NULL, 'exclusive_view', 3.200000000000000e+001, 0, 0.000000000000000e+000, 0, 2.000000000000000e+001);
INSERT INTO `app_lookuptable_fields` VALUES('PRO', 'facility_id', 'Facility ID', 1, 'N', NULL, 'facility_id', 3.700000000000000e+001, 0, 5.000000000000000e+000, 0, NULL);
INSERT INTO `app_lookuptable_fields` VALUES('PRO', 'fax', 'Fax', 1, 'S', NULL, 'fax', 9.000000000000000e+000, 0, 0.000000000000000e+000, 0, 2.550000000000000e+002);
INSERT INTO `app_lookuptable_fields` VALUES('PRO', 'firstnation', 'First Nation', 1, 'N', NULL, 'firstnation', 2.500000000000000e+001, 0, 0.000000000000000e+000, 0, NULL);
INSERT INTO `app_lookuptable_fields` VALUES('PRO', 'hic', 'HIC', 1, 'N', NULL, 'hic', 2.000000000000000e+001, 0, 0.000000000000000e+000, 0, NULL);
INSERT INTO `app_lookuptable_fields` VALUES('PRO', 'holding_tank', 'Holding Tank', 1, 'N', NULL, 'holding_tank', 1.700000000000000e+001, 0, 0.000000000000000e+000, 0, NULL);
INSERT INTO `app_lookuptable_fields` VALUES('PRO', 'housing', 'Housing', 1, 'N', NULL, 'housing', 3.100000000000000e+001, 0, 0.000000000000000e+000, 0, NULL);
INSERT INTO `app_lookuptable_fields` VALUES('PRO', 'intake_program', 'Intake Program', 1, 'N', NULL, 'intake_program', 4.000000000000000e+000, 0, 0.000000000000000e+000, 0, NULL);
UNLOCK TABLES;

delete from app_module;

LOCK TABLES `app_module` WRITE;
INSERT INTO `app_module` VALUES(1, 'Client Management', 1, 1.000000000000000e+001, NULL, NULL);
INSERT INTO `app_module` VALUES(2, 'Shelter Management', 2, 2.000000000000000e+001, NULL, NULL);
INSERT INTO `app_module` VALUES(3, 'Case Management', 3, 3.000000000000000e+001, NULL, NULL);
INSERT INTO `app_module` VALUES(4, 'System Administration', 4, 4.000000000000000e+001, NULL, NULL);
INSERT INTO `app_module` VALUES(5, 'Reports', 1, 5.000000000000000e+001, NULL, NULL);
INSERT INTO `app_module` VALUES(6, 'Intake', 1, 6.000000000000000e+001, NULL, NULL);
INSERT INTO `app_module` VALUES(7, 'Agency', 1, 7.000000000000000e+001, NULL, NULL);
UNLOCK TABLES;

delete from lst_aboriginal;

LOCK TABLES `lst_aboriginal` WRITE;
INSERT INTO `lst_aboriginal` VALUES(1.000000000000000e+000, 'First Nation', 1, 1.000000000000000e+001, NULL, NULL);
INSERT INTO `lst_aboriginal` VALUES(2.000000000000000e+000, 'Inuit', 1, 2.000000000000000e+001, NULL, NULL);
INSERT INTO `lst_aboriginal` VALUES(3.000000000000000e+000, 'Metis', 1, 3.000000000000000e+001, NULL, NULL);
INSERT INTO `lst_aboriginal` VALUES(4.000000000000000e+000, 'Other', 1, 4.000000000000000e+001, NULL, NULL);
UNLOCK TABLES;

delete from lst_admission_status;

LOCK TABLES `lst_admission_status` WRITE;
INSERT INTO `lst_admission_status` VALUES('current', 'Current', 1, 1.000000000000000e+001, NULL, NULL);
INSERT INTO `lst_admission_status` VALUES('discharged', 'Discharged', 1, 2.000000000000000e+001, NULL, NULL);
UNLOCK TABLES;

delete from lst_bed_type;

LOCK TABLES `lst_bed_type` WRITE;
INSERT INTO `lst_bed_type` VALUES(22, 'N/A', 1, '2001', '2008-10-30 16:14:17');
INSERT INTO `lst_bed_type` VALUES(10, 'single', 1, '258343', '2008-10-30 19:09:09');
UNLOCK TABLES;

delete from lst_casestatus;

LOCK TABLES `lst_casestatus` WRITE;
INSERT INTO `lst_casestatus` VALUES(1.000000000000000e+000, 'Incomplete', 1, 2.000000000000000e+001, '2001', '2008-10-30 16:38:58');
INSERT INTO `lst_casestatus` VALUES(2.000000000000000e+000, 'Complete', 1, 1.000000000000000e+001, NULL, NULL);
UNLOCK TABLES;

delete from lst_complaint_method;

LOCK TABLES `lst_complaint_method` WRITE;
INSERT INTO `lst_complaint_method` VALUES(1.000000000000000e+000, 'In-Person', 1, 3.000000000000000e+001, NULL, NULL);
INSERT INTO `lst_complaint_method` VALUES(2.000000000000000e+000, 'Letter', 1, 4.000000000000000e+001, NULL, NULL);
INSERT INTO `lst_complaint_method` VALUES(3.000000000000000e+000, 'Fax', 1, 2.000000000000000e+001, NULL, NULL);
INSERT INTO `lst_complaint_method` VALUES(4.000000000000000e+000, 'E-Mail', 1, 1.000000000000000e+001, NULL, NULL);
INSERT INTO `lst_complaint_method` VALUES(5.000000000000000e+000, 'Telephone', 1, 5.000000000000000e+001, NULL, NULL);
UNLOCK TABLES;

delete from lst_complaint_outcome;

LOCK TABLES `lst_complaint_outcome` WRITE;
INSERT INTO `lst_complaint_outcome` VALUES(1.000000000000000e+000, 'Partial', 1, 3.000000000000000e+001, NULL, NULL);
INSERT INTO `lst_complaint_outcome` VALUES(2.000000000000000e+000, 'Unknown-No complaint follow-up', 1, 4.000000000000000e+001, NULL, NULL);
INSERT INTO `lst_complaint_outcome` VALUES(3.000000000000000e+000, 'Yes', 1, 5.000000000000000e+001, NULL, NULL);
INSERT INTO `lst_complaint_outcome` VALUES(4.000000000000000e+000, 'Not Applicable', 1, 2.000000000000000e+001, NULL, NULL);
INSERT INTO `lst_complaint_outcome` VALUES(5.000000000000000e+000, 'No', 1, 1.000000000000000e+001, NULL, NULL);
UNLOCK TABLES;

delete from lst_complaint_section;

LOCK TABLES `lst_complaint_section` WRITE;
INSERT INTO `lst_complaint_section` VALUES(2.000300000000000e+004, '3. Standards of Organization', 1, 3.000000000000000e+000, NULL, NULL);
INSERT INTO `lst_complaint_section` VALUES(2.000400000000000e+004, '4. Access to Shelter', 1, 4.000000000000000e+000, NULL, NULL);
INSERT INTO `lst_complaint_section` VALUES(2.000500000000000e+004, '5. Resident Rights and Responsibilities', 1, 5.000000000000000e+000, NULL, NULL);
INSERT INTO `lst_complaint_section` VALUES(2.000600000000000e+004, '6. Program Standards', 1, 6.000000000000000e+000, NULL, NULL);
INSERT INTO `lst_complaint_section` VALUES(2.000700000000000e+004, '7. Food Safety and Nutrition Standards', 1, 7.000000000000000e+000, NULL, NULL);
INSERT INTO `lst_complaint_section` VALUES(2.000800000000000e+004, '8. Health and Safety Standards', 1, 8.000000000000000e+000, NULL, NULL);
INSERT INTO `lst_complaint_section` VALUES(2.000900000000000e+004, '9. Staff Training', 1, 9.000000000000000e+000, NULL, NULL);
UNLOCK TABLES;

delete from lst_complaint_source;

LOCK TABLES `lst_complaint_source` WRITE;
INSERT INTO `lst_complaint_source` VALUES(1.000000000000000e+000, 'Mayor\'s Office', 1, 9.000000000000000e+001, NULL, NULL);
INSERT INTO `lst_complaint_source` VALUES(2.000000000000000e+000, 'Agency/Organization', 1, 3.000000000000000e+001, NULL, NULL);
INSERT INTO `lst_complaint_source` VALUES(3.000000000000000e+000, 'OW/ODSP/ Worker', 1, 1.000000000000000e+002, NULL, NULL);
INSERT INTO `lst_complaint_source` VALUES(4.000000000000000e+000, 'Community Member', 1, 5.000000000000000e+001, NULL, NULL);
INSERT INTO `lst_complaint_source` VALUES(5.000000000000000e+000, 'Client', 1, 4.000000000000000e+001, NULL, NULL);
INSERT INTO `lst_complaint_source` VALUES(6.000000000000000e+000, 'Police', 1, 1.200000000000000e+002, NULL, NULL);
INSERT INTO `lst_complaint_source` VALUES(7.000000000000000e+000, 'Family Doctor', 1, 7.000000000000000e+001, NULL, NULL);
INSERT INTO `lst_complaint_source` VALUES(8.000000000000000e+000, 'Family Member', 1, 8.000000000000000e+001, NULL, NULL);
INSERT INTO `lst_complaint_source` VALUES(9.000000000000000e+000, 'Councilor\'s Office/Politician', 1, 6.000000000000000e+001, NULL, NULL);
INSERT INTO `lst_complaint_source` VALUES(1.000000000000000e+001, 'Shelter Staff', 1, 1.300000000000000e+002, NULL, NULL);
INSERT INTO `lst_complaint_source` VALUES(1.100000000000000e+001, 'Advocate/Advocacy Group', 1, 1.000000000000000e+001, NULL, NULL);
INSERT INTO `lst_complaint_source` VALUES(1.200000000000000e+001, 'Agency Worker', 1, 2.000000000000000e+001, NULL, NULL);
INSERT INTO `lst_complaint_source` VALUES(1.300000000000000e+001, 'Other', 1, 1.100000000000000e+002, NULL, NULL);
UNLOCK TABLES;

delete from lst_complaint_subsection;

LOCK TABLES `lst_complaint_subsection` WRITE;
INSERT INTO `lst_complaint_subsection` VALUES(1.000000000000000e+000, '3.1 Organization Status for Purchase-of service Shelter', 1, 0.000000000000000e+000, 2.000300000000000e+004, NULL, NULL);
INSERT INTO `lst_complaint_subsection` VALUES(2.000000000000000e+000, '3.2 Governance', 1, 0.000000000000000e+000, 2.000300000000000e+004, NULL, NULL);
INSERT INTO `lst_complaint_subsection` VALUES(3.000000000000000e+000, '3.3 Financial Accountability', 1, 0.000000000000000e+000, 2.000300000000000e+004, NULL, NULL);
INSERT INTO `lst_complaint_subsection` VALUES(4.000000000000000e+000, '3.4 Program Accountability', 1, 0.000000000000000e+000, 2.000300000000000e+004, NULL, NULL);
INSERT INTO `lst_complaint_subsection` VALUES(5.000000000000000e+000, '3.5 Conflict of Interest', 1, 0.000000000000000e+000, 2.000300000000000e+004, NULL, NULL);
INSERT INTO `lst_complaint_subsection` VALUES(6.000000000000000e+000, '4.1 Admission and Discharge', 1, 0.000000000000000e+000, 2.000400000000000e+004, NULL, NULL);
INSERT INTO `lst_complaint_subsection` VALUES(7.000000000000000e+000, '4.2 Bed Registration for incoming and Registered Residents', 1, 0.000000000000000e+000, 2.000400000000000e+004, NULL, NULL);
INSERT INTO `lst_complaint_subsection` VALUES(8.000000000000000e+000, '4.3 Occupied Bed', 1, 0.000000000000000e+000, 2.000400000000000e+004, NULL, NULL);
INSERT INTO `lst_complaint_subsection` VALUES(9.000000000000000e+000, '4.4 Overnight Passes and Leaves with Permission', 1, 0.000000000000000e+000, 2.000400000000000e+004, NULL, NULL);
INSERT INTO `lst_complaint_subsection` VALUES(1.000000000000000e+001, '4.5 Substance use', 1, 0.000000000000000e+000, 2.000400000000000e+004, NULL, NULL);
INSERT INTO `lst_complaint_subsection` VALUES(1.100000000000000e+001, '4.6 Service Restrictions (Barring)', 1, 0.000000000000000e+000, 2.000400000000000e+004, NULL, NULL);
INSERT INTO `lst_complaint_subsection` VALUES(1.200000000000000e+001, '4.7 Meeting the Needs of Transgender/Transsexual/Two-spirited Residents ', 1, 0.000000000000000e+000, 2.000400000000000e+004, NULL, NULL);
INSERT INTO `lst_complaint_subsection` VALUES(1.300000000000000e+001, '5.1 Resident Input', 1, 0.000000000000000e+000, 2.000500000000000e+004, NULL, NULL);
INSERT INTO `lst_complaint_subsection` VALUES(1.400000000000000e+001, '5.2 Complaints and Appeals', 1, 0.000000000000000e+000, 2.000500000000000e+004, NULL, NULL);
INSERT INTO `lst_complaint_subsection` VALUES(1.500000000000000e+001, '6.1 Provision of Essential Services', 1, 0.000000000000000e+000, 2.000600000000000e+004, NULL, NULL);
INSERT INTO `lst_complaint_subsection` VALUES(1.600000000000000e+001, '6.2 Counseling Supports', 1, 0.000000000000000e+000, 2.000600000000000e+004, NULL, NULL);
INSERT INTO `lst_complaint_subsection` VALUES(1.700000000000000e+001, '6.3 Daytime Access', 1, 0.000000000000000e+000, 2.000600000000000e+004, NULL, NULL);
INSERT INTO `lst_complaint_subsection` VALUES(1.800000000000000e+001, '6.4 Services to Children', 1, 0.000000000000000e+000, 2.000600000000000e+004, NULL, NULL);
INSERT INTO `lst_complaint_subsection` VALUES(1.900000000000000e+001, '6.5 Duty to Report Suspected Cases of Child Abuse', 1, 0.000000000000000e+000, 2.000600000000000e+004, NULL, NULL);
INSERT INTO `lst_complaint_subsection` VALUES(2.000000000000000e+001, '6.6 Confidentiality', 1, 0.000000000000000e+000, 2.000600000000000e+004, NULL, NULL);
INSERT INTO `lst_complaint_subsection` VALUES(2.100000000000000e+001, '6.7 Sharing of Resident Information', 1, 0.000000000000000e+000, 2.000600000000000e+004, NULL, NULL);
INSERT INTO `lst_complaint_subsection` VALUES(2.200000000000000e+001, '6.8 Resident Information and Resident Files', 1, 0.000000000000000e+000, 2.000600000000000e+004, NULL, NULL);
INSERT INTO `lst_complaint_subsection` VALUES(2.300000000000000e+001, '6.9 Stall Code of Conduct', 1, 0.000000000000000e+000, 2.000600000000000e+004, NULL, NULL);
INSERT INTO `lst_complaint_subsection` VALUES(2.400000000000000e+001, '7.1 Food Safety and Nutrition Standards', 1, 0.000000000000000e+000, 2.000700000000000e+004, NULL, NULL);
INSERT INTO `lst_complaint_subsection` VALUES(2.500000000000000e+001, '8.1 Health Standards', 1, 0.000000000000000e+000, 2.000800000000000e+004, NULL, NULL);
INSERT INTO `lst_complaint_subsection` VALUES(2.600000000000000e+001, '8.2 Safety Standards', 1, 0.000000000000000e+000, 2.000800000000000e+004, NULL, NULL);
INSERT INTO `lst_complaint_subsection` VALUES(2.700000000000000e+001, '8.3 Resident Medication', 1, 0.000000000000000e+000, 2.000800000000000e+004, NULL, NULL);
INSERT INTO `lst_complaint_subsection` VALUES(2.800000000000000e+001, '8.4 Weapons', 1, 0.000000000000000e+000, 2.000800000000000e+004, NULL, NULL);
INSERT INTO `lst_complaint_subsection` VALUES(2.900000000000000e+001, '9.1 Staff Training', 1, 0.000000000000000e+000, 2.000900000000000e+004, NULL, NULL);
INSERT INTO `lst_complaint_subsection` VALUES(2.000300000000000e+004, '3. Standards of Organization', 1, 0.000000000000000e+000, 2.000300000000000e+004, NULL, NULL);
INSERT INTO `lst_complaint_subsection` VALUES(2.000400000000000e+004, '4. Access to Shelter', 1, 0.000000000000000e+000, 2.000400000000000e+004, NULL, NULL);
INSERT INTO `lst_complaint_subsection` VALUES(2.000500000000000e+004, '5. Resident Rights and Responsibilities', 1, 0.000000000000000e+000, 2.000500000000000e+004, NULL, NULL);
INSERT INTO `lst_complaint_subsection` VALUES(2.000600000000000e+004, '6. Program Standards', 1, 0.000000000000000e+000, 2.000600000000000e+004, NULL, NULL);
INSERT INTO `lst_complaint_subsection` VALUES(2.000700000000000e+004, '7. Food Safety and Nutrition Standards', 1, 0.000000000000000e+000, 2.000700000000000e+004, NULL, NULL);
INSERT INTO `lst_complaint_subsection` VALUES(2.000800000000000e+004, '8. Health and Safety Standards', 1, 0.000000000000000e+000, 2.000800000000000e+004, NULL, NULL);
INSERT INTO `lst_complaint_subsection` VALUES(2.000900000000000e+004, '9. Staff Training', 1, 0.000000000000000e+000, 2.000900000000000e+004, NULL, NULL);
UNLOCK TABLES;

delete from lst_componentofservice;

LOCK TABLES `lst_componentofservice` WRITE;
INSERT INTO `lst_componentofservice` VALUES(1.000000000000000e+000, 'Safety', 1, 0.000000000000000e+000, NULL, NULL);
INSERT INTO `lst_componentofservice` VALUES(2.000000000000000e+000, 'Health', 1, 0.000000000000000e+000, NULL, NULL);
INSERT INTO `lst_componentofservice` VALUES(3.000000000000000e+000, 'Personal Identification', 1, 0.000000000000000e+000, NULL, NULL);
INSERT INTO `lst_componentofservice` VALUES(4.000000000000000e+000, 'Housing', 1, 0.000000000000000e+000, NULL, NULL);
INSERT INTO `lst_componentofservice` VALUES(5.000000000000000e+000, 'Legal', 1, 0.000000000000000e+000, NULL, NULL);
INSERT INTO `lst_componentofservice` VALUES(6.000000000000000e+000, 'Financial', 1, 0.000000000000000e+000, NULL, NULL);
INSERT INTO `lst_componentofservice` VALUES(7.000000000000000e+000, 'Education', 1, 0.000000000000000e+000, NULL, NULL);
INSERT INTO `lst_componentofservice` VALUES(8.000000000000000e+000, 'Employment', 1, 0.000000000000000e+000, NULL, NULL);
INSERT INTO `lst_componentofservice` VALUES(9.000000000000000e+000, 'Transportation', 1, 0.000000000000000e+000, NULL, NULL);
INSERT INTO `lst_componentofservice` VALUES(1.000000000000000e+001, 'Advocacy', 1, 0.000000000000000e+000, NULL, NULL);
UNLOCK TABLES;

delete from lst_country;

LOCK TABLES `lst_country` WRITE;
INSERT INTO `lst_country` VALUES('AFG', 'AFGHANISTAN', 1, 1.000000000000000e+000, NULL, NULL);
INSERT INTO `lst_country` VALUES('AIA', 'AUSTRIA', 1, 6.000000000000000e+000, NULL, NULL);
INSERT INTO `lst_country` VALUES('ALB', 'ALBANIA', 1, 1.100000000000000e+001, NULL, NULL);
INSERT INTO `lst_country` VALUES('ALG', 'ALGERIA', 1, 1.600000000000000e+001, NULL, NULL);
INSERT INTO `lst_country` VALUES('ANG', 'ANGOLA', 1, 2.100000000000000e+001, NULL, NULL);
INSERT INTO `lst_country` VALUES('ARG', 'ARGENTINA', 1, 2.600000000000000e+001, NULL, NULL);
INSERT INTO `lst_country` VALUES('AUS', 'AUSTRALIA', 1, 3.100000000000000e+001, NULL, NULL);
INSERT INTO `lst_country` VALUES('BAN', 'BANGLADESH', 1, 3.600000000000000e+001, NULL, NULL);
INSERT INTO `lst_country` VALUES('BAR', 'BARBADOS', 1, 4.100000000000000e+001, NULL, NULL);
INSERT INTO `lst_country` VALUES('BDI', 'BURUNDI', 1, 4.600000000000000e+001, NULL, NULL);
INSERT INTO `lst_country` VALUES('BEL', 'BELGIUM', 1, 5.100000000000000e+001, NULL, NULL);
INSERT INTO `lst_country` VALUES('BEO', 'BELORUSSIA', 1, 5.600000000000000e+001, NULL, NULL);
INSERT INTO `lst_country` VALUES('BER', 'BERMUDA', 1, 6.100000000000000e+001, NULL, NULL);
INSERT INTO `lst_country` VALUES('BOL', 'BOLIVIA', 1, 6.600000000000000e+001, NULL, NULL);
INSERT INTO `lst_country` VALUES('BOS', 'BOSNIA', 1, 7.100000000000000e+001, NULL, NULL);
INSERT INTO `lst_country` VALUES('BOT', 'BOTSWANA', 1, 7.600000000000000e+001, NULL, NULL);
INSERT INTO `lst_country` VALUES('BRA', 'BRAZIL', 1, 8.100000000000000e+001, NULL, NULL);
INSERT INTO `lst_country` VALUES('BUL', 'BULGARIA', 1, 8.600000000000000e+001, NULL, NULL);
INSERT INTO `lst_country` VALUES('CAM', 'CAMBODIA', 1, 9.100000000000000e+001, NULL, NULL);
INSERT INTO `lst_country` VALUES('CAN', 'CANADA', 1, 0.000000000000000e+000, NULL, NULL);
INSERT INTO `lst_country` VALUES('CAR', 'CTRL AFRICA REP.', 1, 1.010000000000000e+002, NULL, NULL);
INSERT INTO `lst_country` VALUES('CHA', 'CHINA', 1, 1.060000000000000e+002, NULL, NULL);
INSERT INTO `lst_country` VALUES('CHD', 'CHAD', 1, 1.110000000000000e+002, NULL, NULL);
INSERT INTO `lst_country` VALUES('CHI', 'CHILE', 1, 1.160000000000000e+002, NULL, NULL);
INSERT INTO `lst_country` VALUES('COL', 'COLUMBIA', 1, 1.210000000000000e+002, NULL, NULL);
INSERT INTO `lst_country` VALUES('CON', 'CONGO, REP. OF', 1, 1.260000000000000e+002, NULL, NULL);
INSERT INTO `lst_country` VALUES('COS', 'COSTA RICA', 1, 1.310000000000000e+002, NULL, NULL);
INSERT INTO `lst_country` VALUES('CRN', 'CAMEROON', 1, 1.360000000000000e+002, NULL, NULL);
INSERT INTO `lst_country` VALUES('CRO', 'CROATIA', 1, 1.410000000000000e+002, NULL, NULL);
INSERT INTO `lst_country` VALUES('CUB', 'CUBA', 1, 1.460000000000000e+002, NULL, NULL);
INSERT INTO `lst_country` VALUES('CYP', 'CYPRUS', 1, 1.510000000000000e+002, NULL, NULL);
INSERT INTO `lst_country` VALUES('CZE', 'CZECH REP', 1, 1.560000000000000e+002, NULL, NULL);
INSERT INTO `lst_country` VALUES('DAH', 'DAHOMEY', 1, 1.610000000000000e+002, NULL, NULL);
INSERT INTO `lst_country` VALUES('DEN', 'DENMARK', 1, 1.660000000000000e+002, NULL, NULL);
INSERT INTO `lst_country` VALUES('DJI', 'DJIBOUTI', 1, 1.710000000000000e+002, NULL, NULL);
INSERT INTO `lst_country` VALUES('DMR', 'DOMINICAN REPUBLIC', 1, 1.760000000000000e+002, NULL, NULL);
INSERT INTO `lst_country` VALUES('ECU', 'ECUADOR', 1, 1.810000000000000e+002, NULL, NULL);
INSERT INTO `lst_country` VALUES('EGY', 'EGYPT', 1, 1.860000000000000e+002, NULL, NULL);
INSERT INTO `lst_country` VALUES('ELS', 'EL SALVADOR', 1, 1.910000000000000e+002, NULL, NULL);
INSERT INTO `lst_country` VALUES('ENG', 'ENGLAND', 1, 1.960000000000000e+002, NULL, NULL);
INSERT INTO `lst_country` VALUES('EQG', 'EQUATORIAL GUINEA', 1, 2.010000000000000e+002, NULL, NULL);
INSERT INTO `lst_country` VALUES('ERI', 'ERITREA', 1, 2.060000000000000e+002, NULL, NULL);
INSERT INTO `lst_country` VALUES('EST', 'ESTONIA', 1, 2.110000000000000e+002, NULL, NULL);
INSERT INTO `lst_country` VALUES('ETH', 'ETHIOPIA', 1, 2.160000000000000e+002, NULL, NULL);
INSERT INTO `lst_country` VALUES('FIN', 'FINLAND', 1, 2.210000000000000e+002, NULL, NULL);
INSERT INTO `lst_country` VALUES('FRA', 'FRANCE', 1, 2.260000000000000e+002, NULL, NULL);
INSERT INTO `lst_country` VALUES('GAB', 'GABON', 1, 2.310000000000000e+002, NULL, NULL);
INSERT INTO `lst_country` VALUES('GAM', 'GAMBIA', 1, 2.360000000000000e+002, NULL, NULL);
INSERT INTO `lst_country` VALUES('GEO', 'GEORGIA', 1, 2.410000000000000e+002, NULL, NULL);
INSERT INTO `lst_country` VALUES('GER', 'GERMANY', 1, 2.460000000000000e+002, NULL, NULL);
INSERT INTO `lst_country` VALUES('GHA', 'GHANA', 1, 2.510000000000000e+002, NULL, NULL);
INSERT INTO `lst_country` VALUES('GRA', 'GRENADA', 1, 2.560000000000000e+002, NULL, NULL);
INSERT INTO `lst_country` VALUES('GRE', 'GREECE', 1, 2.610000000000000e+002, NULL, NULL);
INSERT INTO `lst_country` VALUES('GRN', 'GREENLAND', 1, 2.660000000000000e+002, NULL, NULL);
INSERT INTO `lst_country` VALUES('GUA', 'GUATEMALA', 1, 2.710000000000000e+002, NULL, NULL);
INSERT INTO `lst_country` VALUES('GUI', 'GUINEA', 1, 2.760000000000000e+002, NULL, NULL);
INSERT INTO `lst_country` VALUES('GUY', 'GUYANA', 1, 2.810000000000000e+002, NULL, NULL);
INSERT INTO `lst_country` VALUES('HAI', 'HAITI', 1, 2.860000000000000e+002, NULL, NULL);
INSERT INTO `lst_country` VALUES('HGK', 'HONG KONG', 1, 2.910000000000000e+002, NULL, NULL);
INSERT INTO `lst_country` VALUES('HON', 'HONDURUS', 1, 2.960000000000000e+002, NULL, NULL);
INSERT INTO `lst_country` VALUES('HUN', 'HUNGARY', 1, 3.010000000000000e+002, NULL, NULL);
INSERT INTO `lst_country` VALUES('ICE', 'ICELAND', 1, 3.060000000000000e+002, NULL, NULL);
INSERT INTO `lst_country` VALUES('INA', 'INDONESIA', 1, 3.110000000000000e+002, NULL, NULL);
INSERT INTO `lst_country` VALUES('IND', 'INDIA', 1, 3.160000000000000e+002, NULL, NULL);
INSERT INTO `lst_country` VALUES('IRE', 'IRELAND', 1, 3.210000000000000e+002, NULL, NULL);
INSERT INTO `lst_country` VALUES('IRN', 'IRAN', 1, 3.260000000000000e+002, NULL, NULL);
INSERT INTO `lst_country` VALUES('IRQ', 'IRAQ', 1, 3.310000000000000e+002, NULL, NULL);
INSERT INTO `lst_country` VALUES('ISR', 'ISRAEL', 1, 3.360000000000000e+002, NULL, NULL);
INSERT INTO `lst_country` VALUES('ITA', 'ITALY', 1, 3.410000000000000e+002, NULL, NULL);
INSERT INTO `lst_country` VALUES('IVC', 'IVORY COAST', 1, 3.460000000000000e+002, NULL, NULL);
INSERT INTO `lst_country` VALUES('JAM', 'JAMAICA', 1, 3.510000000000000e+002, NULL, NULL);
INSERT INTO `lst_country` VALUES('JAP', 'JAPAN', 1, 3.560000000000000e+002, NULL, NULL);
INSERT INTO `lst_country` VALUES('JOR', 'JORDAN', 1, 3.610000000000000e+002, NULL, NULL);
INSERT INTO `lst_country` VALUES('KAZ', 'KAZAKHSTAN', 1, 3.660000000000000e+002, NULL, NULL);
INSERT INTO `lst_country` VALUES('KEN', 'KENYA', 1, 3.710000000000000e+002, NULL, NULL);
INSERT INTO `lst_country` VALUES('KOR', 'KOREA', 1, 3.760000000000000e+002, NULL, NULL);
INSERT INTO `lst_country` VALUES('KOS', 'KOSOVO', 1, 3.810000000000000e+002, NULL, NULL);
INSERT INTO `lst_country` VALUES('KUW', 'KUWAIT', 1, 3.860000000000000e+002, NULL, NULL);
INSERT INTO `lst_country` VALUES('LAO', 'LAOS', 1, 3.910000000000000e+002, NULL, NULL);
INSERT INTO `lst_country` VALUES('LAT', 'LATVIA', 1, 3.960000000000000e+002, NULL, NULL);
INSERT INTO `lst_country` VALUES('LEB', 'LEBANON', 1, 4.010000000000000e+002, NULL, NULL);
INSERT INTO `lst_country` VALUES('LES', 'LESOTHO', 1, 4.059999999999999e+002, NULL, NULL);
INSERT INTO `lst_country` VALUES('LIB', 'LIBERIA', 1, 4.110000000000001e+002, NULL, NULL);
INSERT INTO `lst_country` VALUES('LIT', 'LITHUANIA', 1, 4.160000000000000e+002, NULL, NULL);
INSERT INTO `lst_country` VALUES('LUX', 'LUXEMBOURG', 1, 4.210000000000000e+002, NULL, NULL);
INSERT INTO `lst_country` VALUES('LYA', 'LIBYA', 1, 4.260000000000000e+002, NULL, NULL);
INSERT INTO `lst_country` VALUES('MAI', 'MALI', 1, 4.309999999999999e+002, NULL, NULL);
INSERT INTO `lst_country` VALUES('MAK', 'MACEDONIA', 1, 4.360000000000001e+002, NULL, NULL);
INSERT INTO `lst_country` VALUES('MAL', 'MALAWI', 1, 4.410000000000000e+002, NULL, NULL);
INSERT INTO `lst_country` VALUES('MAS', 'MAURITIUS', 1, 4.460000000000000e+002, NULL, NULL);
INSERT INTO `lst_country` VALUES('MAU', 'MAURITANIA', 1, 4.510000000000000e+002, NULL, NULL);
INSERT INTO `lst_country` VALUES('MEX', 'MEXICO', 1, 4.559999999999999e+002, NULL, NULL);
INSERT INTO `lst_country` VALUES('MGR', 'MALAGASY RRP', 1, 4.610000000000001e+002, NULL, NULL);
INSERT INTO `lst_country` VALUES('MIA', 'MALASIA', 1, 4.660000000000000e+002, NULL, NULL);
INSERT INTO `lst_country` VALUES('MIS', 'MALEDIVE ISLAND', 1, 4.710000000000000e+002, NULL, NULL);
INSERT INTO `lst_country` VALUES('MON', 'MONGOLIAN REP', 1, 4.760000000000000e+002, NULL, NULL);
INSERT INTO `lst_country` VALUES('MOR', 'MOROCO', 1, 4.809999999999999e+002, NULL, NULL);
INSERT INTO `lst_country` VALUES('MTA', 'MALTA', 1, 4.860000000000001e+002, NULL, NULL);
INSERT INTO `lst_country` VALUES('MYA', 'MYAMAR', 1, 4.910000000000000e+002, NULL, NULL);
INSERT INTO `lst_country` VALUES('NET', 'NETHERLANDS', 1, 4.960000000000000e+002, NULL, NULL);
INSERT INTO `lst_country` VALUES('NEZ', 'NEW ZEALAND', 1, 5.010000000000000e+002, NULL, NULL);
INSERT INTO `lst_country` VALUES('NIC', 'NICARAGUA', 1, 5.059999999999999e+002, NULL, NULL);
INSERT INTO `lst_country` VALUES('NIG', 'NIGERIA', 1, 5.110000000000001e+002, NULL, NULL);
INSERT INTO `lst_country` VALUES('NOR', 'NORWAY', 1, 5.160000000000000e+002, NULL, NULL);
INSERT INTO `lst_country` VALUES('NPL', 'NEPAL', 1, 5.210000000000000e+002, NULL, NULL);
INSERT INTO `lst_country` VALUES('OTH', 'OTHER', 1, 5.230000000000000e+002, NULL, NULL);
INSERT INTO `lst_country` VALUES('PAK', 'PAKISTAN', 1, 5.260000000000000e+002, NULL, NULL);
INSERT INTO `lst_country` VALUES('PAN', 'PANAMA', 1, 5.310000000000000e+002, NULL, NULL);
INSERT INTO `lst_country` VALUES('PAR', 'PARAGUAY', 1, 5.360000000000000e+002, NULL, NULL);
INSERT INTO `lst_country` VALUES('PER', 'PERU', 1, 5.410000000000000e+002, NULL, NULL);
INSERT INTO `lst_country` VALUES('PHI', 'PHILLIPINES', 1, 5.460000000000000e+002, NULL, NULL);
INSERT INTO `lst_country` VALUES('POL', 'POLAND', 1, 5.510000000000000e+002, NULL, NULL);
INSERT INTO `lst_country` VALUES('POR', 'PORTUGAL', 1, 5.560000000000000e+002, NULL, NULL);
INSERT INTO `lst_country` VALUES('RHO', 'RHODESIA', 1, 5.610000000000000e+002, NULL, NULL);
INSERT INTO `lst_country` VALUES('ROM', 'ROMANIA', 1, 5.660000000000000e+002, NULL, NULL);
INSERT INTO `lst_country` VALUES('RUS', 'RUSSIA', 1, 5.710000000000000e+002, NULL, NULL);
INSERT INTO `lst_country` VALUES('RWA', 'RWANDA', 1, 5.760000000000000e+002, NULL, NULL);
INSERT INTO `lst_country` VALUES('SAF', 'SOUTH AFRICA', 1, 5.810000000000000e+002, NULL, NULL);
INSERT INTO `lst_country` VALUES('SAM', 'SAMOA', 1, 5.860000000000000e+002, NULL, NULL);
INSERT INTO `lst_country` VALUES('SAU', 'SAUDIA ARABIA', 1, 5.910000000000000e+002, NULL, NULL);
INSERT INTO `lst_country` VALUES('SCO', 'SCOTLAND', 1, 5.960000000000000e+002, NULL, NULL);
INSERT INTO `lst_country` VALUES('SEN', 'SENEGAL', 1, 6.010000000000000e+002, NULL, NULL);
INSERT INTO `lst_country` VALUES('SIN', 'SINGAPORE', 1, 6.060000000000000e+002, NULL, NULL);
INSERT INTO `lst_country` VALUES('SLO', 'SLOVENIA', 1, 6.110000000000000e+002, NULL, NULL);
INSERT INTO `lst_country` VALUES('SOM', 'SOMALIA', 1, 6.160000000000000e+002, NULL, NULL);
INSERT INTO `lst_country` VALUES('SPA', 'SPAIN', 1, 6.210000000000000e+002, NULL, NULL);
INSERT INTO `lst_country` VALUES('SRI', 'SRI LANKA', 1, 6.260000000000000e+002, NULL, NULL);
INSERT INTO `lst_country` VALUES('SUD', 'SUDAN', 1, 6.310000000000000e+002, NULL, NULL);
INSERT INTO `lst_country` VALUES('SWE', 'SWEDEN', 1, 6.360000000000000e+002, NULL, NULL);
INSERT INTO `lst_country` VALUES('SWI', 'SWITZERLAND', 1, 6.410000000000000e+002, NULL, NULL);
INSERT INTO `lst_country` VALUES('SYR', 'SYRIA', 1, 6.460000000000000e+002, NULL, NULL);
INSERT INTO `lst_country` VALUES('TAI', 'TAIWAN', 1, 6.510000000000000e+002, NULL, NULL);
INSERT INTO `lst_country` VALUES('TAN', 'TANZANIA', 1, 6.560000000000000e+002, NULL, NULL);
INSERT INTO `lst_country` VALUES('THA', 'THAILAND', 1, 6.610000000000000e+002, NULL, NULL);
INSERT INTO `lst_country` VALUES('TIB', 'TIBET', 1, 6.660000000000000e+002, NULL, NULL);
INSERT INTO `lst_country` VALUES('TOB', 'TOBAGO', 1, 6.710000000000000e+002, NULL, NULL);
INSERT INTO `lst_country` VALUES('TOR', 'TOGO REP.', 1, 6.760000000000000e+002, NULL, NULL);
INSERT INTO `lst_country` VALUES('TRI', 'TRINIDAD', 1, 6.810000000000000e+002, NULL, NULL);
INSERT INTO `lst_country` VALUES('TUN', 'TUNISIA', 1, 6.860000000000000e+002, NULL, NULL);
INSERT INTO `lst_country` VALUES('TUR', 'TURKEY', 1, 6.910000000000000e+002, NULL, NULL);
INSERT INTO `lst_country` VALUES('UGA', 'UGANDA', 1, 6.960000000000000e+002, NULL, NULL);
INSERT INTO `lst_country` VALUES('UKR', 'UKRAINE', 1, 7.010000000000000e+002, NULL, NULL);
INSERT INTO `lst_country` VALUES('URU', 'URUGUAY', 1, 7.060000000000000e+002, NULL, NULL);
INSERT INTO `lst_country` VALUES('USA', 'UNITED STATES', 1, 7.110000000000000e+002, NULL, NULL);
INSERT INTO `lst_country` VALUES('VEN', 'VENEZUELA', 1, 7.160000000000000e+002, NULL, NULL);
INSERT INTO `lst_country` VALUES('VIE', 'VIETNAM', 1, 7.210000000000000e+002, NULL, NULL);
INSERT INTO `lst_country` VALUES('WAL', 'WALES', 1, 7.260000000000000e+002, NULL, NULL);
INSERT INTO `lst_country` VALUES('YEM', 'YEMEN', 1, 7.310000000000000e+002, NULL, NULL);
INSERT INTO `lst_country` VALUES('YUG', 'YUGOSLAVIA', 1, 7.360000000000000e+002, NULL, NULL);
INSERT INTO `lst_country` VALUES('ZAM', 'ZAMBIA', 1, 7.410000000000000e+002, NULL, NULL);
INSERT INTO `lst_country` VALUES('ZIM', 'ZIMBABWE', 1, 7.460000000000000e+002, NULL, NULL);
INSERT INTO `lst_country` VALUES('ZUL', 'ZULEU', 1, 7.510000000000000e+002, NULL, NULL);
UNLOCK TABLES;

delete from lst_cursleeparrangement;

LOCK TABLES `lst_cursleeparrangement` WRITE;
INSERT INTO `lst_cursleeparrangement` VALUES(1.000000000000000e+000, 'Shelter', 1, 1.400000000000000e+002, NULL, NULL);
INSERT INTO `lst_cursleeparrangement` VALUES(1.000000000000000e+001, 'Sidewalk/Ground/Grate', 1, 1.500000000000000e+002, NULL, NULL);
INSERT INTO `lst_cursleeparrangement` VALUES(1.100000000000000e+001, 'Bus Stop/Shelter', 1, 2.000000000000000e+001, NULL, NULL);
INSERT INTO `lst_cursleeparrangement` VALUES(1.200000000000000e+001, 'Self-build/Encampment', 1, 1.300000000000000e+002, NULL, NULL);
INSERT INTO `lst_cursleeparrangement` VALUES(1.300000000000000e+001, 'Nathan Philip Square', 1, 1.000000000000000e+002, NULL, NULL);
INSERT INTO `lst_cursleeparrangement` VALUES(1.400000000000000e+001, 'Park', 1, 1.100000000000000e+002, NULL, NULL);
INSERT INTO `lst_cursleeparrangement` VALUES(1.500000000000000e+001, 'Refused to Answer', 1, 1.200000000000000e+002, NULL, NULL);
INSERT INTO `lst_cursleeparrangement` VALUES(2.000000000000000e+000, 'ARC Respite', 1, 1.000000000000000e+001, NULL, NULL);
INSERT INTO `lst_cursleeparrangement` VALUES(3.000000000000000e+000, 'Family', 1, 5.000000000000000e+001, NULL, NULL);
INSERT INTO `lst_cursleeparrangement` VALUES(4.000000000000000e+000, 'Friends', 1, 6.000000000000000e+001, NULL, NULL);
INSERT INTO `lst_cursleeparrangement` VALUES(5.000000000000000e+000, 'Jail', 1, 8.000000000000000e+001, NULL, NULL);
INSERT INTO `lst_cursleeparrangement` VALUES(6.000000000000000e+000, 'Housing', 1, 7.000000000000000e+001, NULL, NULL);
INSERT INTO `lst_cursleeparrangement` VALUES(7.000000000000000e+000, 'Detox/Treatment', 1, 4.000000000000000e+001, NULL, NULL);
INSERT INTO `lst_cursleeparrangement` VALUES(8.000000000000000e+000, 'Bus/Airplane', 1, 3.000000000000000e+001, NULL, NULL);
INSERT INTO `lst_cursleeparrangement` VALUES(9.000000000000000e+000, 'Motel/Hotel', 1, 9.000000000000000e+001, NULL, NULL);
UNLOCK TABLES;

delete from lst_discharge_reason;

LOCK TABLES `lst_discharge_reason` WRITE;
INSERT INTO `lst_discharge_reason` VALUES('1','Assault of residents, volunteers or staff', 0, 1, 1.000000000000000e+001, NULL, NULL);
INSERT INTO `lst_discharge_reason` VALUES('10','Long-term care facilities', 0, 1, 1.000000000000000e+002, NULL, NULL);
INSERT INTO `lst_discharge_reason` VALUES('11','Not following case plan', 0, 1, 1.100000000000000e+002, NULL, NULL);
INSERT INTO `lst_discharge_reason` VALUES('12','Not participating in case planning', 0, 1, 1.200000000000000e+002, NULL, NULL);
INSERT INTO `lst_discharge_reason` VALUES('13','Possession of firearms ', 0, 1, 1.300000000000000e+002, NULL, NULL);
INSERT INTO `lst_discharge_reason` VALUES('14','Possession of illegal substances/contraband ', 0, 1, 1.400000000000000e+002, NULL, NULL);
INSERT INTO `lst_discharge_reason` VALUES('15','Repeated rule violations', 0, 1, 1.500000000000000e+002, NULL, NULL);
INSERT INTO `lst_discharge_reason` VALUES('16','Residential treatment program', 0, 1, 1.600000000000000e+002, NULL, NULL);
INSERT INTO `lst_discharge_reason` VALUES('17','Reunited with family/friends', 0, 1, 1.700000000000000e+002, NULL, NULL);
INSERT INTO `lst_discharge_reason` VALUES('18','Trafficking in illegal drugs', 0, 1, 1.800000000000000e+002, NULL, NULL);
INSERT INTO `lst_discharge_reason` VALUES('19','Violent or threatening behaviour', 0, 1, 1.900000000000000e+002, NULL, NULL);
INSERT INTO `lst_discharge_reason` VALUES('2','Decided to leave', 0, 1, 2.000000000000000e+001, NULL, NULL);
INSERT INTO `lst_discharge_reason` VALUES('20','Wielding weapons or dangerous objects', 0, 1, 2.000000000000000e+002, NULL, NULL);
INSERT INTO `lst_discharge_reason` VALUES('3','Detox', 0, 1, 3.000000000000000e+001, NULL, NULL);
INSERT INTO `lst_discharge_reason` VALUES('4','Disruptive behaviour', 0, 1, 4.000000000000000e+001, NULL, NULL);
INSERT INTO `lst_discharge_reason` VALUES('5','Failed to return ', 0, 1, 5.000000000000000e+001, NULL, NULL);
INSERT INTO `lst_discharge_reason` VALUES('6','Health & Safety of residents, volunteers or staff', 0, 1, 6.000000000000000e+001, NULL, NULL);
INSERT INTO `lst_discharge_reason` VALUES('7','Hospitalized', 0, 1, 7.000000000000000e+001, NULL, NULL);
INSERT INTO `lst_discharge_reason` VALUES('8','Housing', 0, 1, 8.000000000000000e+001, NULL, NULL);
INSERT INTO `lst_discharge_reason` VALUES('9','Incarcerated ', 0, 1, 9.000000000000000e+001, NULL, NULL);
INSERT INTO `lst_discharge_reason` VALUES('50','Automatic discharge - Client admitted to another program', 0, 1, 5.000000000000000e+002, '262074', '2008-10-07 11:26:49');
UNLOCK TABLES;

delete from lst_documentcategory;

LOCK TABLES `lst_documentcategory` WRITE;
INSERT INTO `lst_documentcategory` VALUES('A', 'Advocacy', 1, 1.000000000000000e+001, NULL, NULL);
INSERT INTO `lst_documentcategory` VALUES('B', 'Transportation', 1, 2.000000000000000e+002, NULL, NULL);
INSERT INTO `lst_documentcategory` VALUES('C', 'Education', 1, 5.000000000000000e+001, NULL, NULL);
INSERT INTO `lst_documentcategory` VALUES('D', 'Legal Information', 1, 1.100000000000000e+002, NULL, NULL);
INSERT INTO `lst_documentcategory` VALUES('E', 'Housing', 1, 8.000000000000000e+001, NULL, NULL);
INSERT INTO `lst_documentcategory` VALUES('F', 'Personal', 1, 1.500000000000000e+002, NULL, NULL);
INSERT INTO `lst_documentcategory` VALUES('H', 'Immigration', 1, 1.000000000000000e+002, NULL, NULL);
INSERT INTO `lst_documentcategory` VALUES('I', 'Medical Information', 1, 1.300000000000000e+002, NULL, NULL);
INSERT INTO `lst_documentcategory` VALUES('J', 'Rehabilitation ', 1, 1.700000000000000e+002, NULL, NULL);
INSERT INTO `lst_documentcategory` VALUES('K', 'Consent Forms', 1, 3.000000000000000e+001, NULL, NULL);
INSERT INTO `lst_documentcategory` VALUES('L', 'Police Records', 1, 1.600000000000000e+002, NULL, NULL);
INSERT INTO `lst_documentcategory` VALUES('M', 'Court Orders', 1, 4.000000000000000e+001, NULL, NULL);
INSERT INTO `lst_documentcategory` VALUES('N', 'Social Services Records', 1, 1.800000000000000e+002, NULL, NULL);
INSERT INTO `lst_documentcategory` VALUES('O', 'Citizenship', 1, 2.000000000000000e+001, NULL, NULL);
INSERT INTO `lst_documentcategory` VALUES('P', 'Identification', 1, 9.000000000000000e+001, NULL, NULL);
INSERT INTO `lst_documentcategory` VALUES('Q', 'Work Visa', 1, 2.100000000000000e+002, NULL, NULL);
INSERT INTO `lst_documentcategory` VALUES('Q1', 'Tax Records', 1, 1.900000000000000e+002, NULL, NULL);
INSERT INTO `lst_documentcategory` VALUES('X', 'Military/Army Service Records', 1, 1.400000000000000e+002, NULL, NULL);
INSERT INTO `lst_documentcategory` VALUES('Y', 'Letters', 1, 1.200000000000000e+002, NULL, NULL);
INSERT INTO `lst_documentcategory` VALUES('Z', 'General Attachment', 1, 7.000000000000000e+001, NULL, NULL);
INSERT INTO `lst_documentcategory` VALUES('a2', 'Family Pictures', 1, 6.000000000000000e+001, NULL, NULL);
UNLOCK TABLES;

delete from lst_documenttype;

LOCK TABLES `lst_documenttype` WRITE;
INSERT INTO `lst_documenttype` VALUES('323', NULL, 1, 1.000000000000000e+000, 'text/h323', 'DOC', NULL, NULL);
INSERT INTO `lst_documenttype` VALUES('acx', NULL, 1, 2.000000000000000e+000, 'application/internet-property-stream', 'DOC', NULL, NULL);
INSERT INTO `lst_documenttype` VALUES('ai', NULL, 1, 3.000000000000000e+000, 'application/postscript', 'DOC', NULL, NULL);
INSERT INTO `lst_documenttype` VALUES('aif', NULL, 1, 4.000000000000000e+000, 'audio/x-aiff', 'DOC', NULL, NULL);
INSERT INTO `lst_documenttype` VALUES('aifc', NULL, 1, 5.000000000000000e+000, 'audio/x-aiff', 'DOC', NULL, NULL);
INSERT INTO `lst_documenttype` VALUES('aiff', NULL, 1, 6.000000000000000e+000, 'audio/x-aiff', 'DOC', NULL, NULL);
INSERT INTO `lst_documenttype` VALUES('asf', NULL, 1, 7.000000000000000e+000, 'video/x-ms-asf', 'DOC', NULL, NULL);
INSERT INTO `lst_documenttype` VALUES('asr', NULL, 1, 8.000000000000000e+000, 'video/x-ms-asf', 'DOC', NULL, NULL);
INSERT INTO `lst_documenttype` VALUES('asx', NULL, 1, 9.000000000000000e+000, 'video/x-ms-asf', 'DOC', NULL, NULL);
INSERT INTO `lst_documenttype` VALUES('au', NULL, 1, 1.000000000000000e+001, 'audio/basic', 'DOC', NULL, NULL);
INSERT INTO `lst_documenttype` VALUES('avi', NULL, 1, 1.100000000000000e+001, 'video/x-msvideo', 'VIDEO', NULL, NULL);
INSERT INTO `lst_documenttype` VALUES('axs', NULL, 1, 1.200000000000000e+001, 'application/olescript', 'DOC', NULL, NULL);
INSERT INTO `lst_documenttype` VALUES('bas', NULL, 1, 1.300000000000000e+001, 'text/plain', 'DOC', NULL, NULL);
INSERT INTO `lst_documenttype` VALUES('bcpio', NULL, 1, 1.400000000000000e+001, 'application/x-bcpio', 'DOC', NULL, NULL);
INSERT INTO `lst_documenttype` VALUES('bin', NULL, 1, 1.500000000000000e+001, 'application/octet-stream', 'DOC', NULL, NULL);
INSERT INTO `lst_documenttype` VALUES('bmp', NULL, 1, 1.600000000000000e+001, 'image/bmp', 'DOC', NULL, NULL);
INSERT INTO `lst_documenttype` VALUES('c', NULL, 1, 1.700000000000000e+001, 'text/plain', 'DOC', NULL, NULL);
INSERT INTO `lst_documenttype` VALUES('cat', NULL, 1, 1.800000000000000e+001, 'application/vnd.ms-pkiseccat', 'DOC', NULL, NULL);
INSERT INTO `lst_documenttype` VALUES('cdf', NULL, 1, 1.900000000000000e+001, 'application/x-cdf', 'DOC', NULL, NULL);
INSERT INTO `lst_documenttype` VALUES('cer', NULL, 1, 2.000000000000000e+001, 'application/x-x509-ca-cert', 'DOC', NULL, NULL);
INSERT INTO `lst_documenttype` VALUES('class', NULL, 1, 2.100000000000000e+001, 'application/octet-stream', 'DOC', NULL, NULL);
INSERT INTO `lst_documenttype` VALUES('clp', NULL, 1, 2.200000000000000e+001, 'application/x-msclip', 'DOC', NULL, NULL);
INSERT INTO `lst_documenttype` VALUES('cmx', NULL, 1, 2.300000000000000e+001, 'image/x-cmx', 'DOC', NULL, NULL);
INSERT INTO `lst_documenttype` VALUES('cod', NULL, 1, 2.400000000000000e+001, 'image/cis-cod', 'DOC', NULL, NULL);
INSERT INTO `lst_documenttype` VALUES('cpio', NULL, 1, 2.500000000000000e+001, 'application/x-cpio', 'DOC', NULL, NULL);
INSERT INTO `lst_documenttype` VALUES('crd', NULL, 1, 2.600000000000000e+001, 'application/x-mscardfile', 'DOC', NULL, NULL);
INSERT INTO `lst_documenttype` VALUES('crl', NULL, 1, 2.700000000000000e+001, 'application/pkix-crl', 'DOC', NULL, NULL);
INSERT INTO `lst_documenttype` VALUES('crt', NULL, 1, 2.800000000000000e+001, 'application/x-x509-ca-cert', 'DOC', NULL, NULL);
INSERT INTO `lst_documenttype` VALUES('csh', NULL, 1, 2.900000000000000e+001, 'application/x-csh', 'DOC', NULL, NULL);
INSERT INTO `lst_documenttype` VALUES('css', NULL, 1, 3.000000000000000e+001, 'text/css', 'DOC', NULL, NULL);
INSERT INTO `lst_documenttype` VALUES('dcr', NULL, 1, 3.100000000000000e+001, 'application/x-director', 'DOC', NULL, NULL);
INSERT INTO `lst_documenttype` VALUES('der', NULL, 1, 3.200000000000000e+001, 'application/x-x509-ca-cert', 'DOC', NULL, NULL);
INSERT INTO `lst_documenttype` VALUES('dir', NULL, 1, 3.300000000000000e+001, 'application/x-director', 'DOC', NULL, NULL);
INSERT INTO `lst_documenttype` VALUES('dll', NULL, 1, 3.400000000000000e+001, 'application/x-msdownload', 'DOC', NULL, NULL);
INSERT INTO `lst_documenttype` VALUES('dms', NULL, 1, 3.500000000000000e+001, 'application/octet-stream', 'DOC', NULL, NULL);
INSERT INTO `lst_documenttype` VALUES('doc', NULL, 1, 3.600000000000000e+001, 'application/msword', 'DOC', NULL, NULL);
INSERT INTO `lst_documenttype` VALUES('dot', NULL, 1, 3.700000000000000e+001, 'application/msword', 'DOC', NULL, NULL);
INSERT INTO `lst_documenttype` VALUES('dvi', NULL, 1, 3.800000000000000e+001, 'application/x-dvi', 'DOC', NULL, NULL);
INSERT INTO `lst_documenttype` VALUES('dxr', NULL, 1, 3.900000000000000e+001, 'application/x-director', 'DOC', NULL, NULL);
INSERT INTO `lst_documenttype` VALUES('eps', NULL, 1, 4.000000000000000e+001, 'application/postscript', 'DOC', NULL, NULL);
INSERT INTO `lst_documenttype` VALUES('etx', NULL, 1, 4.100000000000000e+001, 'text/x-setext', 'DOC', NULL, NULL);
INSERT INTO `lst_documenttype` VALUES('evy', NULL, 1, 4.200000000000000e+001, 'application/envoy', 'DOC', NULL, NULL);
INSERT INTO `lst_documenttype` VALUES('exe', NULL, 1, 4.300000000000000e+001, 'application/octet-stream', 'DOC', NULL, NULL);
INSERT INTO `lst_documenttype` VALUES('fif', NULL, 1, 4.400000000000000e+001, 'application/fractals', 'DOC', NULL, NULL);
INSERT INTO `lst_documenttype` VALUES('flr', NULL, 1, 4.500000000000000e+001, 'x-world/x-vrml', 'DOC', NULL, NULL);
INSERT INTO `lst_documenttype` VALUES('gif', NULL, 1, 4.600000000000000e+001, 'image/gif', 'DOC', NULL, NULL);
INSERT INTO `lst_documenttype` VALUES('gtar', NULL, 1, 4.700000000000000e+001, 'application/x-gtar', 'DOC', NULL, NULL);
INSERT INTO `lst_documenttype` VALUES('gz', NULL, 1, 4.800000000000000e+001, 'application/x-gzip', 'DOC', NULL, NULL);
INSERT INTO `lst_documenttype` VALUES('h', NULL, 1, 4.900000000000000e+001, 'text/plain', 'DOC', NULL, NULL);
INSERT INTO `lst_documenttype` VALUES('hdf', NULL, 1, 5.000000000000000e+001, 'application/x-hdf', 'DOC', NULL, NULL);
INSERT INTO `lst_documenttype` VALUES('hlp', NULL, 1, 5.100000000000000e+001, 'application/winhlp', 'DOC', NULL, NULL);
INSERT INTO `lst_documenttype` VALUES('hqx', NULL, 1, 5.200000000000000e+001, 'application/mac-binhex40', 'DOC', NULL, NULL);
INSERT INTO `lst_documenttype` VALUES('hta', NULL, 1, 5.300000000000000e+001, 'application/hta', 'DOC', NULL, NULL);
INSERT INTO `lst_documenttype` VALUES('htc', NULL, 1, 5.400000000000000e+001, 'text/x-component', 'DOC', NULL, NULL);
INSERT INTO `lst_documenttype` VALUES('htm', NULL, 1, 5.500000000000000e+001, 'text/html', 'DOC', NULL, NULL);
INSERT INTO `lst_documenttype` VALUES('html', NULL, 1, 5.600000000000000e+001, 'text/html', 'DOC', NULL, NULL);
INSERT INTO `lst_documenttype` VALUES('htt', NULL, 1, 5.700000000000000e+001, 'text/webviewhtml', 'DOC', NULL, NULL);
INSERT INTO `lst_documenttype` VALUES('ico', NULL, 1, 5.800000000000000e+001, 'image/x-icon', 'DOC', NULL, NULL);
INSERT INTO `lst_documenttype` VALUES('ief', NULL, 1, 5.900000000000000e+001, 'image/ief', 'DOC', NULL, NULL);
INSERT INTO `lst_documenttype` VALUES('iii', NULL, 1, 6.000000000000000e+001, 'application/x-iphone', 'DOC', NULL, NULL);
INSERT INTO `lst_documenttype` VALUES('ins', NULL, 1, 6.100000000000000e+001, 'application/x-internet-signup', 'DOC', NULL, NULL);
INSERT INTO `lst_documenttype` VALUES('isp', NULL, 1, 6.200000000000000e+001, 'application/x-internet-signup', 'DOC', NULL, NULL);
INSERT INTO `lst_documenttype` VALUES('jfif', NULL, 1, 6.300000000000000e+001, 'image/pipeg', 'DOC', NULL, NULL);
INSERT INTO `lst_documenttype` VALUES('jpe', NULL, 1, 6.400000000000000e+001, 'image/jpeg', 'DOC', NULL, NULL);
INSERT INTO `lst_documenttype` VALUES('jpeg', NULL, 1, 6.500000000000000e+001, 'image/jpeg', 'DOC', NULL, NULL);
INSERT INTO `lst_documenttype` VALUES('jpg', NULL, 1, 6.600000000000000e+001, 'image/jpeg', 'DOC', NULL, NULL);
INSERT INTO `lst_documenttype` VALUES('js', NULL, 1, 6.700000000000000e+001, 'application/x-javascript', 'DOC', NULL, NULL);
INSERT INTO `lst_documenttype` VALUES('latex', NULL, 1, 6.800000000000000e+001, 'application/x-latex', 'DOC', NULL, NULL);
INSERT INTO `lst_documenttype` VALUES('lha', NULL, 1, 6.900000000000000e+001, 'application/octet-stream', 'DOC', NULL, NULL);
INSERT INTO `lst_documenttype` VALUES('lsf', NULL, 1, 7.000000000000000e+001, 'video/x-la-asf', 'DOC', NULL, NULL);
INSERT INTO `lst_documenttype` VALUES('lsx', NULL, 1, 7.100000000000000e+001, 'video/x-la-asf', 'DOC', NULL, NULL);
INSERT INTO `lst_documenttype` VALUES('lzh', NULL, 1, 7.200000000000000e+001, 'application/octet-stream', 'DOC', NULL, NULL);
INSERT INTO `lst_documenttype` VALUES('m13', NULL, 1, 7.300000000000000e+001, 'application/x-msmediaview', 'DOC', NULL, NULL);
INSERT INTO `lst_documenttype` VALUES('m14', NULL, 1, 7.400000000000000e+001, 'application/x-msmediaview', 'DOC', NULL, NULL);
INSERT INTO `lst_documenttype` VALUES('m3u', NULL, 1, 7.500000000000000e+001, 'audio/x-mpegurl', 'DOC', NULL, NULL);
INSERT INTO `lst_documenttype` VALUES('man', NULL, 1, 7.600000000000000e+001, 'application/x-troff-man', 'DOC', NULL, NULL);
INSERT INTO `lst_documenttype` VALUES('mdb', NULL, 1, 7.700000000000000e+001, 'application/x-msaccess', 'DOC', NULL, NULL);
INSERT INTO `lst_documenttype` VALUES('me', NULL, 1, 7.800000000000000e+001, 'application/x-troff-me', 'DOC', NULL, NULL);
INSERT INTO `lst_documenttype` VALUES('mht', NULL, 1, 7.900000000000000e+001, 'message/rfc822', 'DOC', NULL, NULL);
INSERT INTO `lst_documenttype` VALUES('mhtml', NULL, 1, 8.000000000000000e+001, 'message/rfc822', 'DOC', NULL, NULL);
INSERT INTO `lst_documenttype` VALUES('mid', NULL, 1, 8.100000000000000e+001, 'audio/mid', 'DOC', NULL, NULL);
INSERT INTO `lst_documenttype` VALUES('mny', NULL, 1, 8.200000000000000e+001, 'application/x-msmoney', 'DOC', NULL, NULL);
INSERT INTO `lst_documenttype` VALUES('mov', NULL, 1, 8.300000000000000e+001, 'video/quicktime', 'VIDEO', NULL, NULL);
INSERT INTO `lst_documenttype` VALUES('movie', NULL, 1, 8.400000000000000e+001, 'video/x-sgi-movie', 'VIDEO', NULL, NULL);
INSERT INTO `lst_documenttype` VALUES('mp2', NULL, 1, 8.500000000000000e+001, 'video/mpeg', 'DOC', NULL, NULL);
INSERT INTO `lst_documenttype` VALUES('mp3', NULL, 1, 8.600000000000000e+001, 'audio/mpeg', 'DOC', NULL, NULL);
INSERT INTO `lst_documenttype` VALUES('mpa', NULL, 1, 8.700000000000000e+001, 'video/mpeg', 'DOC', NULL, NULL);
INSERT INTO `lst_documenttype` VALUES('mpe', NULL, 1, 8.800000000000000e+001, 'video/mpeg', 'DOC', NULL, NULL);
INSERT INTO `lst_documenttype` VALUES('mpeg', NULL, 1, 8.900000000000000e+001, 'video/mpeg', 'DOC', NULL, NULL);
INSERT INTO `lst_documenttype` VALUES('mpg', NULL, 1, 9.000000000000000e+001, 'video/mpeg', 'DOC', NULL, NULL);
INSERT INTO `lst_documenttype` VALUES('mpp', NULL, 1, 9.100000000000000e+001, 'application/vnd.ms-project', 'DOC', NULL, NULL);
INSERT INTO `lst_documenttype` VALUES('mpv2', NULL, 1, 9.200000000000000e+001, 'video/mpeg', 'DOC', NULL, NULL);
INSERT INTO `lst_documenttype` VALUES('ms', NULL, 1, 9.300000000000000e+001, 'application/x-troff-ms', 'DOC', NULL, NULL);
INSERT INTO `lst_documenttype` VALUES('mvb', NULL, 1, 9.400000000000000e+001, 'application/x-msmediaview', 'VIDEO', NULL, NULL);
INSERT INTO `lst_documenttype` VALUES('nws', NULL, 1, 9.500000000000000e+001, 'message/rfc822', 'DOC', NULL, NULL);
INSERT INTO `lst_documenttype` VALUES('oda', NULL, 1, 9.600000000000000e+001, 'application/oda', 'DOC', NULL, NULL);
INSERT INTO `lst_documenttype` VALUES('p10', NULL, 1, 9.700000000000000e+001, 'application/pkcs10', 'DOC', NULL, NULL);
INSERT INTO `lst_documenttype` VALUES('p12', NULL, 1, 9.800000000000000e+001, 'application/x-pkcs12', 'DOC', NULL, NULL);
INSERT INTO `lst_documenttype` VALUES('p7b', NULL, 1, 9.900000000000000e+001, 'application/x-pkcs7-certificates', 'DOC', NULL, NULL);
INSERT INTO `lst_documenttype` VALUES('p7c', NULL, 1, 1.000000000000000e+002, 'application/x-pkcs7-mime', 'DOC', NULL, NULL);
INSERT INTO `lst_documenttype` VALUES('p7m', NULL, 1, 1.010000000000000e+002, 'application/x-pkcs7-mime', 'DOC', NULL, NULL);
INSERT INTO `lst_documenttype` VALUES('p7r', NULL, 1, 1.020000000000000e+002, 'application/x-pkcs7-certreqresp', 'DOC', NULL, NULL);
INSERT INTO `lst_documenttype` VALUES('p7s', NULL, 1, 1.030000000000000e+002, 'application/x-pkcs7-signature', 'DOC', NULL, NULL);
INSERT INTO `lst_documenttype` VALUES('pbm', NULL, 1, 1.040000000000000e+002, 'image/x-portable-bitmap', 'DOC', NULL, NULL);
INSERT INTO `lst_documenttype` VALUES('pdf', NULL, 1, 1.050000000000000e+002, 'application/pdf', 'DOC', NULL, NULL);
INSERT INTO `lst_documenttype` VALUES('pfx', NULL, 1, 1.060000000000000e+002, 'application/x-pkcs12', 'DOC', NULL, NULL);
INSERT INTO `lst_documenttype` VALUES('pgm', NULL, 1, 1.070000000000000e+002, 'image/x-portable-graymap', 'DOC', NULL, NULL);
INSERT INTO `lst_documenttype` VALUES('pko', NULL, 1, 1.080000000000000e+002, 'application/ynd.ms-pkipko', 'DOC', NULL, NULL);
INSERT INTO `lst_documenttype` VALUES('pma', NULL, 1, 1.090000000000000e+002, 'application/x-perfmon', 'DOC', NULL, NULL);
INSERT INTO `lst_documenttype` VALUES('pmc', NULL, 1, 1.100000000000000e+002, 'application/x-perfmon', 'DOC', NULL, NULL);
INSERT INTO `lst_documenttype` VALUES('pml', NULL, 1, 1.110000000000000e+002, 'application/x-perfmon', 'DOC', NULL, NULL);
INSERT INTO `lst_documenttype` VALUES('pmr', NULL, 1, 1.120000000000000e+002, 'application/x-perfmon', 'DOC', NULL, NULL);
INSERT INTO `lst_documenttype` VALUES('pmw', NULL, 1, 1.130000000000000e+002, 'application/x-perfmon', 'DOC', NULL, NULL);
INSERT INTO `lst_documenttype` VALUES('pnm', NULL, 1, 1.140000000000000e+002, 'image/x-portable-anymap', 'DOC', NULL, NULL);
INSERT INTO `lst_documenttype` VALUES('pot,', NULL, 1, 1.150000000000000e+002, 'application/vnd.ms-powerpoint', 'DOC', NULL, NULL);
INSERT INTO `lst_documenttype` VALUES('ppm', NULL, 1, 1.160000000000000e+002, 'image/x-portable-pixmap', 'DOC', NULL, NULL);
INSERT INTO `lst_documenttype` VALUES('pps', NULL, 1, 1.170000000000000e+002, 'application/vnd.ms-powerpoint', 'DOC', NULL, NULL);
INSERT INTO `lst_documenttype` VALUES('ppt', NULL, 1, 1.180000000000000e+002, 'application/vnd.ms-powerpoint', 'DOC', NULL, NULL);
INSERT INTO `lst_documenttype` VALUES('prf', NULL, 1, 1.190000000000000e+002, 'application/pics-rules', 'DOC', NULL, NULL);
INSERT INTO `lst_documenttype` VALUES('ps', NULL, 1, 1.200000000000000e+002, 'application/postscript', 'DOC', NULL, NULL);
INSERT INTO `lst_documenttype` VALUES('pub', NULL, 1, 1.210000000000000e+002, 'application/x-mspublisher', 'DOC', NULL, NULL);
INSERT INTO `lst_documenttype` VALUES('qt', NULL, 1, 1.220000000000000e+002, 'video/quicktime', 'DOC', NULL, NULL);
INSERT INTO `lst_documenttype` VALUES('ra', NULL, 1, 1.230000000000000e+002, 'audio/x-pn-realaudio', 'DOC', NULL, NULL);
INSERT INTO `lst_documenttype` VALUES('ram', NULL, 1, 1.240000000000000e+002, 'audio/x-pn-realaudio', 'DOC', NULL, NULL);
INSERT INTO `lst_documenttype` VALUES('ras', NULL, 1, 1.250000000000000e+002, 'image/x-cmu-raster', 'DOC', NULL, NULL);
INSERT INTO `lst_documenttype` VALUES('rgb', NULL, 1, 1.260000000000000e+002, 'image/x-rgb', 'DOC', NULL, NULL);
INSERT INTO `lst_documenttype` VALUES('rmi', NULL, 1, 1.270000000000000e+002, 'audio/mid', 'DOC', NULL, NULL);
INSERT INTO `lst_documenttype` VALUES('roff', NULL, 1, 1.280000000000000e+002, 'application/x-troff', 'DOC', NULL, NULL);
INSERT INTO `lst_documenttype` VALUES('rtf', NULL, 1, 1.290000000000000e+002, 'application/rtf', 'DOC', NULL, NULL);
INSERT INTO `lst_documenttype` VALUES('rtx', NULL, 1, 1.300000000000000e+002, 'text/richtext', 'DOC', NULL, NULL);
INSERT INTO `lst_documenttype` VALUES('scd', NULL, 1, 1.310000000000000e+002, 'application/x-msschedule', 'DOC', NULL, NULL);
INSERT INTO `lst_documenttype` VALUES('sct', NULL, 1, 1.320000000000000e+002, 'text/scriptlet', 'DOC', NULL, NULL);
INSERT INTO `lst_documenttype` VALUES('setpay', NULL, 1, 1.330000000000000e+002, 'application/set-payment-initiation', 'DOC', NULL, NULL);
INSERT INTO `lst_documenttype` VALUES('setreg', NULL, 1, 1.340000000000000e+002, 'application/set-registration-initiation', 'DOC', NULL, NULL);
INSERT INTO `lst_documenttype` VALUES('sh', NULL, 1, 1.350000000000000e+002, 'application/x-sh', 'DOC', NULL, NULL);
INSERT INTO `lst_documenttype` VALUES('shar', NULL, 1, 1.360000000000000e+002, 'application/x-shar', 'DOC', NULL, NULL);
INSERT INTO `lst_documenttype` VALUES('sit', NULL, 1, 1.370000000000000e+002, 'application/x-stuffit', 'DOC', NULL, NULL);
INSERT INTO `lst_documenttype` VALUES('snd', NULL, 1, 1.380000000000000e+002, 'audio/basic', 'DOC', NULL, NULL);
INSERT INTO `lst_documenttype` VALUES('spc', NULL, 1, 1.390000000000000e+002, 'application/x-pkcs7-certificates', 'DOC', NULL, NULL);
INSERT INTO `lst_documenttype` VALUES('spl', NULL, 1, 1.400000000000000e+002, 'application/futuresplash', 'DOC', NULL, NULL);
INSERT INTO `lst_documenttype` VALUES('src', NULL, 1, 1.410000000000000e+002, 'application/x-wais-source', 'DOC', NULL, NULL);
INSERT INTO `lst_documenttype` VALUES('sst', NULL, 1, 1.420000000000000e+002, 'application/vnd.ms-pkicertstore', 'DOC', NULL, NULL);
INSERT INTO `lst_documenttype` VALUES('stl', NULL, 1, 1.430000000000000e+002, 'application/vnd.ms-pkistl', 'DOC', NULL, NULL);
INSERT INTO `lst_documenttype` VALUES('stm', NULL, 1, 1.440000000000000e+002, 'text/html', 'DOC', NULL, NULL);
INSERT INTO `lst_documenttype` VALUES('sv4cpio', NULL, 1, 1.450000000000000e+002, 'application/x-sv4cpio', 'DOC', NULL, NULL);
INSERT INTO `lst_documenttype` VALUES('sv4crc', NULL, 1, 1.460000000000000e+002, 'application/x-sv4crc', 'DOC', NULL, NULL);
INSERT INTO `lst_documenttype` VALUES('t', NULL, 1, 1.470000000000000e+002, 'application/x-troff', 'DOC', NULL, NULL);
INSERT INTO `lst_documenttype` VALUES('tar', NULL, 1, 1.480000000000000e+002, 'application/x-tar', 'DOC', NULL, NULL);
INSERT INTO `lst_documenttype` VALUES('tcl', NULL, 1, 1.490000000000000e+002, 'application/x-tcl', 'DOC', NULL, NULL);
INSERT INTO `lst_documenttype` VALUES('tex', NULL, 1, 1.500000000000000e+002, 'application/x-tex', 'DOC', NULL, NULL);
INSERT INTO `lst_documenttype` VALUES('texi', NULL, 1, 1.510000000000000e+002, 'application/x-texinfo', 'DOC', NULL, NULL);
INSERT INTO `lst_documenttype` VALUES('texinfo', NULL, 1, 1.520000000000000e+002, 'application/x-texinfo', 'DOC', NULL, NULL);
INSERT INTO `lst_documenttype` VALUES('tgz', NULL, 1, 1.530000000000000e+002, 'application/x-compressed', 'DOC', NULL, NULL);
INSERT INTO `lst_documenttype` VALUES('tif', NULL, 1, 1.540000000000000e+002, 'image/tiff', 'DOC', NULL, NULL);
INSERT INTO `lst_documenttype` VALUES('tiff', NULL, 1, 1.550000000000000e+002, 'image/tiff', 'DOC', NULL, NULL);
INSERT INTO `lst_documenttype` VALUES('tr', NULL, 1, 1.560000000000000e+002, 'application/x-troff', 'DOC', NULL, NULL);
INSERT INTO `lst_documenttype` VALUES('trm', NULL, 1, 1.570000000000000e+002, 'application/x-msterminal', 'DOC', NULL, NULL);
INSERT INTO `lst_documenttype` VALUES('tsv', NULL, 1, 1.580000000000000e+002, 'text/tab-separated-values', 'DOC', NULL, NULL);
INSERT INTO `lst_documenttype` VALUES('txt', NULL, 1, 1.590000000000000e+002, 'text/plain', 'DOC', NULL, NULL);
INSERT INTO `lst_documenttype` VALUES('uls', NULL, 1, 1.600000000000000e+002, 'text/iuls', 'DOC', NULL, NULL);
INSERT INTO `lst_documenttype` VALUES('ustar', NULL, 1, 1.610000000000000e+002, 'application/x-ustar', 'DOC', NULL, NULL);
INSERT INTO `lst_documenttype` VALUES('vcf', NULL, 1, 1.620000000000000e+002, 'text/x-vcard', 'DOC', NULL, NULL);
INSERT INTO `lst_documenttype` VALUES('vrml', NULL, 1, 1.630000000000000e+002, 'x-world/x-vrml', 'DOC', NULL, NULL);
INSERT INTO `lst_documenttype` VALUES('wav', NULL, 1, 1.640000000000000e+002, 'audio/x-wav', 'DOC', NULL, NULL);
INSERT INTO `lst_documenttype` VALUES('wcm', NULL, 1, 1.650000000000000e+002, 'application/vnd.ms-works', 'DOC', NULL, NULL);
INSERT INTO `lst_documenttype` VALUES('wdb', NULL, 1, 1.660000000000000e+002, 'application/vnd.ms-works', 'DOC', NULL, NULL);
INSERT INTO `lst_documenttype` VALUES('wks', NULL, 1, 1.670000000000000e+002, 'application/vnd.ms-works', 'DOC', NULL, NULL);
INSERT INTO `lst_documenttype` VALUES('wmf', NULL, 1, 1.680000000000000e+002, 'application/x-msmetafile', 'DOC', NULL, NULL);
INSERT INTO `lst_documenttype` VALUES('wmv', NULL, 1, 1.690000000000000e+002, 'application/x-msmediaview', 'VIDEO', NULL, NULL);
INSERT INTO `lst_documenttype` VALUES('wps', NULL, 1, 1.700000000000000e+002, 'application/vnd.ms-works', 'DOC', NULL, NULL);
INSERT INTO `lst_documenttype` VALUES('wri', NULL, 1, 1.710000000000000e+002, 'application/x-mswrite', 'DOC', NULL, NULL);
INSERT INTO `lst_documenttype` VALUES('wrl', NULL, 1, 1.720000000000000e+002, 'x-world/x-vrml', 'DOC', NULL, NULL);
INSERT INTO `lst_documenttype` VALUES('wrz', NULL, 1, 1.730000000000000e+002, 'x-world/x-vrml', 'DOC', NULL, NULL);
INSERT INTO `lst_documenttype` VALUES('xaf', NULL, 1, 1.740000000000000e+002, 'x-world/x-vrml', 'DOC', NULL, NULL);
INSERT INTO `lst_documenttype` VALUES('xbm', NULL, 1, 1.750000000000000e+002, 'image/x-xbitmap', 'DOC', NULL, NULL);
INSERT INTO `lst_documenttype` VALUES('xla', NULL, 1, 1.760000000000000e+002, 'application/vnd.ms-excel', 'DOC', NULL, NULL);
INSERT INTO `lst_documenttype` VALUES('xlc', NULL, 1, 1.770000000000000e+002, 'application/vnd.ms-excel', 'DOC', NULL, NULL);
INSERT INTO `lst_documenttype` VALUES('xlm', NULL, 1, 1.780000000000000e+002, 'application/vnd.ms-excel', 'DOC', NULL, NULL);
INSERT INTO `lst_documenttype` VALUES('xls', NULL, 1, 1.790000000000000e+002, 'application/vnd.ms-excel', 'DOC', NULL, NULL);
INSERT INTO `lst_documenttype` VALUES('xlt', NULL, 1, 1.800000000000000e+002, 'application/vnd.ms-excel', 'DOC', NULL, NULL);
INSERT INTO `lst_documenttype` VALUES('xlw', NULL, 1, 1.810000000000000e+002, 'application/vnd.ms-excel', 'DOC', NULL, NULL);
INSERT INTO `lst_documenttype` VALUES('xml', NULL, 1, 1.820000000000000e+002, 'application/ms-infopath.xml', 'DOC', NULL, NULL);
INSERT INTO `lst_documenttype` VALUES('xof', NULL, 1, 1.830000000000000e+002, 'x-world/x-vrml', 'DOC', NULL, NULL);
INSERT INTO `lst_documenttype` VALUES('xpm', NULL, 1, 1.840000000000000e+002, 'image/x-xpixmap', 'DOC', NULL, NULL);
INSERT INTO `lst_documenttype` VALUES('xwd', NULL, 1, 1.850000000000000e+002, 'image/x-xwindowdump', 'DOC', NULL, NULL);
INSERT INTO `lst_documenttype` VALUES('z', NULL, 1, 1.860000000000000e+002, 'application/x-compress', 'DOC', NULL, NULL);
INSERT INTO `lst_documenttype` VALUES('zip', NULL, 1, 1.870000000000000e+002, 'application/zip', 'DOC', NULL, NULL);
UNLOCK TABLES;

delete from lst_encounter_type;

LOCK TABLES `lst_encounter_type` WRITE;
INSERT INTO `lst_encounter_type` VALUES(1.000000000000000e+000, 'Face to face encounter with client', 1, NULL, '2001', '2008-10-30 16:46:31');
INSERT INTO `lst_encounter_type` VALUES(2.000000000000000e+000, 'Telephone encounter with client', 1, NULL, '2001', '2008-10-30 16:46:40');
INSERT INTO `lst_encounter_type` VALUES(3.000000000000000e+000, 'Encounter without client', 1, NULL, '2001', '2008-10-30 16:46:24');
INSERT INTO `lst_encounter_type` VALUES(4.000000000000000e+000, 'Email', 1, NULL, '262074', '2008-10-06 20:23:49');
INSERT INTO `lst_encounter_type` VALUES(5.000000000000000e+000, 'Fax', 1, NULL, '279025', '2008-10-15 12:56:15');
INSERT INTO `lst_encounter_type` VALUES(6.000000000000000e+000, 'Letter', 1, NULL, '279025', '2008-10-15 12:55:53');
UNLOCK TABLES;

delete from lst_family_relationship;

LOCK TABLES `lst_family_relationship` WRITE;
INSERT INTO `lst_family_relationship` VALUES('DP', 'Dependant', 1, 1.000000000000000e+001, NULL, NULL);
INSERT INTO `lst_family_relationship` VALUES('SP', 'Spouse/Partner', 1, 2.000000000000000e+001, NULL, NULL);
UNLOCK TABLES;

delete from lst_field_category;

LOCK TABLES `lst_field_category` WRITE;
INSERT INTO `lst_field_category` VALUES(1.000000000000000e+000, 'System', 1, 1.000000000000000e+000, NULL, NULL);
INSERT INTO `lst_field_category` VALUES(2.000000000000000e+000, 'Agency', 1, 1.000000000000000e+001, NULL, NULL);
INSERT INTO `lst_field_category` VALUES(3.000000000000000e+000, 'Client', 1, 2.000000000000000e+001, NULL, NULL);
INSERT INTO `lst_field_category` VALUES(4.000000000000000e+000, 'Intake/Admission', 1, 3.000000000000000e+001, NULL, NULL);
INSERT INTO `lst_field_category` VALUES(5.000000000000000e+000, 'Program', 1, 4.000000000000000e+001, NULL, NULL);
INSERT INTO `lst_field_category` VALUES(6.000000000000000e+000, 'Other', 1, 5.000000000000000e+001, NULL, NULL);
INSERT INTO `lst_field_category` VALUES(8.000000000000000e+000, 'Case Management', 1, 1.500000000000000e+001, NULL, NULL);
UNLOCK TABLES;

delete from lst_fieldtype;

LOCK TABLES `lst_fieldtype` WRITE;
INSERT INTO `lst_fieldtype` VALUES('DATE', 'Date', 1, NULL, NULL, NULL);
INSERT INTO `lst_fieldtype` VALUES('FLOAT', 'Float', 1, NULL, NULL, NULL);
INSERT INTO `lst_fieldtype` VALUES('INT', 'Integer', 1, NULL, NULL, NULL);
INSERT INTO `lst_fieldtype` VALUES('VARCHAR', 'String', 1, NULL, NULL, NULL);
UNLOCK TABLES;

delete from lst_gender;

LOCK TABLES `lst_gender` WRITE;
INSERT INTO `lst_gender` VALUES('F', 'Female', 1, 1.000000000000000e+001, 'Female Only', NULL, NULL);
INSERT INTO `lst_gender` VALUES('M', 'Male', 1, 2.000000000000000e+001, 'Male Only', NULL, NULL);
INSERT INTO `lst_gender` VALUES('T', 'Transgender', 1, 3.000000000000000e+001, 'Co-Ed', NULL, NULL);
UNLOCK TABLES;

delete from lst_incident_clientissues;

LOCK TABLES `lst_incident_clientissues` WRITE;
INSERT INTO `lst_incident_clientissues` VALUES(1.000000000000000e+000, 'Mental Health', 1, 3.000000000000000e+001, NULL, NULL);
INSERT INTO `lst_incident_clientissues` VALUES(2.000000000000000e+000, 'Substance Abuse', 1, 5.000000000000000e+001, NULL, NULL);
INSERT INTO `lst_incident_clientissues` VALUES(3.000000000000000e+000, 'Dual Diagnosis', 1, 2.000000000000000e+001, NULL, NULL);
INSERT INTO `lst_incident_clientissues` VALUES(4.000000000000000e+000, 'Behavioural', 1, 1.000000000000000e+001, NULL, NULL);
INSERT INTO `lst_incident_clientissues` VALUES(5.000000000000000e+000, 'Unknown', 1, 6.000000000000000e+001, NULL, NULL);
INSERT INTO `lst_incident_clientissues` VALUES(6.000000000000000e+000, 'New and Unusual', 1, 4.000000000000000e+001, NULL, NULL);
UNLOCK TABLES;

delete from lst_incident_clientissues;

LOCK TABLES `lst_incident_clientissues` WRITE;
INSERT INTO `lst_incident_clientissues` VALUES(1.000000000000000e+000, 'Custody', 1, 1.000000000000000e+001, NULL, NULL);
INSERT INTO `lst_incident_clientissues` VALUES(2.000000000000000e+000, 'Detox', 1, 2.000000000000000e+001, NULL, NULL);
INSERT INTO `lst_incident_clientissues` VALUES(3.000000000000000e+000, 'Escorted off premises', 1, 3.000000000000000e+001, NULL, NULL);
INSERT INTO `lst_incident_clientissues` VALUES(4.000000000000000e+000, 'Hospital', 1, 4.000000000000000e+001, NULL, NULL);
INSERT INTO `lst_incident_clientissues` VALUES(5.000000000000000e+000, 'Left voluntarily', 1, 5.000000000000000e+001, NULL, NULL);
INSERT INTO `lst_incident_clientissues` VALUES(6.000000000000000e+000, 'Other Hostel', 1, 7.000000000000000e+001, NULL, NULL);
INSERT INTO `lst_incident_clientissues` VALUES(7.000000000000000e+000, 'Other', 1, 6.000000000000000e+001, NULL, NULL);
UNLOCK TABLES;

delete from lst_incident_nature;

LOCK TABLES `lst_incident_nature` WRITE;
INSERT INTO `lst_incident_nature` VALUES(1.000000000000000e+000, 'Physical Assault Against Staff', 1, 1.300000000000000e+002, NULL, NULL);
INSERT INTO `lst_incident_nature` VALUES(2.000000000000000e+000, 'Physical Assault Against Resident', 1, 1.200000000000000e+002, NULL, NULL);
INSERT INTO `lst_incident_nature` VALUES(3.000000000000000e+000, 'Threats (death/harm)', 1, 1.800000000000000e+002, NULL, NULL);
INSERT INTO `lst_incident_nature` VALUES(4.000000000000000e+000, 'Self-Harm', 1, 1.600000000000000e+002, NULL, NULL);
INSERT INTO `lst_incident_nature` VALUES(5.000000000000000e+000, 'Property damage', 1, 1.500000000000000e+002, NULL, NULL);
INSERT INTO `lst_incident_nature` VALUES(6.000000000000000e+000, 'Throwing object', 1, 1.900000000000000e+002, NULL, NULL);
INSERT INTO `lst_incident_nature` VALUES(7.000000000000000e+000, 'Verbal Abuse Against Staff', 1, 2.100000000000000e+002, NULL, NULL);
INSERT INTO `lst_incident_nature` VALUES(8.000000000000000e+000, 'Verbal Abuse Against Resident', 1, 2.000000000000000e+002, NULL, NULL);
INSERT INTO `lst_incident_nature` VALUES(9.000000000000000e+000, 'Harassment', 1, 7.000000000000000e+001, NULL, NULL);
INSERT INTO `lst_incident_nature` VALUES(1.000000000000000e+001, 'Mischief', 1, 9.000000000000000e+001, NULL, NULL);
INSERT INTO `lst_incident_nature` VALUES(1.100000000000000e+001, 'Medical Occurrence', 1, 8.000000000000000e+001, NULL, NULL);
INSERT INTO `lst_incident_nature` VALUES(1.200000000000000e+001, 'Theft', 1, 1.700000000000000e+002, NULL, NULL);
INSERT INTO `lst_incident_nature` VALUES(1.300000000000000e+001, 'Accident or Illness', 1, 1.000000000000000e+001, NULL, NULL);
INSERT INTO `lst_incident_nature` VALUES(1.400000000000000e+001, 'Criminal Acts', 1, 2.000000000000000e+001, NULL, NULL);
INSERT INTO `lst_incident_nature` VALUES(1.500000000000000e+001, 'Neglect or abandonment of a pet', 1, 1.000000000000000e+002, NULL, NULL);
INSERT INTO `lst_incident_nature` VALUES(1.600000000000000e+001, 'Disruptive Behaviour', 1, 4.000000000000000e+001, NULL, NULL);
INSERT INTO `lst_incident_nature` VALUES(1.700000000000000e+001, 'Form 1 Issued *(hospital stay required)', 1, 6.000000000000000e+001, NULL, NULL);
INSERT INTO `lst_incident_nature` VALUES(1.800000000000000e+001, 'Fire', 1, 5.000000000000000e+001, NULL, NULL);
INSERT INTO `lst_incident_nature` VALUES(1.900000000000000e+001, 'Death', 1, 3.000000000000000e+001, NULL, NULL);
INSERT INTO `lst_incident_nature` VALUES(2.000000000000000e+001, 'Possible overdose', 1, 1.400000000000000e+002, NULL, NULL);
INSERT INTO `lst_incident_nature` VALUES(2.100000000000000e+001, 'Other', 1, 1.100000000000000e+002, NULL, NULL);
UNLOCK TABLES;

delete from lst_incident_others;

LOCK TABLES `lst_incident_others` WRITE;
INSERT INTO `lst_incident_others` VALUES(1.000000000000000e+000, 'Police', 1, 4.000000000000000e+001, NULL, NULL);
INSERT INTO `lst_incident_others` VALUES(2.000000000000000e+000, 'Paramedics', 1, 3.000000000000000e+001, NULL, NULL);
INSERT INTO `lst_incident_others` VALUES(3.000000000000000e+000, 'Fire Dept', 1, 1.000000000000000e+001, NULL, NULL);
INSERT INTO `lst_incident_others` VALUES(4.000000000000000e+000, 'Others', 1, 2.000000000000000e+001, NULL, NULL);
UNLOCK TABLES;

delete from lst_intake_reject_reason;

LOCK TABLES `lst_intake_reject_reason` WRITE;
INSERT INTO `lst_intake_reject_reason` VALUES(1.300000000000000e+001, 'No Show', 1, 1.010000000000000e+002, '279025', '2008-10-15 14:52:43');
INSERT INTO `lst_intake_reject_reason` VALUES(1.000000000000000e+000, 'Service Restriction', 1, 3.000000000000000e+001, NULL, NULL);
INSERT INTO `lst_intake_reject_reason` VALUES(2.000000000000000e+000, 'Client Self Discharge', 1, 1.000000000000000e+001, '262078', '2008-09-16 22:22:32');
INSERT INTO `lst_intake_reject_reason` VALUES(3.000000000000000e+000, 'More Appropriate for Other Program', 1, 2.000000000000000e+001, NULL, NULL);
INSERT INTO `lst_intake_reject_reason` VALUES(4.000000000000000e+000, 'Housed', 1, 4.000000000000000e+001, '267114', '2008-08-13 11:28:30');
INSERT INTO `lst_intake_reject_reason` VALUES(5.000000000000000e+000, 'Currently Admitted In Another Shelter', 1, 5.000000000000000e+001, '267114', '2008-08-13 11:34:34');
INSERT INTO `lst_intake_reject_reason` VALUES(6.000000000000000e+000, 'No Beds Available', 1, 6.000000000000000e+001, '267114', '2008-08-13 11:37:57');
INSERT INTO `lst_intake_reject_reason` VALUES(7.000000000000000e+000, 'Highly Intoxicated', 1, 7.000000000000000e+001, '262117', '2008-09-29 20:04:04');
INSERT INTO `lst_intake_reject_reason` VALUES(8.000000000000000e+000, 'Physical Accessibility', 1, 8.000000000000000e+001, '267114', '2008-08-13 11:39:32');
INSERT INTO `lst_intake_reject_reason` VALUES(9.000000000000000e+000, 'Refused Services', 1, 9.000000000000000e+001, '267114', '2008-08-13 12:18:57');
INSERT INTO `lst_intake_reject_reason` VALUES(1.000000000000000e+001, 'Staff Conflict of Interest', 1, 1.000000000000000e+002, '262074', '2008-10-06 22:47:28');
UNLOCK TABLES;

delete from lst_language;

LOCK TABLES `lst_language` WRITE;
INSERT INTO `lst_language` VALUES('ALB', 'ALBANIAN', 1, 3.000000000000000e+000, NULL, NULL);
INSERT INTO `lst_language` VALUES('AMH', 'AMHARIC', 1, 6.000000000000000e+000, NULL, NULL);
INSERT INTO `lst_language` VALUES('ARA', 'ARABIC', 1, 1.100000000000000e+001, NULL, NULL);
INSERT INTO `lst_language` VALUES('ARM', 'ARAMIC', 1, 1.600000000000000e+001, NULL, NULL);
INSERT INTO `lst_language` VALUES('BEN', 'BENGALI', 1, 2.100000000000000e+001, NULL, NULL);
INSERT INTO `lst_language` VALUES('BOE', 'BOER', 1, 2.600000000000000e+001, NULL, NULL);
INSERT INTO `lst_language` VALUES('BOS', 'BOSNIAN', 1, 3.100000000000000e+001, NULL, NULL);
INSERT INTO `lst_language` VALUES('BUR', 'BURMESE', 1, 3.600000000000000e+001, NULL, NULL);
INSERT INTO `lst_language` VALUES('CAN', 'CANTONESE', 1, 4.100000000000000e+001, NULL, NULL);
INSERT INTO `lst_language` VALUES('CHI', 'CHINESE', 1, 4.600000000000000e+001, NULL, NULL);
INSERT INTO `lst_language` VALUES('CON', 'CONGOLESE', 1, 5.100000000000000e+001, NULL, NULL);
INSERT INTO `lst_language` VALUES('CRO', 'CROATIAN', 1, 5.600000000000000e+001, NULL, NULL);
INSERT INTO `lst_language` VALUES('CZE', 'CZECH', 1, 6.100000000000000e+001, NULL, NULL);
INSERT INTO `lst_language` VALUES('DAN', 'DANISH', 1, 6.600000000000000e+001, NULL, NULL);
INSERT INTO `lst_language` VALUES('DUT', 'DUTCH', 1, 7.100000000000000e+001, NULL, NULL);
INSERT INTO `lst_language` VALUES('ENG', 'ENGLISH', 1, 1.000000000000000e+000, NULL, NULL);
INSERT INTO `lst_language` VALUES('EST', 'ESTONIAN', 1, 8.100000000000000e+001, NULL, NULL);
INSERT INTO `lst_language` VALUES('FAN', 'FANTI', 1, 8.600000000000000e+001, NULL, NULL);
INSERT INTO `lst_language` VALUES('FAR', 'FARSI', 1, 9.100000000000000e+001, NULL, NULL);
INSERT INTO `lst_language` VALUES('FIN', 'FINNISH', 1, 9.600000000000000e+001, NULL, NULL);
INSERT INTO `lst_language` VALUES('FRE', 'FRENCH', 1, 1.010000000000000e+002, NULL, NULL);
INSERT INTO `lst_language` VALUES('GER', 'GERMAN', 1, 1.060000000000000e+002, NULL, NULL);
INSERT INTO `lst_language` VALUES('GRE', 'GREEK', 1, 1.110000000000000e+002, NULL, NULL);
INSERT INTO `lst_language` VALUES('HEB', 'HEBREW', 1, 1.160000000000000e+002, NULL, NULL);
INSERT INTO `lst_language` VALUES('HIN', 'HINDU', 1, 1.210000000000000e+002, NULL, NULL);
INSERT INTO `lst_language` VALUES('HUN', 'HUNGARIAN', 1, 1.260000000000000e+002, NULL, NULL);
INSERT INTO `lst_language` VALUES('ITA', 'ITALIAN', 1, 1.310000000000000e+002, NULL, NULL);
INSERT INTO `lst_language` VALUES('JAP', 'JAPANESE', 1, 1.360000000000000e+002, NULL, NULL);
INSERT INTO `lst_language` VALUES('KOR', 'KOREAN', 1, 1.410000000000000e+002, NULL, NULL);
INSERT INTO `lst_language` VALUES('LEB', 'LEBANESE', 1, 1.460000000000000e+002, NULL, NULL);
INSERT INTO `lst_language` VALUES('LOA', 'LOATIAN', 1, 1.510000000000000e+002, NULL, NULL);
INSERT INTO `lst_language` VALUES('MAN', 'MANDARINE', 1, 1.560000000000000e+002, NULL, NULL);
INSERT INTO `lst_language` VALUES('MON', 'MONGOLIAN', 1, 1.610000000000000e+002, NULL, NULL);
INSERT INTO `lst_language` VALUES('OTH', 'OTHER', 1, 1.630000000000000e+002, NULL, NULL);
INSERT INTO `lst_language` VALUES('PAK', 'PAKISTAN', 1, 1.660000000000000e+002, NULL, NULL);
INSERT INTO `lst_language` VALUES('PER', 'PERSIAN', 1, 1.710000000000000e+002, NULL, NULL);
INSERT INTO `lst_language` VALUES('PHI', 'PHILIPINO', 1, 1.760000000000000e+002, NULL, NULL);
INSERT INTO `lst_language` VALUES('POL', 'POLISH', 1, 1.810000000000000e+002, NULL, NULL);
INSERT INTO `lst_language` VALUES('POR', 'PORTUGESE', 1, 1.860000000000000e+002, NULL, NULL);
INSERT INTO `lst_language` VALUES('ROM', 'ROMANIAN', 1, 1.910000000000000e+002, NULL, NULL);
INSERT INTO `lst_language` VALUES('RUS', 'RUSSIAN', 1, 1.960000000000000e+002, NULL, NULL);
INSERT INTO `lst_language` VALUES('SIN', 'SINGALESE', 1, 2.010000000000000e+002, NULL, NULL);
INSERT INTO `lst_language` VALUES('SLO', 'SLOVAK', 1, 2.060000000000000e+002, NULL, NULL);
INSERT INTO `lst_language` VALUES('SOM', 'SOMALIAN', 1, 2.110000000000000e+002, NULL, NULL);
INSERT INTO `lst_language` VALUES('SPA', 'SPANISH', 1, 2.160000000000000e+002, NULL, NULL);
INSERT INTO `lst_language` VALUES('SWA', 'SWAHILI', 1, 2.210000000000000e+002, NULL, NULL);
INSERT INTO `lst_language` VALUES('SWE', 'SWEDISH', 1, 2.260000000000000e+002, NULL, NULL);
INSERT INTO `lst_language` VALUES('TAG', 'TAGALOG', 1, 2.310000000000000e+002, NULL, NULL);
INSERT INTO `lst_language` VALUES('TAM', 'TAMIL', 1, 2.360000000000000e+002, NULL, NULL);
INSERT INTO `lst_language` VALUES('THA', 'THAI', 1, 2.410000000000000e+002, NULL, NULL);
INSERT INTO `lst_language` VALUES('TIB', 'TIBETAN', 1, 2.460000000000000e+002, NULL, NULL);
INSERT INTO `lst_language` VALUES('TIG', 'TIGRENIA', 1, 2.510000000000000e+002, NULL, NULL);
INSERT INTO `lst_language` VALUES('TUR', 'TURKISH', 1, 2.560000000000000e+002, NULL, NULL);
INSERT INTO `lst_language` VALUES('TWE', 'TWE', 1, 2.610000000000000e+002, NULL, NULL);
INSERT INTO `lst_language` VALUES('UKR', 'UKRANIAN', 1, 2.660000000000000e+002, NULL, NULL);
INSERT INTO `lst_language` VALUES('URD', 'URDO', 1, 2.710000000000000e+002, NULL, NULL);
INSERT INTO `lst_language` VALUES('VIE', 'VIETNAMESE', 1, 2.760000000000000e+002, NULL, NULL);
INSERT INTO `lst_language` VALUES('YIT', 'YITTISH', 1, 2.810000000000000e+002, NULL, NULL);
INSERT INTO `lst_language` VALUES('YOR', 'YORUBA', 1, 2.860000000000000e+002, NULL, NULL);
INSERT INTO `lst_language` VALUES('YUG', 'YUGOSLAVIA', 1, 2.910000000000000e+002, NULL, NULL);
INSERT INTO `lst_language` VALUES('ZUL', 'ZULEU', 1, 2.960000000000000e+002, NULL, NULL);
UNLOCK TABLES;

delete from lst_lengthofhomeless;

LOCK TABLES `lst_lengthofhomeless` WRITE;
INSERT INTO `lst_lengthofhomeless` VALUES(1.000000000000000e+000, 'Not homeless', 1, 1.000000000000000e+001, NULL, NULL);
INSERT INTO `lst_lengthofhomeless` VALUES(2.000000000000000e+000, 'Less than a month', 1, 2.000000000000000e+001, NULL, NULL);
INSERT INTO `lst_lengthofhomeless` VALUES(3.000000000000000e+000, '1-6 months', 1, 3.000000000000000e+001, NULL, NULL);
INSERT INTO `lst_lengthofhomeless` VALUES(4.000000000000000e+000, '6 months to 1 year', 1, 4.000000000000000e+001, NULL, NULL);
INSERT INTO `lst_lengthofhomeless` VALUES(5.000000000000000e+000, '1 to 5 years', 1, 5.000000000000000e+001, NULL, NULL);
INSERT INTO `lst_lengthofhomeless` VALUES(6.000000000000000e+000, '5 to 10 years', 1, 6.000000000000000e+001, NULL, NULL);
INSERT INTO `lst_lengthofhomeless` VALUES(7.000000000000000e+000, 'Over 10 years', 1, 7.000000000000000e+001, NULL, NULL);
UNLOCK TABLES;

delete from lst_livedbefore;

LOCK TABLES `lst_livedbefore` WRITE;
INSERT INTO `lst_livedbefore` VALUES(1.000000000000000e+000, 'Toronto', 1, 1.000000000000000e+000, NULL, NULL);
INSERT INTO `lst_livedbefore` VALUES(2.000000000000000e+000, 'Elsewhere in Ontario', 1, 2.000000000000000e+000, NULL, NULL);
INSERT INTO `lst_livedbefore` VALUES(3.000000000000000e+000, 'Indian Reserve', 1, 3.000000000000000e+000, NULL, NULL);
INSERT INTO `lst_livedbefore` VALUES(4.000000000000000e+000, 'Another Province', 1, 4.000000000000000e+000, NULL, NULL);
INSERT INTO `lst_livedbefore` VALUES(5.000000000000000e+000, 'Outside Canada', 1, 5.000000000000000e+000, NULL, NULL);
INSERT INTO `lst_livedbefore` VALUES(6.000000000000000e+000, 'Unorganized Territories', 1, 6.000000000000000e+000, NULL, NULL);
INSERT INTO `lst_livedbefore` VALUES(7.000000000000000e+000, 'Other', 1, 7.000000000000000e+000, NULL, NULL);
UNLOCK TABLES;

delete from lst_message_type;

LOCK TABLES `lst_message_type` WRITE;
INSERT INTO `lst_message_type` VALUES('CLD', 'Cold Alert', 1, NULL, NULL, NULL);
INSERT INTO `lst_message_type` VALUES('GEN', 'General Information', 1, NULL, NULL, NULL);
INSERT INTO `lst_message_type` VALUES('SOF', 'System Overflow', 1, NULL, NULL, NULL);
UNLOCK TABLES;

delete from lst_operator;

LOCK TABLES `lst_operator` WRITE;
INSERT INTO `lst_operator` VALUES('<', 'LESS THAN', 1, NULL, NULL, NULL);
INSERT INTO `lst_operator` VALUES('<=', 'LESS OR EQUALS TO', 1, NULL, NULL, NULL);
INSERT INTO `lst_operator` VALUES('<>', 'NOT EQUALS TO', 1, NULL, NULL, NULL);
INSERT INTO `lst_operator` VALUES('=', 'EQUALS TO', 1, NULL, NULL, NULL);
INSERT INTO `lst_operator` VALUES('>', 'GREATER THAN', 1, NULL, NULL, NULL);
INSERT INTO `lst_operator` VALUES('>=', 'GREATER OR EQUALS TO', 1, NULL, NULL, NULL);
UNLOCK TABLES;

delete from lst_orgcd;

LOCK TABLES `lst_orgcd` WRITE;
INSERT INTO `lst_orgcd` VALUES('R1', 'Shelter Management Information System', 1, 0.000000000000000e+000, 'R0000001', 'R1', NULL, NULL, 'R1,');
UNLOCK TABLES;

delete from lst_program_type;

LOCK TABLES `lst_program_type` WRITE;
INSERT INTO `lst_program_type` VALUES('Bed', 'Bed', 1, 1.000000000000000e+001, NULL, NULL);
INSERT INTO `lst_program_type` VALUES('Service', 'Service', 1, 4.000000000000000e+001, NULL, NULL);
UNLOCK TABLES;

delete from lst_province;

LOCK TABLES `lst_province` WRITE;
INSERT INTO `lst_province` VALUES('AB', 'ALBERTA', 1, 1.000000000000000e+000, NULL, NULL);
INSERT INTO `lst_province` VALUES('BC', 'BRITISH COLUMBIA', 1, 2.000000000000000e+000, NULL, NULL);
INSERT INTO `lst_province` VALUES('MB', 'MANITOBA', 1, 3.000000000000000e+000, NULL, NULL);
INSERT INTO `lst_province` VALUES('NB', 'NEW BRUNSWICK', 1, 4.000000000000000e+000, NULL, NULL);
INSERT INTO `lst_province` VALUES('NF', 'NEWFOUNDLAND', 1, 5.000000000000000e+000, NULL, NULL);
INSERT INTO `lst_province` VALUES('NS', 'NOVA SCOTIA', 1, 7.000000000000000e+000, NULL, NULL);
INSERT INTO `lst_province` VALUES('NT', 'NORTHWEST TERRITORIES', 1, 6.000000000000000e+000, NULL, NULL);
INSERT INTO `lst_province` VALUES('NU', 'NUNAVUT', 1, 8.000000000000000e+000, NULL, NULL);
INSERT INTO `lst_province` VALUES('ON', 'ONTARIO', 1, 0.000000000000000e+000, NULL, NULL);
INSERT INTO `lst_province` VALUES('PE', 'PRINCE EDWARD ISLAND', 1, 1.000000000000000e+001, NULL, NULL);
INSERT INTO `lst_province` VALUES('QC', 'QUEBEC', 1, 1.100000000000000e+001, NULL, NULL);
INSERT INTO `lst_province` VALUES('SK', 'SASKATCHEWAN', 1, 1.200000000000000e+001, NULL, NULL);
INSERT INTO `lst_province` VALUES('YT', 'YUKON TERRITORY', 1, 1.300000000000000e+001, NULL, NULL);
UNLOCK TABLES;

delete from lst_reason_notsign;

LOCK TABLES `lst_reason_notsign` WRITE;
INSERT INTO `lst_reason_notsign` VALUES('NI', 'No information', 1, 1.000000000000000e+000, '262074', '2008-10-06 22:29:54');
INSERT INTO `lst_reason_notsign` VALUES('FH', 'Refer to Family Head Admission', 1, 2.000000000000000e+000, '262074', '2008-08-12 12:59:12');
INSERT INTO `lst_reason_notsign` VALUES('PC', 'Paper Copy Signed', 1, NULL, '279025', '2008-10-22 14:01:40');
INSERT INTO `lst_reason_notsign` VALUES('RS', 'Refused To Sign', 1, 3.000000000000000e+000, '262074', '2008-09-29 19:55:04');
UNLOCK TABLES;

delete from lst_reasonforhomeless;

LOCK TABLES `lst_reasonforhomeless` WRITE;
INSERT INTO `lst_reasonforhomeless` VALUES(1.000000000000000e+000, 'Transient', 1, 1.200000000000000e+002, NULL, NULL);
INSERT INTO `lst_reasonforhomeless` VALUES(1.000000000000000e+001, 'Stranded Visitor/Tourist', 1, 1.100000000000000e+002, NULL, NULL);
INSERT INTO `lst_reasonforhomeless` VALUES(1.100000000000000e+001, 'Relocating', 1, 1.000000000000000e+002, NULL, NULL);
INSERT INTO `lst_reasonforhomeless` VALUES(1.200000000000000e+001, 'Refugee Claimant', 1, 9.000000000000000e+001, NULL, NULL);
INSERT INTO `lst_reasonforhomeless` VALUES(1.300000000000000e+001, 'Discharged from Shelter/Institution', 1, 3.000000000000000e+001, NULL, NULL);
INSERT INTO `lst_reasonforhomeless` VALUES(2.000000000000000e+000, 'Fire or other disaster', 1, 6.000000000000000e+001, NULL, NULL);
INSERT INTO `lst_reasonforhomeless` VALUES(3.000000000000000e+000, 'Gas leak', 1, 8.000000000000000e+001, NULL, NULL);
INSERT INTO `lst_reasonforhomeless` VALUES(4.000000000000000e+000, 'Flood', 1, 7.000000000000000e+001, NULL, NULL);
INSERT INTO `lst_reasonforhomeless` VALUES(5.000000000000000e+000, 'Unsafe Premises', 1, 1.300000000000000e+002, NULL, NULL);
INSERT INTO `lst_reasonforhomeless` VALUES(6.000000000000000e+000, 'Abuse', 1, 1.000000000000000e+001, NULL, NULL);
INSERT INTO `lst_reasonforhomeless` VALUES(7.000000000000000e+000, 'Evicted by Landlord', 1, 5.000000000000000e+001, NULL, NULL);
INSERT INTO `lst_reasonforhomeless` VALUES(8.000000000000000e+000, 'Evicted by Family/Friends', 1, 4.000000000000000e+001, NULL, NULL);
INSERT INTO `lst_reasonforhomeless` VALUES(9.000000000000000e+000, 'Decided to vacate housing', 1, 2.000000000000000e+001, NULL, NULL);
UNLOCK TABLES;

delete from lst_reasonforservice;

LOCK TABLES `lst_reasonforservice` WRITE;
INSERT INTO `lst_reasonforservice` VALUES(1.000000000000000e+000, 'Transient', 1, 1.200000000000000e+002, NULL, NULL);
INSERT INTO `lst_reasonforservice` VALUES(1.000000000000000e+001, 'Stranded Visitor/Tourist', 1, 1.100000000000000e+002, NULL, NULL);
INSERT INTO `lst_reasonforservice` VALUES(2.000000000000000e+000, 'Fire or other disaster', 1, 6.000000000000000e+001, NULL, NULL);
INSERT INTO `lst_reasonforservice` VALUES(3.000000000000000e+000, 'Gas leak', 1, 8.000000000000000e+001, NULL, NULL);
INSERT INTO `lst_reasonforservice` VALUES(4.000000000000000e+000, 'Flood', 1, 7.000000000000000e+001, NULL, NULL);
INSERT INTO `lst_reasonforservice` VALUES(5.000000000000000e+000, 'Unsafe Premises', 1, 1.300000000000000e+002, NULL, NULL);
INSERT INTO `lst_reasonforservice` VALUES(6.000000000000000e+000, 'Abuse', 1, 1.000000000000000e+001, NULL, NULL);
INSERT INTO `lst_reasonforservice` VALUES(7.000000000000000e+000, 'Evicted by Landlord', 1, 5.000000000000000e+001, NULL, NULL);
INSERT INTO `lst_reasonforservice` VALUES(8.000000000000000e+000, 'Evicted by Family/Friends', 1, 4.000000000000000e+001, NULL, NULL);
INSERT INTO `lst_reasonforservice` VALUES(9.000000000000000e+000, 'Decided to vacate housing', 1, 2.000000000000000e+001, NULL, NULL);
UNLOCK TABLES;

delete from lst_reasonnoadmit;

LOCK TABLES `lst_reasonnoadmit` WRITE;
INSERT INTO `lst_reasonnoadmit` VALUES(1.000000000000000e+000, 'Service Restriction', 1, 3.000000000000000e+001, NULL, NULL);
INSERT INTO `lst_reasonnoadmit` VALUES(2.000000000000000e+000, 'Inappropriate Shelter', 1, 1.000000000000000e+001, NULL, NULL);
INSERT INTO `lst_reasonnoadmit` VALUES(3.000000000000000e+000, 'Made Own Arrangements', 1, 2.000000000000000e+001, NULL, NULL);
UNLOCK TABLES;

delete from lst_referredby;

LOCK TABLES `lst_referredby` WRITE;
INSERT INTO `lst_referredby` VALUES(1.000000000000000e+000, 'Self', 1, 8.000000000000000e+001, NULL, NULL);
INSERT INTO `lst_referredby` VALUES(2.000000000000000e+000, 'Shelter', 1, 9.000000000000000e+001, NULL, NULL);
INSERT INTO `lst_referredby` VALUES(3.000000000000000e+000, 'Hospital', 1, 5.000000000000000e+001, NULL, NULL);
INSERT INTO `lst_referredby` VALUES(4.000000000000000e+000, 'Police', 1, 7.000000000000000e+001, NULL, NULL);
INSERT INTO `lst_referredby` VALUES(5.000000000000000e+000, 'Courts', 1, 2.000000000000000e+001, NULL, NULL);
INSERT INTO `lst_referredby` VALUES(6.000000000000000e+000, 'Family', 1, 3.000000000000000e+001, NULL, NULL);
INSERT INTO `lst_referredby` VALUES(7.000000000000000e+000, 'Friends', 1, 4.000000000000000e+001, NULL, NULL);
INSERT INTO `lst_referredby` VALUES(8.000000000000000e+000, 'Agency', 1, 1.000000000000000e+001, NULL, NULL);
INSERT INTO `lst_referredby` VALUES(9.000000000000000e+000, 'Other', 1, 6.000000000000000e+001, NULL, NULL);
UNLOCK TABLES;

delete from lst_referredto;

LOCK TABLES `lst_referredto` WRITE;
INSERT INTO `lst_referredto` VALUES(1.000000000000000e+000, 'Shelter', 1, 9.000000000000000e+001, NULL, NULL);
INSERT INTO `lst_referredto` VALUES(2.000000000000000e+000, 'Hospital', 1, 4.000000000000000e+001, NULL, NULL);
INSERT INTO `lst_referredto` VALUES(3.000000000000000e+000, 'Detox/Treatment', 1, 1.000000000000000e+001, NULL, NULL);
INSERT INTO `lst_referredto` VALUES(4.000000000000000e+000, 'Project Go Home', 1, 6.000000000000000e+001, NULL, NULL);
INSERT INTO `lst_referredto` VALUES(5.000000000000000e+000, 'Returned Home', 1, 7.000000000000000e+001, NULL, NULL);
INSERT INTO `lst_referredto` VALUES(6.000000000000000e+000, 'Returned to Street', 1, 8.000000000000000e+001, NULL, NULL);
INSERT INTO `lst_referredto` VALUES(7.000000000000000e+000, 'Family', 1, 2.000000000000000e+001, NULL, NULL);
INSERT INTO `lst_referredto` VALUES(8.000000000000000e+000, 'Friends', 1, 3.000000000000000e+001, NULL, NULL);
INSERT INTO `lst_referredto` VALUES(9.000000000000000e+000, 'Made Own Arrangements', 1, 5.000000000000000e+001, NULL, NULL);
UNLOCK TABLES;

delete from lst_room_type;

LOCK TABLES `lst_room_type` WRITE;
INSERT INTO `lst_room_type` VALUES(22, 'N/A', 0, NULL, 1, '2001', '2008-10-30 16:21:59');
INSERT INTO `lst_room_type` VALUES(10, 'bachelor', 0, NULL, 1, '258343', '2008-10-30 19:10:10');
UNLOCK TABLES;

delete from lst_sector;

LOCK TABLES `lst_sector` WRITE;
INSERT INTO `lst_sector` VALUES(1.000000000000000e+000, 'Men', 1, 3.000000000000000e+001, NULL, NULL);
INSERT INTO `lst_sector` VALUES(2.000000000000000e+000, 'Women', 1, 4.000000000000000e+001, NULL, NULL);
INSERT INTO `lst_sector` VALUES(3.000000000000000e+000, 'Families', 1, 2.000000000000000e+001, NULL, NULL);
INSERT INTO `lst_sector` VALUES(4.000000000000000e+000, 'Youth', 1, 5.000000000000000e+001, NULL, NULL);
INSERT INTO `lst_sector` VALUES(5.000000000000000e+000, 'Youth Female', 1, 7.000000000000000e+001, '2001', '2008-10-30 16:22:27');
INSERT INTO `lst_sector` VALUES(6.000000000000000e+000, 'Co-ed', 1, 1.000000000000000e+001, NULL, NULL);
INSERT INTO `lst_sector` VALUES(7.000000000000000e+000, 'Youth Male', 1, 6.000000000000000e+001, NULL, NULL);
UNLOCK TABLES;

delete from lst_service_restriction;

LOCK TABLES `lst_service_restriction` WRITE;
INSERT INTO `lst_service_restriction` VALUES(1.000000000000000e+000, 'Assault of client', 1, 1.000000000000000e+000, '279025', '2008-10-10 12:04:23');
INSERT INTO `lst_service_restriction` VALUES(2.000000000000000e+000, 'Assault of residents, volunteers or staff', 1, 2.000000000000000e+000, '279025', '2008-10-10 12:04:13');
INSERT INTO `lst_service_restriction` VALUES(3.000000000000000e+000, 'Violent or threatening behaviour', 1, 3.000000000000000e+000, '279025', '2008-10-10 12:06:39');
INSERT INTO `lst_service_restriction` VALUES(4.000000000000000e+000, 'Possession of illegal substances or contraband within the shelter', 1, 4.000000000000000e+000, '2001', '2008-10-30 16:49:05');
INSERT INTO `lst_service_restriction` VALUES(5.000000000000000e+000, 'Possession of firearms within the shelter', 1, 5.000000000000000e+000, '279025', '2008-10-10 12:06:00');
INSERT INTO `lst_service_restriction` VALUES(6.000000000000000e+000, 'Wielding weapons or dangerous objects', 1, 6.000000000000000e+000, '279025', '2008-10-10 12:07:14');
INSERT INTO `lst_service_restriction` VALUES(7.000000000000000e+000, 'Trafficking in illegal drugs', 1, 7.000000000000000e+000, '279025', '2008-10-10 12:07:42');
INSERT INTO `lst_service_restriction` VALUES(8.000000000000000e+000, 'Behaviours that compromise the health & safety of residents, volunteers or staff', 1, 8.000000000000000e+000, '279025', '2008-10-10 12:09:30');
INSERT INTO `lst_service_restriction` VALUES(9.000000000000000e+000, 'Repeated rule violations', 1, 9.000000000000000e+000, '279025', '2008-10-10 12:11:44');
INSERT INTO `lst_service_restriction` VALUES(1.000000000000000e+001, 'Not following case plan', 1, 1.000000000000000e+001, '279025', '2008-10-10 12:12:04');
INSERT INTO `lst_service_restriction` VALUES(1.100000000000000e+001, 'Not participating in case planning', 1, 1.100000000000000e+001, '279025', '2008-10-10 12:12:26');
INSERT INTO `lst_service_restriction` VALUES(1.200000000000000e+001, 'Disruptive behaviour', 1, 1.200000000000000e+001, '279025', '2008-10-10 12:12:45');
INSERT INTO `lst_service_restriction` VALUES(1.300000000000000e+001, 'Other - see Service Restriction notes', 1, 1.300000000000000e+001, '279025', '2008-10-10 12:14:10');
UNLOCK TABLES;

delete from lst_shelter_standards;

LOCK TABLES `lst_shelter_standards` WRITE;
INSERT INTO `lst_shelter_standards` VALUES(1.000000000000000e+000, '3.1 Organization Status for Purchase-of service Shelter', 1, 0.000000000000000e+000, 2.000300000000000e+004, NULL, NULL);
INSERT INTO `lst_shelter_standards` VALUES(2.000000000000000e+000, '3.2 Governance', 1, 0.000000000000000e+000, 2.000300000000000e+004, NULL, NULL);
INSERT INTO `lst_shelter_standards` VALUES(3.000000000000000e+000, '3.3 Financial Accountability', 1, 0.000000000000000e+000, 2.000300000000000e+004, NULL, NULL);
INSERT INTO `lst_shelter_standards` VALUES(4.000000000000000e+000, '3.4 Program Accountability', 1, 0.000000000000000e+000, 2.000300000000000e+004, NULL, NULL);
INSERT INTO `lst_shelter_standards` VALUES(5.000000000000000e+000, '3.5 Conflict of Interest', 1, 0.000000000000000e+000, 2.000300000000000e+004, NULL, NULL);
INSERT INTO `lst_shelter_standards` VALUES(6.000000000000000e+000, '4.1 Admission and Discharge', 1, 0.000000000000000e+000, 2.000400000000000e+004, NULL, NULL);
INSERT INTO `lst_shelter_standards` VALUES(7.000000000000000e+000, '4.2 Bed Registration for incoming and Registered Residents', 1, 0.000000000000000e+000, 2.000400000000000e+004, NULL, NULL);
INSERT INTO `lst_shelter_standards` VALUES(8.000000000000000e+000, '4.3 Occupied Bed', 1, 0.000000000000000e+000, 2.000400000000000e+004, NULL, NULL);
INSERT INTO `lst_shelter_standards` VALUES(9.000000000000000e+000, '4.4 Overnight Passes and Leaves with Permission', 1, 0.000000000000000e+000, 2.000400000000000e+004, NULL, NULL);
INSERT INTO `lst_shelter_standards` VALUES(1.000000000000000e+001, '4.5 Substance use', 1, 0.000000000000000e+000, 2.000400000000000e+004, NULL, NULL);
INSERT INTO `lst_shelter_standards` VALUES(1.100000000000000e+001, '4.6 Service Restrictions (Barring)', 1, 0.000000000000000e+000, 2.000400000000000e+004, NULL, NULL);
INSERT INTO `lst_shelter_standards` VALUES(1.200000000000000e+001, '4.7 Meeting the Needs of Transgender/Transsexual/Two-spirited Residents ', 1, 0.000000000000000e+000, 2.000400000000000e+004, NULL, NULL);
INSERT INTO `lst_shelter_standards` VALUES(1.300000000000000e+001, '5.1 Resident Input', 1, 0.000000000000000e+000, 2.000500000000000e+004, NULL, NULL);
INSERT INTO `lst_shelter_standards` VALUES(1.400000000000000e+001, '5.2 Complaints and Appeals', 1, 0.000000000000000e+000, 2.000500000000000e+004, NULL, NULL);
INSERT INTO `lst_shelter_standards` VALUES(1.500000000000000e+001, '6.1 Provision of Essential Services', 1, 0.000000000000000e+000, 2.000600000000000e+004, NULL, NULL);
INSERT INTO `lst_shelter_standards` VALUES(1.600000000000000e+001, '6.2 Counseling Supports', 1, 0.000000000000000e+000, 2.000600000000000e+004, NULL, NULL);
INSERT INTO `lst_shelter_standards` VALUES(1.700000000000000e+001, '6.3 Daytime Access', 1, 0.000000000000000e+000, 2.000600000000000e+004, NULL, NULL);
INSERT INTO `lst_shelter_standards` VALUES(1.800000000000000e+001, '6.4 Services to Children', 1, 0.000000000000000e+000, 2.000600000000000e+004, NULL, NULL);
INSERT INTO `lst_shelter_standards` VALUES(1.900000000000000e+001, '6.5 Duty to Report Suspected Cases of Child Abuse', 1, 0.000000000000000e+000, 2.000600000000000e+004, NULL, NULL);
INSERT INTO `lst_shelter_standards` VALUES(2.000000000000000e+001, '6.6 Confidentiality', 1, 0.000000000000000e+000, 2.000600000000000e+004, NULL, NULL);
INSERT INTO `lst_shelter_standards` VALUES(2.100000000000000e+001, '6.7 Sharing of Resident Information', 1, 0.000000000000000e+000, 2.000600000000000e+004, NULL, NULL);
INSERT INTO `lst_shelter_standards` VALUES(2.200000000000000e+001, '6.8 Resident Information and Resident Files', 1, 0.000000000000000e+000, 2.000600000000000e+004, NULL, NULL);
INSERT INTO `lst_shelter_standards` VALUES(2.300000000000000e+001, '6.9 Stall Code of Conduct', 1, 0.000000000000000e+000, 2.000600000000000e+004, NULL, NULL);
INSERT INTO `lst_shelter_standards` VALUES(2.400000000000000e+001, '7.1 Food Safety and Nutrition Standards', 1, 0.000000000000000e+000, 2.000700000000000e+004, NULL, NULL);
INSERT INTO `lst_shelter_standards` VALUES(2.500000000000000e+001, '8.1 Health Standards', 1, 0.000000000000000e+000, 2.000800000000000e+004, NULL, NULL);
INSERT INTO `lst_shelter_standards` VALUES(2.600000000000000e+001, '8.2 Safety Standards', 1, 0.000000000000000e+000, 2.000800000000000e+004, NULL, NULL);
INSERT INTO `lst_shelter_standards` VALUES(2.700000000000000e+001, '8.3 Resident Medication', 1, 0.000000000000000e+000, 2.000800000000000e+004, NULL, NULL);
INSERT INTO `lst_shelter_standards` VALUES(2.800000000000000e+001, '8.4 Weapons', 1, 0.000000000000000e+000, 2.000800000000000e+004, NULL, NULL);
INSERT INTO `lst_shelter_standards` VALUES(2.900000000000000e+001, '9.1 Staff Training', 1, 0.000000000000000e+000, 2.000900000000000e+004, NULL, NULL);
INSERT INTO `lst_shelter_standards` VALUES(2.000300000000000e+004, '3. Standards of Organization', 1, 0.000000000000000e+000, 2.000300000000000e+004, NULL, NULL);
INSERT INTO `lst_shelter_standards` VALUES(2.000400000000000e+004, '4. Access to Shelter', 1, 0.000000000000000e+000, 2.000400000000000e+004, NULL, NULL);
INSERT INTO `lst_shelter_standards` VALUES(2.000500000000000e+004, '5. Resident Rights and Responsibilities', 1, 0.000000000000000e+000, 2.000500000000000e+004, NULL, NULL);
INSERT INTO `lst_shelter_standards` VALUES(2.000600000000000e+004, '6. Program Standards', 1, 0.000000000000000e+000, 2.000600000000000e+004, NULL, NULL);
INSERT INTO `lst_shelter_standards` VALUES(2.000700000000000e+004, '7. Food Safety and Nutrition Standards', 1, 0.000000000000000e+000, 2.000700000000000e+004, NULL, NULL);
INSERT INTO `lst_shelter_standards` VALUES(2.000800000000000e+004, '8. Health and Safety Standards', 1, 0.000000000000000e+000, 2.000800000000000e+004, NULL, NULL);
INSERT INTO `lst_shelter_standards` VALUES(2.000900000000000e+004, '9. Staff Training', 1, 0.000000000000000e+000, 2.000900000000000e+004, NULL, NULL);
UNLOCK TABLES;

delete from lst_sourceincome;

LOCK TABLES `lst_sourceincome` WRITE;
INSERT INTO `lst_sourceincome` VALUES(1.000000000000000e+000, 'Employment', 1, 5.000000000000000e+001, NULL, NULL);
INSERT INTO `lst_sourceincome` VALUES(1.000000000000000e+001, 'GIS', 1, 7.000000000000000e+001, NULL, NULL);
INSERT INTO `lst_sourceincome` VALUES(1.100000000000000e+001, 'Child Support', 1, 3.000000000000000e+001, NULL, NULL);
INSERT INTO `lst_sourceincome` VALUES(1.200000000000000e+001, 'Child Tax Benefit', 1, 4.000000000000000e+001, NULL, NULL);
INSERT INTO `lst_sourceincome` VALUES(1.300000000000000e+001, 'Savings', 1, 1.500000000000000e+002, NULL, NULL);
INSERT INTO `lst_sourceincome` VALUES(1.400000000000000e+001, 'Assets', 1, 1.000000000000000e+001, NULL, NULL);
INSERT INTO `lst_sourceincome` VALUES(1.500000000000000e+001, 'None Declared', 1, 8.000000000000000e+001, NULL, NULL);
INSERT INTO `lst_sourceincome` VALUES(1.600000000000000e+001, 'Other', 1, 1.300000000000000e+002, NULL, NULL);
INSERT INTO `lst_sourceincome` VALUES(2.000000000000000e+000, 'Employment Insurance', 1, 6.000000000000000e+001, NULL, NULL);
INSERT INTO `lst_sourceincome` VALUES(3.000000000000000e+000, 'WSIB', 1, 1.600000000000000e+002, NULL, NULL);
INSERT INTO `lst_sourceincome` VALUES(4.000000000000000e+000, 'Ontario Works', 1, 1.200000000000000e+002, NULL, NULL);
INSERT INTO `lst_sourceincome` VALUES(5.000000000000000e+000, 'ODSP', 1, 9.000000000000000e+001, NULL, NULL);
INSERT INTO `lst_sourceincome` VALUES(6.000000000000000e+000, 'OSAP', 1, 1.000000000000000e+002, NULL, NULL);
INSERT INTO `lst_sourceincome` VALUES(7.000000000000000e+000, 'CPP', 1, 2.000000000000000e+001, NULL, NULL);
INSERT INTO `lst_sourceincome` VALUES(8.000000000000000e+000, 'Old Age Security', 1, 1.100000000000000e+002, NULL, NULL);
INSERT INTO `lst_sourceincome` VALUES(9.000000000000000e+000, 'PNA', 1, 1.400000000000000e+002, NULL, NULL);
UNLOCK TABLES;

delete from lst_statusincanada;

LOCK TABLES `lst_statusincanada` WRITE;
INSERT INTO `lst_statusincanada` VALUES(1.000000000000000e+000, 'Refugee Claimant', 1, 5.000000000000000e+001, NULL, NULL);
INSERT INTO `lst_statusincanada` VALUES(2.000000000000000e+000, 'Convention Refugee', 1, 2.000000000000000e+001, NULL, NULL);
INSERT INTO `lst_statusincanada` VALUES(3.000000000000000e+000, 'Landed Immigrant', 1, 3.000000000000000e+001, NULL, NULL);
INSERT INTO `lst_statusincanada` VALUES(4.000000000000000e+000, 'Canadian Citizen', 1, 1.000000000000000e+001, NULL, NULL);
INSERT INTO `lst_statusincanada` VALUES(5.000000000000000e+000, 'Temporarily working/studying/visiting', 1, 6.000000000000000e+001, NULL, NULL);
INSERT INTO `lst_statusincanada` VALUES(6.000000000000000e+000, 'No Status', 1, 4.000000000000000e+001, NULL, NULL);
UNLOCK TABLES;

delete from lst_title;

LOCK TABLES `lst_title` WRITE;
INSERT INTO `lst_title` VALUES(1.000000000000000e+000, 'Mr.', 1, 1.000000000000000e+000, NULL, NULL);
INSERT INTO `lst_title` VALUES(2.000000000000000e+000, 'Mrs.', 1, 2.000000000000000e+000, NULL, NULL);
INSERT INTO `lst_title` VALUES(3.000000000000000e+000, 'Miss', 1, 3.000000000000000e+000, NULL, NULL);
INSERT INTO `lst_title` VALUES(4.000000000000000e+000, 'Ms.', 1, 4.000000000000000e+000, NULL, NULL);
UNLOCK TABLES;

delete from lst_transportation_type;

LOCK TABLES `lst_transportation_type` WRITE;
INSERT INTO `lst_transportation_type` VALUES(1.000000000000000e+000, 'Car', 1, 1.000000000000000e+001, NULL, NULL);
INSERT INTO `lst_transportation_type` VALUES(2.000000000000000e+000, 'Other', 1, 3.000000000000000e+001, NULL, NULL);
INSERT INTO `lst_transportation_type` VALUES(3.000000000000000e+000, 'Made Own Arrangements', 1, 2.000000000000000e+001, NULL, NULL);
INSERT INTO `lst_transportation_type` VALUES(4.000000000000000e+000, 'Shelter Vehicle', 1, 5.000000000000000e+001, NULL, NULL);
INSERT INTO `lst_transportation_type` VALUES(5.000000000000000e+000, 'Walking', 1, 8.000000000000000e+001, NULL, NULL);
INSERT INTO `lst_transportation_type` VALUES(6.000000000000000e+000, 'Outreach Vehicle', 1, 4.000000000000000e+001, NULL, NULL);
INSERT INTO `lst_transportation_type` VALUES(7.000000000000000e+000, 'TTC', 1, 7.000000000000000e+001, NULL, NULL);
INSERT INTO `lst_transportation_type` VALUES(8.000000000000000e+000, 'Taxi', 1, 6.000000000000000e+001, NULL, NULL);
UNLOCK TABLES;

SET FOREIGN_KEY_CHECKS = 0;
SET FOREIGN_KEY_CHECKS = 1;
