00001|||164.00
00002|||115.00
00003|||68.00
00004|||276.00
00005|||741.00
00006|||617.00
00007|||904.00
00008|||1804.00
00009|||0.46
00010|||18.35
00011|||21.75
00012|||9.95
00013|||31.65
00014|||47.05
00015|||31.65
00016|||53.50
00017|||72.10
00018|||146.00
00019|||62.10
00020|||118.00
00021|||107.00
00022|||46.65
00023|||79.90
00024|||92.80
00025|||208.00
00026|||106.00
00027|||141.00
00028|||75.10
00030|||18.35
00031|||16.20
00032|||37.50
00033|||24.00
00034|||18.35
00036|||74.40
00037|||126.00
00039|||26.45
00040|||62.10
00041|||18.35
00042|||10.65
00043|||10.65
00044|||8.70
00045|||38.25
00046|||82.30
00047|||24.35
00048|||34.10
00049|||68.00
00050|||352.00
00051|||1232.00
00052|||115.00
00053|||115.00
00054|||115.00
00055|||116.00
00056|||59.00
00058|||115.00
00059|||152.00
00060|||34.10
00061|||115.00
00062|||119.00
00063|||119.00
00064|||58.00
00065|||119.00
00066|||58.00
00067|||62.10
00068|||57.50
00069|||115.00
00070|||133.00
00071|||279.00
00072|||835.00
00073|||1395.00
00074|||2230.00
00075|||1395.00
00080|||17.50
00081|||233.00
00082|||115.00
00083|||233.00
00084|||256.00
00085|||163.00
00086|||163.00
00087|||115.00
00088|||212.00
00089|||115.00
00090|||52.50
00091|||332.00
00092|||1673.00
00093|||27.90
00094|||124.00
00095|||77.90
00096|||1.25
00097|||82.70
00098|||47.92
00100|||58.00
00101|||125.00
00103|||102.00
00104|||51.40
00105|||109.00
00108|||51.00
00109|||116.00
00110|||125.00
00111|||203.00
00112|||148.00
00113|||82.50
00114|||51.00
00115|||102.00
00116|||256.00
00117|||21.85
00118|||176.00
00119|||125.00
00120|||125.00
00121|||236.00
00122|||118.00
00123|||82.50
00127|||51.00
00128|||51.00
00190|||60.30
00193|||66.10
00194|||142.00
00195|||253.00
00196|||356.00
00197|||466.00
00198|||53.10
00204|||68.80
00205|||262.00
00206|||385.00
00207|||68.80
00208|||68.80
00209|||128.00
00210|||162.00
00214|||114.00
00217|||33.90
00218|||174.00
00219|||86.70
00222|||71.90
00223|||71.90
00224|||72.20
00225|||1038.00
00226|||897.00
00227|||853.00
00228|||83.10
00235|||221.00
00236|||331.00
00237|||122.00
00278|||134.55
00301|||609.00
00302|||161.00
00305|||244.00
00306|||77.80
00307|||82.30
00308|||60.40
00309|||121.00
00310|||425.00
00312|||214.00
00313|||432.00
00314|||214.00
00315|||221.00
00316|||73.40
00317|||114.00
00318|||29.90
00319|||168.00
00322|||162.00
00323|||1143.00
00325|||273.00
00326|||156.00
00328|||238.00
00330|||541.00
00331|||319.00
00332|||274.00
00333|||888.00
00334|||252.00
00335|||149.00
00336|||102.00
00337|||961.00
00338|||398.00
00340|||236.00
00341|||155.00
00342|||82.30
00343|||19.45
00344|||11.20
00345|||11.20
00347|||225.00
00348|||82.30
00349|||180.00
00350|||1528.00
00351|||580.00
00352|||385.00
00353|||68.90
00354|||138.00
00355|||1143.00
00356|||155.00
00357|||149.00
00358|||155.00
00359|||155.00
00361|||189.00
00362|||100.00
00363|||138.00
00364|||90.80
00365|||45.65
00366|||2570.00
00368|||401.00
00369|||52.40
00370|||169.00
00371|||102.00
00372|||149.00
00373|||697.00
00374|||1039.00
00381|||438.00
00382|||274.00
00383|||138.00
00385|||2766.00
00386|||4229.00
00387|||4556.00
00388|||977.00
00389|||405.00
00390|||2988.00
00391|||428.00
00392|||120.00
00393|||470.00
00394|||324.00
00395|||21.40
00396|||15.65
00397|||15.80
00405|||200.00
00406|||63.40
00407|||65.80
00408|||49.20
00409|||98.50
00410|||346.00
00411|||174.00
00413|||203.00
00415|||272.00
00416|||55.60
00417|||631.00
00418|||61.30
00419|||1098.00
00420|||560.00
00421|||1271.00
00424|||312.00
00426|||391.00
00427|||93.80
00428|||298.00
00505|||180.00
00506|||79.20
00507|||82.30
00508|||53.50
00509|||120.00
00510|||317.00
00511|||530.00
00512|||160.00
00513|||259.00
00514|||160.00
00515|||128.00
00516|||211.00
00517|||110.00
00519|||123.00
00520|||437.00
00523|||778.00
00525|||152.00
00526|||107.00
00527|||54.60
00528|||84.60
00529|||22.25
00530|||76.60
00531|||187.00
00532|||88.60
00533|||22.25
00534|||67.50
00535|||111.00
00537|||282.00
00538|||406.00
00539|||183.00
00540|||422.00
00605|||240.00
00607|||74.50
00608|||85.50
00609|||119.00
00610|||360.00
00613|||498.00
00614|||251.00
00615|||397.00
00622|||617.00
00623|||617.00
00624|||141.00
00625|||180.00
00626|||313.00
00627|||313.00
00630|||141.00
00631|||212.00
00632|||283.00
00633|||152.00
00635|||225.00
00636|||301.00
00641|||138.00
00643|||119.00
00644|||119.00
00645|||76.70
00650|||165.00
00651|||252.00
00652|||331.00
00655|||119.00
00663|||50.70
00664|||39.50
00665|||32.45
00666|||28.60
00667|||25.40
00668|||22.95
00669|||21.40
00670|||19.85
00700|||215.00
00701|||104.00
00702|||396.00
00703|||371.00
00704|||178.00
00705|||189.00
00706|||350.00
00707|||296.00
00708|||281.00
00709|||205.00
00710|||247.00
00711|||89.70
00715|||107.00
00716|||196.00
00717|||207.00
00718|||250.00
00719|||345.00
00721|||82.20
00722|||229.00
00723|||77.60
00724|||77.60
00727|||131.00
00728|||31.65
00729|||36.60
00730|||54.40
00731|||252.00
00732|||29.90
00733|||110.00
00734|||270.00
00735|||75.20
00736|||215.00
00738|||383.00
00739|||164.00
00740|||131.00
00741|||131.00
00742|||180.00
00743|||183.00
00744|||148.00
00745|||34.20
00746|||179.00
00747|||44.95
00748|||105.00
00749|||148.00
00750|||82.00
00751|||148.00
00752|||77.60
00753|||107.00
00754|||72.10
00755|||22.30
00757|||31.65
00758|||72.10
00759|||72.10
00760|||52.10
00761|||92.80
00762|||5.15
00763|||5.50
00764|||7.35
00765|||118.00
00767|||5.45
00768|||16.10
00769|||146.00
00770|||74.80
00771|||65.80
00774|||252.00
00775|||92.00
00776|||92.00
00780|||43.15
00782|||71.30
00783|||92.00
00784|||35.90
00785|||92.00
00786|||127.00
00787|||198.00
00788|||224.00
00789|||210.00
00790|||39.30
00791|||57.60
00792|||26.50
00793|||14.10
00794|||274.00
00797|||419.00
00798|||192.00
00799|||361.00
00800|||541.00
00801|||72.10
00802|||90.00
00803|||112.00
00804|||167.00
00805|||127.00
00806|||215.00
00807|||264.00
00808|||405.00
00809|||699.00
00810|||540.00
00811|||81.70
00812|||180.00
00813|||262.00
00814|||180.00
00815|||131.00
00816|||89.70
00817|||40.70
00818|||133.00
00819|||264.00
00820|||83.70
00821|||83.70
00822|||63.40
00823|||63.40
00824|||107.00
00825|||107.00
00826|||248.00
00827|||430.00
00830|||402.00
00835|||215.00
00836|||250.00
00839|||1079.00
00840|||1212.00
00841|||643.00
00842|||611.00
00843|||169.00
00844|||164.00
00845|||180.00
00846|||36.60
00847|||274.00
00848|||241.00
00853|||52.10
00854|||192.00
00855|||169.00
00856|||112.00
00857|||192.00
00859|||308.00
00862|||540.00
00866|||178.00
00868|||695.00
00869|||192.00
00871|||180.00
00874|||45.00
00875|||72.10
00876|||253.00
00877|||72.10
00878|||109.00
00880|||180.00
00881|||148.00
00882|||64.90
00885|||84.20
00886|||170.00
00888|||542.00
00889|||272.00
00890|||192.00
00891|||312.00
00892|||214.00
00893|||156.00
00894|||389.00
00896|||263.00
00897|||279.00
00898|||530.00
00900|||346.00
00901|||242.00
00902|||118.00
00905|||18.15
00906|||120.00
00907|||91.10
00908|||146.00
00909|||107.00
00910|||85.30
00911|||45.10
00914|||120.00
00915|||267.00
00919|||18.05
00920|||89.10
00921|||788.00
00922|||107.00
00923|||58.70
00924|||36.60
00925|||1098.00
00926|||397.00
00927|||113.00
00928|||41.30
00929|||61.80
00930|||19.45
00931|||47.45
00932|||47.45
00933|||36.60
00934|||36.60
00935|||41.30
00936|||47.45
00937|||36.60
00938|||61.80
00940|||47.45
00941|||89.70
00942|||50.10
00943|||29.80
00944|||947.00
00945|||137.00
00946|||132.00
00947|||515.00
00948|||389.00
00950|||72.10
00951|||107.00
00952|||89.70
00953|||146.00
00954|||154.00
00955|||154.00
00956|||179.00
00957|||179.00
00958|||72.10
00959|||107.00
00960|||16.70
00961|||51.50
00962|||11.20
00963|||51.50
00964|||42.80
00965|||89.70
00966|||154.00
00967|||118.00
00968|||118.00
00969|||118.00
00970|||36.60
00971|||89.70
00972|||61.80
00973|||36.60
00974|||35.65
00975|||35.65
00976|||309.00
00977|||180.00
00978|||422.00
00979|||557.00
00980|||589.00
00981|||589.00
00982|||562.00
00983|||343.00
00984|||192.00
00985|||159.00
00986|||107.00
00987|||213.00
00988|||239.00
00989|||336.00
00994|||322.00
00995|||3805.00
00997|||2617.00
00998|||3228.00
01005|||105.00
01007|||228.00
01011|||59.80
01012|||59.80
01013|||179.00
01015|||279.00
01016|||364.00
01019|||119.00
01021|||71.40
01022|||267.00
01025|||345.00
01026|||459.00
01032|||313.00
01034|||418.00
01035|||497.00
01036|||459.00
01037|||530.00
01040|||208.00
01042|||345.00
01044|||477.00
01050|||119.00
01059|||83.70
01065|||112.00
01070|||167.00
01071|||148.00
01072|||114.00
01073|||71.40
01074|||200.00
01075|||119.00
01076|||71.40
01077|||153.00
01082|||66.40
01084|||76.60
01088|||160.00
01090|||160.00
01091|||364.00
01093|||112.00
01094|||458.00
01095|||94.30
01096|||93.00
01102|||359.00
01103|||119.00
01104|||71.40
01105|||6.25
01106|||94.30
01107|||100.00
01108|||83.70
01110|||99.20
01111|||140.00
01112|||89.30
01115|||179.00
01116|||179.00
01124|||128.00
01125|||192.00
01135|||345.00
01138|||345.00
01140|||359.00
01141|||477.00
01142|||326.00
01143|||439.00
01144|||297.00
01145|||397.00
01146|||690.00
01147|||326.00
01148|||439.00
01149|||776.00
01150|||776.00
01151|||83.70
01156|||119.00
01157|||149.00
01158|||345.00
01159|||119.00
01160|||211.00
01164|||55.80
01165|||112.00
01166|||167.00
01168|||223.00
01172|||94.30
01173|||99.20
01174|||105.00
01175|||110.00
01176|||114.00
01177|||119.00
01178|||124.00
01179|||128.00
01180|||134.00
01181|||140.00
01186|||128.00
01187|||192.00
01192|||167.00
01200|||91.50
01201|||127.00
01202|||91.50
01205|||76.50||||||
01206|||116.00||||||
01207|||83.80||||||
01210|||632.00||||||
01211|||886.00||||||
01212|||632.00||||||
01215|||76.50||||||
01216|||116.00||||||
01217|||83.80||||||
01411|||632.00||||||
01412|||551.00||||||
01413|||1033.00||||||
01421|||313.00||||||
01422|||275.00||||||
01423|||473.00||||||
01431|||161.00||||||
01432|||183.00
01433|||236.00
01441|||53.50
01442|||69.20
01443|||121.00
01511|||671.00
01512|||495.00
01513|||427.00
01521|||271.00
01522|||179.00
01523|||134.00
01531|||179.00
01532|||133.00
01533|||67.20
01705|||175.00
01706|||77.00
01707|||104.00
01708|||51.10
01709|||115.00
01710|||309.00
01712|||156.00
01713|||225.00
01714|||156.00
01715|||112.00
01720|||127.00
01721|||131.00
01728|||43.20
01730|||74.30
01731|||107.00
01732|||180.00
01810|||220.00
01811|||48.10
01812|||77.00
01813|||109.00
01821|||60.20
01822|||96.20
01823|||135.00
01831|||92.00
01832|||147.00
01833|||219.00
01841|||60.20
01842|||96.20
01843|||135.00
01850|||187.00
01851|||163.00
01860|||122.00
01861|||117.00
01862|||87.60
02005|||293.00
02007|||92.60
02008|||72.70
02009|||153.00
02010|||242.00
02011|||161.00
02012|||400.00
02014|||158.00
02015|||164.00
02017|||89.00
02018|||82.40
02019|||82.40
02020|||93.90
02025|||351.00
02026|||88.30
02027|||261.00
02028|||163.00
02030|||263.00
02031|||88.30
02032|||177.00
02034|||70.20
02035|||134.00
02036|||88.30
02037|||46.60
02038|||51.40
02039|||43.80
02040|||436.00
02041|||102.00
02042|||151.00
02043|||200.00
02044|||252.00
02045|||88.30
02047|||206.00
02048|||44.00
02049|||102.00
02058|||872.00
02061|||144.00
02062|||41.15
02063|||102.00
02064|||128.00
02065|||41.15
02066|||88.30
02067|||212.00
02068|||41.15
02069|||172.00
02072|||107.00
02073|||447.00
02075|||248.00
02076|||681.00
02090|||440.00
02091|||440.00
02092|||710.00
02100|||1544.00
02101|||5789.00
02103|||290.00
02104|||2896.00
02105|||4827.00
02106|||1911.00
02107|||963.00
02108|||68.20
02109|||73.40
02110|||2649.00
02111|||3672.00
02112|||3472.00
02116|||1723.00
02118|||158.00
02119|||116.00
02120|||83.90
02122|||83.90
02123|||676.00
02126|||1838.00
02127|||1349.00
02129|||1156.00
02132|||296.00
02133|||1446.00
02134|||2127.00
02135|||2755.00
02144|||443.00
02145|||4592.00
02146|||73.40
02147|||211.00
02148|||387.00
02149|||73.40
02150|||186.00
02152|||384.00
02153|||186.00
02154|||1099.00
02155|||963.00
02156|||290.00
02157|||125.00
02158|||869.00
02159|||1797.00
02160|||1765.00
02161|||1225.00
02162|||1737.00
02163|||1929.00
02166|||1544.00
02167|||105.00
02168|||3140.00
02169|||2302.00
02171|||417.00
02172|||963.00
02173|||2449.00
02174|||1017.00
02175|||2791.00
02176|||430.00
02177|||1133.00
02178|||1634.00
02180|||1487.00
02181|||1696.00
02182|||2052.00
02183|||743.00
02184|||1099.00
02187|||1929.00
02188|||1488.00
02189|||2069.00
02190|||394.00
02192|||1581.00
02194|||2649.00
02195|||745.00
02196|||743.00
02197|||1701.00
02198|||1147.00
02199|||2990.00
02206|||223.00
02209|||1313.00
02210|||121.00
02221|||73.40
02223|||172.00
02224|||591.00
02231|||1438.00
02233|||3053.00
02234|||1589.00
02239|||968.00
02241|||1552.00
02242|||2156.00
02243|||2871.00
02244|||1660.00
02245|||1798.00
02246|||1798.00
02247|||1660.00
02248|||2107.00
02249|||1660.00
02250|||968.00
02251|||517.00
02252|||1207.00
02253|||2799.00
02254|||223.00
02255|||642.00
02256|||2348.00
02259|||1833.00
02260|||2373.00
02261|||1053.00
02262|||3264.00
02263|||899.00
02264|||1833.00
02265|||1660.00
02266|||121.00
02267|||864.00
02268|||2626.00
02269|||1275.00
02270|||2156.00
02271|||5391.00
02272|||3234.00
02273|||3053.00
02274|||346.00
02275|||2864.00
02276|||1833.00
02279|||5222.00
02280|||6535.00
02281|||3401.00
02282|||5222.00
02298|||417.00
02299|||517.00
02301|||172.00
02303|||104.00
02304|||261.00
02305|||379.00
02306|||448.00
02307|||311.00
02308|||485.00
02309|||864.00
02310|||1244.00
02315|||1589.00
02317|||139.00
02318|||207.00
02319|||694.00
02321|||726.00
02322|||275.00
02323|||448.00
02324|||91.10
02325|||137.00
02326|||1313.00
02327|||1833.00
02328|||448.00
02329|||622.00
02330|||448.00
02331|||694.00
02332|||1589.00
02333|||1694.00
02334|||1313.00
02335|||1382.00
02336|||361.00
02337|||864.00
02338|||2007.00
02339|||699.00
02341|||172.00
02342|||2180.00
02343|||1035.00
02345|||311.00
02346|||270.00
02347|||2523.00
02348|||968.00
02349|||1382.00
02351|||968.00
02352|||1140.00
02353|||1526.00
02354|||1660.00
02355|||2101.00
02358|||1258.00
02359|||1438.00
02360|||968.00
02361|||1487.00
02362|||517.00
02363|||864.00
02364|||172.00
02365|||346.00
02399|||311.00
02403|||699.00
02406|||657.00
02407|||797.00
02408|||517.00
02409|||1140.00
02410|||1382.00
02411|||3575.00
02412|||346.00
02413|||448.00
02414|||3908.00
02418|||2245.00
02419|||417.00
02420|||223.00
02421|||104.00
02422|||1032.00
02423|||1206.00
02424|||968.00
02425|||1729.00
02428|||485.00
02429|||555.00
02430|||1206.00
02431|||3922.00
02432|||4268.00
02433|||864.00
02434|||1729.00
02435|||1196.00
02437|||1660.00
02438|||1140.00
02440|||918.00
02441|||809.00
02442|||347.00
02443|||429.00
02444|||347.00
02445|||517.00
02446|||485.00
02447|||139.00
02448|||346.00
02449|||517.00
02450|||694.00
02451|||1140.00
02452|||172.00
02453|||517.00
02454|||517.00
02455|||864.00
02456|||1140.00
02457|||223.00
02458|||448.00
02459|||1487.00
02470|||2864.00
02471|||2284.00
02472|||2626.00
02473|||4294.00
02474|||2864.00
02476|||1729.00
02477|||1313.00
02478|||1002.00
02479|||3575.00
02480|||3575.00
02505|||241.00
02507|||73.40
02508|||60.50
02509|||121.00
02510|||179.00
02511|||220.00
02512|||361.00
02513|||270.00
02514|||109.00
02515|||361.00
02520|||42.50
02521|||46.35
02525|||24.85
02526|||31.15
02527|||67.40
02528|||134.00
02529|||31.15
02530|||67.40
02531|||49.85
02532|||16.35
02533|||67.40
02534|||67.40
02535|||319.00
02536|||131.00
02538|||204.00
02539|||189.00
02540|||172.00
02541|||145.00
02542|||89.90
02600|||6535.00
02601|||3269.00
02610|||3264.00
02612|||5229.00
02613|||6535.00
02614|||3264.00
02618|||2615.00
02622|||5229.00
02623|||6535.00
03005|||239.00
03007|||91.20
03008|||57.20
03009|||116.00
03010|||324.00
03011|||154.00
03030|||1781.00
03031|||2732.00
03032|||2732.00
03033|||2732.00
03034|||2732.00
03035|||5454.00
03036|||2277.00
03045|||2054.00
03046|||511.00
03047|||452.00
03048|||412.00
03049|||957.00
03053|||1452.00
03055|||4806.00
03056|||5943.00
03057|||3471.00
03058|||4733.00
03059|||5488.00
03065|||3471.00
03066|||409.00
03094|||6240.00
03095|||2925.00
03096|||3475.00
03097|||4022.00
03100|||86.60
03101|||479.00
03102|||2530.00
03103|||2197.00
03104|||2170.00
03106|||3647.00
03108|||1546.00
03110|||301.00
03111|||1546.00
03112|||2011.00
03113|||3160.00
03114|||6161.00
03115|||1745.00
03116|||3326.00
03118|||3413.00
03119|||3909.00
03120|||2853.00
03121|||2011.00
03122|||2247.00
03123|||3160.00
03124|||2187.00
03125|||4049.00
03126|||1380.00
03127|||537.00
03128|||1924.00
03129|||3289.00
03130|||8621.00
03131|||4281.00
03132|||3103.00
03133|||6161.00
03135|||7482.00
03136|||5155.00
03137|||2529.00
03138|||2529.00
03139|||979.00
03140|||3080.00
03141|||3964.00
03142|||1189.00
03143|||2711.00
03144|||4231.00
03145|||2415.00
03146|||3695.00
03147|||4398.00
03148|||605.00
03150|||2660.00
03151|||1675.00
03152|||1981.00
03153|||2984.00
03155|||2008.00
03156|||1560.00
03157|||1711.00
03158|||1297.00
03159|||1413.00
03160|||2878.00
03161|||1508.00
03162|||2347.00
03163|||1711.00
03164|||2181.00
03165|||629.00
03166|||1826.00
03167|||269.00
03168|||3854.00
03169|||1454.00
03170|||1375.00
03172|||1983.00
03173|||1375.00
03174|||2623.00
03175|||2120.00
03176|||2084.00
03177|||1675.00
03178|||1974.00
03179|||996.00
03180|||2767.00
03181|||2140.00
03182|||2140.00
03183|||3716.00
03184|||2140.00
03185|||2731.00
03188|||612.00
03189|||932.00
03196|||596.00
03198|||469.00
03200|||1218.00
03201|||928.00
03204|||1444.00
03205|||912.00
03207|||1727.00
03211|||118.00
03215|||98.70
03216|||76.70
03217|||274.00
03218|||979.00
03219|||828.00
03220|||1325.00
03221|||1029.00
03222|||11301.00
03223|||686.00
03224|||3990.00
03225|||772.00
03227|||101.00
03231|||1269.00
03232|||1552.00
03233|||950.00
03235|||499.00
03236|||2328.00
03237|||997.00
03238|||997.00
03239|||3103.00
03240|||992.00
03241|||1671.00
03250|||6621.00
03301|||596.00
03302|||338.00
03303|||764.00
03304|||1073.00
03305|||1199.00
03306|||764.00
03307|||506.00
03310|||280.00
03311|||85.80
03312|||140.00
03320|||886.00
04000|||782.00
04001|||458.00
04003|||786.00
04005|||288.00
04007|||78.70
04008|||59.10
04009|||134.00
04010|||302.00
04011|||1966.00
04012|||152.00
04014|||985.00
04017|||1166.00
04018|||1166.00
04022|||491.00
04023|||491.00
04024|||591.00
04025|||1445.00
04026|||491.00
04029|||786.00
04032|||198.00
04033|||786.00
04034|||152.00
04035|||302.00
04036|||328.00
04037|||656.00
04038|||498.00
04039|||1651.00
04040|||131.00
04041|||328.00
04042|||656.00
04043|||526.00
04044|||985.00
04045|||328.00
04046|||458.00
04047|||724.00
04048|||985.00
04049|||281.00
04050|||1113.00
04052|||1246.00
04092|||368.00
04093|||183.00
04106|||1705.00
04107|||302.00
04110|||458.00
04111|||328.00
04114|||643.00
04116|||404.00
04118|||90.60
04119|||60.40
04201|||985.00
04202|||1445.00
04203|||985.00
04204|||786.00
04206|||526.00
04208|||982.00
04212|||1310.00
04216|||920.00
04217|||786.00
04218|||2161.00
04219|||1310.00
04220|||576.00
04221|||428.00
04222|||723.00
04223|||999.00
04224|||999.00
04225|||723.00
04227|||832.00
04228|||1445.00
04229|||1445.00
04230|||656.00
04232|||190.00
04233|||381.00
04300|||92.00
04301|||261.00
04303|||395.00
04304|||131.00
04305|||78.70
04306|||261.00
04307|||853.00
04309|||288.00
04311|||288.00
04312|||261.00
04316|||526.00
04317|||35.90
04318|||1868.00
04320|||817.00
04322|||1357.00
04401|||1182.00
04402|||328.00
04404|||78.70
04405|||341.00
04406|||261.00
04408|||1182.00
04410|||341.00
04411|||1182.00
04421|||832.00
04422|||1017.00
04424|||1299.00
04427|||726.00
04429|||864.00
04432|||288.00
04500|||261.00
04502|||261.00
04503|||158.00
04508|||145.00
04509|||35.90
04510|||261.00
04512|||328.00
04515|||131.00
04516|||656.00
04517|||526.00
04530|||131.00
04531|||261.00
04533|||78.70
04536|||576.00
04545|||65.60
04551|||576.00
04602|||985.00
04605|||1299.00
04616|||1357.00
04617|||1766.00
04620|||335.00
04621|||335.00
04622|||335.00
04623|||505.00
04624|||840.00
04625|||672.00
04626|||1966.00
04627|||2557.00
04628|||1048.00
04660|||198.00
04662|||198.00
04664|||749.00
04680|||297.00
04699|||16.40
06005|||229.00
06007|||60.00
06008|||53.10
06009|||113.00
06010|||183.00
06012|||113.00
06015|||22.95
06016|||286.00
06017|||610.00
06018|||930.00
06019|||299.00
06020|||584.00
06021|||727.00
06022|||1163.00
06023|||1309.00
06024|||727.00
06025|||1163.00
06026|||875.00
06027|||293.00
06028|||135.00
06029|||179.00
06030|||1163.00
06031|||1459.00
06032|||1746.00
06033|||875.00
06034|||584.00
06035|||179.00
06036|||875.00
06040|||727.00
06041|||875.00
06042|||179.00
06043|||240.00
06044|||727.00
06045|||299.00
06046|||152.00
06047|||299.00
06048|||584.00
06049|||12.70
06050|||875.00
06051|||240.00
06052|||584.00
06053|||875.00
06054|||2034.00
06055|||991.00
06056|||1457.00
06057|||875.00
06058|||1163.00
06060|||1163.00
06061|||584.00
06062|||875.00
06063|||286.00
06064|||441.00
06065|||584.00
06066|||1151.00
06069|||231.00
06070|||152.00
06071|||299.00
06072|||584.00
06073|||8.30
06075|||584.00
06076|||584.00
06077|||584.00
06078|||58.40
06079|||88.40
06080|||44.95
06081|||299.00
06082|||152.00
06083|||152.00
06084|||88.40
06085|||920.00
06086|||618.00
06087|||149.00
06109|||494.00
06110|||1597.00
06111|||1309.00
06112|||152.00
06113|||441.00
06114|||875.00
06115|||1746.00
06116|||727.00
06117|||584.00
06118|||1163.00
06119|||875.00
06120|||1597.00
06123|||591.00
06124|||892.00
06125|||377.00
06126|||663.00
06127|||1876.00
06128|||2805.00
06129|||2321.00
06130|||299.00
06131|||584.00
06132|||584.00
06133|||1259.00
06134|||584.00
06135|||357.00
06136|||1459.00
06137|||1163.00
06138|||2034.00
06139|||1021.00
06140|||211.00
06141|||441.00
06142|||1021.00
06143|||1459.00
06144|||1459.00
06145|||1021.00
06146|||639.00
06147|||1163.00
06148|||875.00
06149|||441.00
06150|||1163.00
06151|||1309.00
06153|||1163.00
06154|||875.00
06156|||441.00
06157|||837.00
06159|||2624.00
06163|||441.00
06164|||727.00
06165|||1320.00
06166|||824.00
06167|||875.00
06168|||584.00
06169|||1459.00
06170|||1459.00
06171|||584.00
06172|||875.00
06173|||727.00
06175|||2034.00
06176|||1459.00
06177|||1459.00
06178|||930.00
06179|||286.00
06180|||584.00
06181|||584.00
06182|||480.00
06183|||883.00
06184|||531.00
06185|||1574.00
06186|||531.00
06187|||883.00
06188|||883.00
06189|||362.00
06193|||1053.00
06194|||1402.00
06195|||1053.00
06196|||179.00
06197|||361.00
06198|||361.00
06200|||299.00
06201|||584.00
06202|||875.00
06203|||1108.00
06204|||361.00
06205|||152.00
06206|||299.00
06207|||584.00
06210|||711.00
06211|||1053.00
06212|||794.00
06213|||1571.00
06214|||1128.00
06215|||3359.00
06216|||1571.00
06217|||5767.00
06218|||403.00
06219|||324.00
06220|||6218.00
06221|||537.00
06222|||247.00
06223|||247.00
06224|||403.00
06225|||247.00
06226|||648.00
06227|||344.00
06228|||806.00
06229|||713.00
06231|||2060.00
06232|||386.00
06233|||227.00
06234|||774.00
06235|||513.00
06236|||105.00
06237|||322.00
06238|||521.00
06240|||742.00
06241|||892.00
06242|||892.00
06243|||1378.00
06244|||1097.00
06245|||1471.00
06246|||211.00
06250|||1471.00
06251|||1471.00
06252|||1471.00
06253|||1471.00
06255|||462.00
06256|||452.00
06257|||897.00
06258|||614.00
06259|||899.00
06260|||299.00
06261|||1185.00
06262|||299.00
06265|||299.00
06266|||742.00
06270|||1039.00
06271|||215.00
06272|||58.40
06273|||593.00
06280|||593.00
06281|||892.00
06282|||1053.00
06291|||875.00
06292|||1309.00
06293|||1182.00
06294|||892.00
06300|||2002.00
06301|||2847.00
06302|||5722.00
06303|||4561.00
06304|||2035.00
06305|||1150.00
06306|||1716.00
06307|||1432.00
06308|||1506.00
06309|||2232.00
06310|||5722.00
06311|||8578.00
06312|||5722.00
06313|||5722.00
06314|||1143.00
07005|||292.00
07006|||86.10
07007|||73.70
07008|||63.00
07009|||147.00
07010|||385.00
07012|||171.00
07025|||240.00
07027|||387.00
07028|||223.00
07041|||142.00
07045|||119.00
07053|||420.00
07055|||419.00
07059|||174.00
07061|||248.00
07072|||372.00
07073|||407.00
07074|||785.00
07075|||372.00
07076|||372.00
07082|||372.00
07108|||780.00
07109|||449.00
07110|||335.00
07111|||585.00
07112|||606.00
07116|||1587.00
07134|||1189.00
07139|||419.00
07140|||819.00
07141|||116.00
07142|||766.00
07143|||896.00
07145|||123.00
07146|||1115.00
07360|||1963.00
07361|||819.00
07363|||1631.00
07365|||2854.00
07366|||2371.00
07402|||1318.00
07403|||1985.00
07404|||1631.00
07405|||3072.00
07406|||3602.00
07407|||3976.00
07408|||3976.00
07409|||4347.00
07410|||4471.00
07411|||4983.00
07412|||1671.00
07413|||1963.00
07430|||312.00
07431|||2446.00
07432|||1381.00
07433|||1963.00
07434|||2269.00
07435|||1740.00
07436|||1963.00
07437|||2607.00
07438|||3263.00
07440|||3072.00
07441|||2885.00
07442|||3918.00
07443|||2607.00
07444|||5222.00
07445|||1740.00
07446|||1963.00
07447|||1740.00
07448|||2607.00
07449|||2607.00
07450|||1631.00
07451|||868.00
07452|||2607.00
07455|||2718.00
07460|||248.00
07461|||291.00
07462|||387.00
07463|||325.00
07464|||680.00
07465|||460.00
07466|||1220.00
07470|||514.00
07471|||1035.00
07472|||1438.00
07473|||722.00
07474|||1438.00
07475|||722.00
07479|||1337.00
07497|||672.00
07498|||1723.00
07500|||1223.00
07515|||248.00
07516|||372.00
07517|||1355.00
07518|||1613.00
07519|||1318.00
07522|||407.00
07526|||85.10
07528|||203.00
07536|||2240.00
07546|||626.00
07552|||1940.00
07554|||1318.00
07556|||1687.00
07560|||314.00
07561|||524.00
07562|||524.00
07563|||400.00
07565|||2240.00
07566|||2023.00
07567|||4192.00
07569|||2947.00
07570|||2173.00
07571|||3496.00
07574|||762.00
07578|||1934.00
07580|||1748.00
07588|||1276.00
07589|||3565.00
07590|||1024.00
07593|||1032.00
07596|||248.00
07597|||1154.00
07600|||1052.00
07601|||1318.00
07602|||82.60
07603|||819.00
07610|||620.00
07614|||1223.00
07615|||1862.00
07623|||3051.00
07624|||3051.00
07626|||1223.00
07627|||1318.00
07628|||1934.00
07630|||1024.00
07632|||1390.00
07633|||3466.00
07634|||1318.00
07635|||1731.00
07636|||1833.00
07640|||3051.00
07641|||4456.00
07643|||1318.00
07645|||1109.00
07646|||1024.00
07647|||1528.00
07648|||606.00
07649|||1138.00
07650|||1528.00
07651|||1425.00
07652|||2425.00
07653|||2240.00
07654|||1731.00
07655|||1117.00
07658|||1631.00
07660|||606.00
07662|||3651.00
07663|||3048.00
07664|||1024.00
07665|||407.00
07666|||425.00
07672|||1856.00
07675|||407.00
07676|||915.00
07677|||1223.00
07678|||248.00
07679|||363.00
07683|||725.00
07685|||840.00
07687|||248.00
07689|||281.00
07690|||1631.00
07691|||120.00
07692|||2446.00
07697|||2854.00
07698|||1285.00
07699|||1613.00
07700|||5822.00
07702|||1066.00
07703|||2523.00
07705|||2797.00
07706|||1986.00
07707|||1613.00
07710|||204.00
07711|||1833.00
07714|||2854.00
07725|||2481.00
07726|||3196.00
07732|||2240.00
07733|||2332.00
07740|||583.00
07741|||1024.00
07743|||2519.00
07744|||2235.00
07745|||2043.00
07749|||1656.00
07756|||1318.00
07758|||1318.00
07760|||2841.00
07762|||819.00
07763|||1631.00
07764|||200.00
07768|||829.00
07769|||2007.00
07771|||1240.00
07776|||2332.00
07780|||402.00
07781|||248.00
07782|||402.00
07783|||402.00
07789|||968.00
07790|||372.00
07796|||1656.00
07805|||175.00
07807|||49.90
07808|||42.70
07809|||87.40
07810|||230.00
07812|||118.00
07820|||1610.00
07821|||2879.00
07822|||3111.00
07824|||2706.00
07825|||469.00
07826|||4078.00
07827|||2879.00
07828|||2879.00
07829|||1610.00
07830|||1404.00
07831|||1404.00
07832|||1404.00
07833|||1025.00
07834|||1404.00
07835|||1404.00
07836|||1404.00
07837|||1404.00
07838|||1404.00
07839|||1404.00
07841|||1258.00
07842|||1025.00
07843|||733.00
07844|||439.00
07845|||439.00
07846|||715.00
07847|||944.00
07851|||815.00
07852|||1610.00
07853|||2420.00
07854|||2420.00
07855|||2706.00
07856|||2706.00
07857|||2420.00
07858|||2420.00
07859|||2706.00
07860|||4083.00
07861|||2420.00
07862|||2706.00
07863|||2420.00
07864|||4078.00
07865|||4713.00
07866|||3753.00
07867|||2420.00
07868|||2420.00
07869|||2706.00
07870|||2420.00
07871|||2420.00
07872|||2706.00
07874|||2606.00
07875|||2606.00
07876|||2606.00
07877|||2606.00
07878|||2606.00
07879|||2606.00
07881|||2420.00
07882|||2706.00
07884|||2420.00
07885|||2706.00
07886|||2706.00
07887|||2707.00
07889|||2706.00
07890|||3111.00
07893|||3111.00
07898|||3363.00
07899|||3363.00
07900|||2706.00
07901|||2706.00
07902|||4078.00
07905|||2706.00
07906|||2420.00
07908|||2420.00
07909|||470.00
07910|||3165.00
07911|||3843.00
07912|||669.00
07913|||2420.00
07914|||514.00
07915|||471.00
07916|||286.00
07917|||679.00
07918|||428.00
07920|||37.20
07924|||65.70
07925|||47.00
07949|||789.00
07952|||170.00
07953|||944.00
07960|||1149.00
08005|||178.00
08007|||45.00
08008|||45.00
08009|||90.00
08010|||178.00
08012|||90.00
08100|||450.00
08104|||992.00
08105|||899.00
08106|||899.00
08108|||1443.00
08109|||1351.00
08110|||1531.00
08112|||721.00
08113|||992.00
08114|||992.00
08116|||1081.00
08117|||1081.00
08118|||1081.00
08119|||1262.00
08123|||497.00
08146|||632.00
08147|||899.00
08148|||1170.00
08151|||899.00
08152|||899.00
08153|||178.00
08154|||253.00
08155|||253.00
08156|||899.00
08157|||632.00
08158|||899.00
08159|||813.00
08160|||1081.00
08161|||497.00
08163|||992.00
08168|||813.00
08170|||899.00
08173|||1801.00
08174|||1801.00
08175|||2433.00
08176|||2701.00
08177|||3334.00
08178|||3604.00
08181|||1170.00
08182|||2701.00
08183|||4056.00
08184|||1170.00
08200|||361.00
08201|||450.00
08202|||109.00
08203|||541.00
08204|||992.00
08207|||899.00
08232|||405.00
08250|||721.00
08251|||361.00
08253|||721.00
08254|||541.00
08255|||1081.00
08256|||541.00
08257|||541.00
08259|||1262.00
08260|||361.00
08261|||361.00
08262|||45.00
08263|||541.00
08264|||45.00
08265|||90.00
08266|||541.00
08267|||541.00
08268|||632.00
08269|||450.00
08272|||405.00
08274|||541.00
08275|||813.00
08276|||992.00
08277|||1081.00
08278|||721.00
08282|||271.00
08283|||758.00
08296|||1170.00
08297|||899.00
08299|||813.00
08300|||813.00
08301|||90.00
08305|||450.00
08306|||541.00
08307|||899.00
08308|||1262.00
08309|||1891.00
08311|||1081.00
08312|||233.00
08314|||1531.00
08317|||721.00
08318|||1801.00
08319|||517.00
08322|||721.00
08323|||271.00
08324|||541.00
08325|||497.00
08326|||586.00
08327|||178.00
08328|||813.00
08329|||216.00
08330|||433.00
08340|||271.00
08341|||361.00
08342|||450.00
08343|||721.00
08344|||271.00
08345|||233.00
08346|||405.00
08347|||721.00
08349|||1801.00
08350|||1081.00
08353|||1351.00
08354|||2522.00
08363|||405.00
08399|||109.00
08480|||98.00
08500|||95.60
08501|||63.50
08503|||63.50
08504|||63.50
08505|||63.50
08506|||95.60
08507|||63.50
08508|||63.50
08509|||63.50
08510|||95.60
08511|||63.50
08512|||95.60
08513|||63.50
08514|||32.00
08515|||95.60
08516|||10.00
08517|||129.00
08518|||43.55
08520|||63.50
08521|||63.50
08522|||63.50
08523|||63.50
08524|||63.50
08525|||63.50
08526|||32.00
08530|||63.50
08531|||63.50
08532|||63.50
08533|||63.50
08534|||63.50
08535|||63.50
08536|||73.40
08537|||32.00
08540|||77.60
08541|||63.50
08542|||95.60
08543|||63.50
08544|||63.50
08545|||63.50
08546|||82.20
08547|||77.00
08548|||189.00
08549|||59.60
08550|||64.90
08551|||64.90
08552|||32.00
08553|||32.00
08554|||63.50
08555|||95.60
08556|||63.50
08557|||95.60
08558|||173.00
08559|||239.00
08570|||63.50
08571|||95.60
08572|||112.00
08573|||157.00
08574|||161.00
08576|||164.00
08577|||161.00
08578|||95.60
08579|||69.10
08580|||95.60
08581|||145.00
08582|||106.00
08583|||112.00
08584|||118.00
08590|||63.50
08591|||161.00
08593|||95.60
08594|||192.00
08595|||95.60
08596|||161.00
08597|||129.00
08599|||161.00
08601|||119.00
08602|||91.00
08603|||65.70
08604|||63.50
08605|||32.00
08606|||69.10
08607|||63.50
08608|||141.00
08609|||63.50
08610|||101.00
08611|||164.00
08612|||125.00
08613|||201.00
08614|||129.00
08615|||247.00
08616|||425.00
08617|||127.00
08618|||192.00
08619|||149.00
08620|||332.00
08624|||127.00
08625|||33.05
08626|||263.00
08627|||247.00
08628|||29.90
08629|||53.10
08630|||565.00
08631|||59.30
08632|||192.00
08633|||55.00
08637|||59.30
08638|||201.00
08641|||184.00
08642|||123.00
08644|||199.00
08645|||157.00
08646|||179.00
08648|||199.00
08649|||184.00
08650|||190.00
08651|||190.00
08652|||101.00
08653|||199.00
08655|||155.00
08657|||199.00
08658|||107.00
08659|||190.00
08660|||223.00
08662|||487.00
08664|||112.00
08665|||197.00
08666|||131.00
08667|||82.70
08668|||131.00
08669|||80.70
08670|||80.70
08676|||201.00
08677|||80.70
08678|||113.00
08679|||89.80
08684|||199.00
08688|||123.00
08689|||85.00
08690|||95.60
08691|||137.00
08692|||175.00
08693|||197.00
08694|||215.00
08695|||291.00
08696|||222.00
08697|||643.00
08698|||267.00
08710|||117.00
08711|||85.90
08712|||57.40
08786|||91.00
08787|||46.00
09802|||312.00
09804|||507.00
09805|||199.00
09806|||625.00
09807|||761.00
09808|||430.00
09809|||294.00
09813|||267.00
09814|||223.00
09816|||452.00
09817|||445.00
09818|||274.00
09819|||394.00
09820|||77.30
09821|||102.00
09823|||330.00
09824|||291.00
09825|||131.00
09826|||2350.00
09828|||280.00
09829|||761.00
09832|||247.00
09833|||259.00
09834|||396.00
09835|||61.50
09836|||178.00
09837|||241.00
09838|||484.00
09839|||155.00
09840|||259.00
09841|||249.00
09842|||259.00
09843|||501.00
09844|||437.00
09848|||204.00
09849|||513.00
09850|||277.00
09851|||385.00
09852|||124.00
09853|||513.00
09854|||632.00
09855|||401.00
09856|||230.00
09857|||277.00
09858|||259.00
09859|||202.00
09860|||155.00
09863|||447.00
09864|||259.00
09865|||207.00
09866|||77.50
09867|||310.00
09868|||385.00
09869|||500.00
09870|||311.00
09871|||450.00
09873|||259.00
09876|||127.00
09878|||460.00
09879|||430.00
09880|||385.00
09881|||385.00
09882|||768.00
09883|||774.00
09884|||504.00
09885|||753.00
09886|||513.00
09890|||860.00
09895|||430.00
09896|||51.00
09897|||49.70
09898|||331.00
10707|||441.00
10714|||104.00
10730|||729.00
10731|||729.00
10732|||827.00
10733|||926.00
10900|||1777.00
10901|||1076.00
10902|||205.00
10903|||1076.00
10904|||1076.00
10905|||2454.00
10906|||717.00
10907|||169.00
10908|||1076.00
10909|||717.00
10911|||717.00
10912|||717.00
11200|||864.00
11215|||536.00
11230|||536.00
11232|||700.00
11245|||701.00
11300|||774.00
11302|||67.30
11315|||536.00
11330|||536.00
11332|||855.00
11345|||701.00
11400|||536.00
11402|||67.30
11415|||536.00
11416|||536.00
11430|||536.00
11432|||536.00
11445|||701.00
11500|||1500.00
11501|||67.30
11502|||33.50
11515|||860.00
11530|||536.00
11532|||1500.00
11545|||701.00
11546|||701.00
11600|||619.00
11602|||67.30
11615|||700.00
11630|||536.00
11632|||619.00
11645|||701.00
11700|||536.00
11702|||67.30
11715|||536.00
11716|||536.00
11717|||536.00
11718|||536.00
11730|||536.00
11745|||701.00
11830|||619.00
11831|||536.00
11845|||700.00
11915|||334.00
11916|||774.00
11917|||502.00
11918|||1547.00
11919|||167.00
11920|||386.00
12100|||63.80
12101|||139.00
12110|||139.00
12120|||139.00
12148|||51.00
12200|||63.80
12201|||139.00
12220|||139.00
13000|||29.00
13005|||29.00
13015|||104.00
13020|||58.00
13052|||70.50
13108|||102.00
13114|||102.00
13127|||102.00
13128|||102.00
13148|||102.00
13200|||58.00
13201|||125.00
13220|||125.00
13600|||87.80
13601|||87.80
13605|||75.30
13610|||60.40
13611|||113.00
13612|||22.35
13620|||113.00
13621|||27.90
13622|||123.00
13630|||60.30
13631|||60.30
13632|||121.00
13633|||107.00
13650|||88.40
13660|||89.30
14090|||134.00
14091|||60.30
14094|||60.30
14104|||931.00
14108|||210.00
14109|||775.00
14199|||165.00
14540|||73.10
14545|||213.00
14560|||60.30
15000|||3.15
15100|||7.35
15110|||9.80
15120|||21.45
15130|||4.30
15131|||8.70
16100|||66.70
16101|||145.00
16110|||145.00
16120|||145.00
16200|||66.70
16201|||145.00
16220|||145.00
17100|||72.20
17101|||158.00
17110|||158.00
17120|||158.00
17200|||72.20
17201|||158.00
17220|||158.00
18100|||75.30
18101|||164.00
18110|||164.00
18120|||164.00
18200|||75.30
18201|||164.00
18220|||164.00
20207|||68.80
20208|||68.80
20210|||162.00
20214|||114.00
22007|||92.60
22008|||72.70
22010|||242.00
22011|||161.00
22023|||114.00
22046|||36.80
22047|||41.15
22056|||261.00
22059|||872.00
22067|||208.00
22068|||40.35
22069|||169.00
22070|||3199.00
22113|||387.00
22114|||423.00
22115|||348.00
22116|||423.00
22117|||423.00
22118|||110.00
22121|||580.00
22125|||2530.00
22136|||963.00
22138|||3860.00
22140|||3090.00
22141|||1737.00
22142|||2681.00
22143|||3860.00
22165|||2508.00
22166|||580.00
22167|||454.00
22169|||72.70
22171|||1378.00
22172|||1655.00
22185|||1017.00
22187|||2755.00
22191|||684.00
22195|||569.00
22196|||1273.00
22197|||329.00
22198|||3220.00
22199|||220.00
22200|||680.00
22201|||184.00
22202|||184.00
22203|||735.00
22399|||211.00
25300|||2685.00
25301|||661.00
25305|||1066.00
25310|||2465.00
25315|||602.00
30005|||244.00
30006|||77.80
30007|||82.30
30008|||60.40
30010|||425.00
30011|||514.00
30012|||214.00
31005|||175.00
31006|||56.30
31007|||59.60
31008|||43.65
31010|||309.00
31012|||156.00
31014|||156.00
31018|||240.00
31019|||180.00
31106|||56.30
31107|||59.60
31108|||43.65
31110|||309.00
31112|||156.00
32005|||244.00
32006|||77.80
32007|||82.30
32008|||60.40
32010|||425.00
32012|||214.00
32014|||214.00
32090|||536.00
32091|||214.00
50506|||79.20
50507|||82.30
50508|||53.50
50510|||317.00
50511|||530.00
50512|||160.00
50514|||160.00
51007|||80.90
51008|||53.90
51010|||231.00
51012|||134.00
51015|||462.00
51016|||67.30
51017|||67.30
51018|||253.00
51019|||67.30
51020|||67.30
51021|||67.30
51022|||253.00
51023|||253.00
51024|||253.00
51025|||134.00
51030|||80.90
51035|||270.00
51036|||270.00
51037|||270.00
51038|||298.00
51039|||67.30
51040|||67.30
51051|||1726.00
51052|||3688.00
51053|||3124.00
51054|||3149.00
51055|||3124.00
51056|||4685.00
51057|||3149.00
51058|||6273.00
51065|||3149.00
51066|||4322.00
51067|||619.00
52210|||536.00
52215|||536.00
52220|||700.00
52225|||536.00
52250|||1099.00
52255|||1561.00
52305|||700.00
52306|||700.00
52307|||1010.00
52310|||1014.00
52315|||1010.00
52320|||700.00
52325|||1641.00
52330|||1010.00
52355|||619.00
52356|||1010.00
52357|||619.00
52360|||1171.00
52365|||1171.00
52370|||1171.00
52380|||536.00
52385|||930.00
52405|||33.50
52410|||33.50
52415|||700.00
52420|||202.00
52505|||1253.00
52506|||2075.00
52515|||782.00
52516|||1171.00
52525|||1641.00
52526|||1816.00
52535|||1326.00
52540|||2075.00
52541|||1726.00
52545|||2075.00
52550|||1253.00
52555|||1480.00
52601|||2075.00
52602|||1171.00
52603|||1792.00
52604|||2317.00
52605|||1331.00
52606|||2317.00
52607|||3378.00
52651|||700.00
52652|||430.00
52705|||1016.00
52708|||270.00
52709|||536.00
52715|||2667.00
52718|||270.00
52719|||536.00
52721|||270.00
52722|||700.00
52725|||1171.00
52728|||270.00
52729|||536.00
52731|||536.00
52732|||536.00
52735|||1561.00
52736|||1726.00
52737|||2317.00
52738|||270.00
52739|||536.00
52741|||700.00
52742|||1023.00
52745|||1641.00
52748|||270.00
52749|||536.00
52800|||270.00
52810|||2743.00
52811|||2154.00
52980|||2233.00
52981|||2667.00
52982|||1561.00
52998|||270.00
52999|||536.00
53210|||536.00
53215|||536.00
53220|||700.00
53225|||536.00
53250|||700.00
53255|||1171.00
53260|||619.00
53269|||536.00
53305|||855.00
53310|||1641.00
53355|||619.00
53360|||1171.00
53365|||782.00
53370|||782.00
53380|||536.00
53385|||930.00
53386|||700.00
53405|||33.50
53410|||33.50
53415|||619.00
53420|||202.00
53505|||1953.00
53510|||1641.00
53515|||1016.00
53516|||1171.00
53520|||782.00
53521|||1641.00
53530|||2075.00
53531|||1253.00
53540|||619.00
53601|||1561.00
53602|||2075.00
53603|||1715.00
53604|||1253.00
53605|||2075.00
53606|||782.00
53607|||1293.00
53641|||2667.00
53642|||2154.00
53643|||3299.00
53651|||700.00
53652|||700.00
53653|||430.00
53701|||700.00
53702|||782.00
53705|||782.00
53708|||270.00
53709|||536.00
53711|||536.00
53712|||1020.00
53715|||1177.00
53718|||270.00
53719|||536.00
53721|||536.00
53722|||1023.00
53725|||1171.00
53726|||2504.00
53727|||270.00
53728|||536.00
53735|||860.00
53738|||270.00
53739|||536.00
53741|||700.00
53742|||782.00
53745|||1171.00
53748|||270.00
53749|||536.00
53751|||430.00
53752|||700.00
53755|||860.00
53761|||270.00
53762|||860.00
53765|||1561.00
53768|||270.00
53769|||536.00
53771|||782.00
53772|||782.00
53775|||1099.00
53778|||270.00
53779|||536.00
53800|||270.00
53810|||2075.00
53980|||1171.00
53981|||1171.00
53998|||270.00
53999|||536.00
54305|||700.00
54310|||934.00
54315|||934.00
54350|||619.00
54351|||934.00
54372|||934.00
54380|||536.00
54385|||930.00
54386|||619.00
54387|||1561.00
54405|||67.30
54410|||67.30
54415|||619.00
54420|||134.00
54505|||1726.00
54510|||1898.00
54515|||1408.00
54601|||1898.00
54602|||940.00
54603|||1561.00
54604|||1171.00
54631|||700.00
54632|||2075.00
54633|||1561.00
54634|||782.00
54635|||2743.00
54651|||700.00
54652|||348.00
54701|||728.00
54702|||860.00
54703|||940.00
54705|||1500.00
54708|||134.00
54709|||270.00
54715|||1253.00
54721|||728.00
54722|||860.00
54725|||1726.00
54728|||134.00
54729|||270.00
54800|||270.00
54810|||1898.00
55210|||536.00
55215|||536.00
55220|||860.00
55225|||930.00
55255|||782.00
55270|||860.00
55275|||1171.00
55305|||1089.00
55310|||1726.00
55355|||619.00
55360|||1641.00
55365|||1171.00
55370|||1253.00
55380|||536.00
55385|||930.00
55405|||33.50
55410|||33.50
55415|||700.00
55420|||202.00
55505|||1884.00
55510|||1898.00
55515|||940.00
55601|||2154.00
55602|||1726.00
55603|||2154.00
55604|||1561.00
55605|||2233.00
55606|||1253.00
55607|||2580.00
55631|||3932.00
55632|||5329.00
55633|||2584.00
55634|||2233.00
55635|||2584.00
55636|||2584.00
55651|||782.00
55652|||940.00
55661|||1416.00
55662|||1494.00
55663|||2317.00
55671|||2317.00
55672|||1253.00
55673|||2864.00
55674|||3782.00
55675|||4729.00
55701|||270.00
55702|||1427.00
55705|||3149.00
55706|||2205.00
55707|||3378.00
55711|||270.00
55712|||536.00
55715|||1416.00
55718|||270.00
55719|||536.00
55721|||782.00
55725|||2060.00
55726|||3019.00
55727|||3805.00
55731|||270.00
55732|||536.00
55735|||1416.00
55736|||2743.00
55738|||270.00
55739|||536.00
55741|||536.00
55745|||3768.00
55746|||5329.00
55751|||1500.00
55755|||2396.00
55758|||270.00
55759|||536.00
55760|||1408.00
55761|||1884.00
55768|||270.00
55769|||536.00
55771|||2571.00
55778|||270.00
55779|||536.00
55780|||350.00
55781|||623.00
55782|||1023.00
55783|||2233.00
55785|||2233.00
55788|||270.00
55789|||536.00
55800|||270.00
55810|||3540.00
55980|||7055.00
55981|||3932.00
55982|||2990.00
55983|||1884.00
55984|||1884.00
55998|||270.00
55999|||536.00
56210|||536.00
56215|||536.00
56220|||860.00
56225|||536.00
56250|||619.00
56260|||619.00
56269|||536.00
56270|||996.00
56275|||1408.00
56280|||2223.00
56285|||1804.00
56290|||700.00
56305|||700.00
56306|||934.00
56310|||1331.00
56315|||619.00
56320|||700.00
56325|||1016.00
56330|||700.00
56335|||700.00
56353|||619.00
56354|||860.00
56355|||619.00
56356|||700.00
56357|||1016.00
56360|||1342.00
56361|||701.00
56362|||1016.00
56365|||940.00
56370|||782.00
56380|||536.00
56385|||619.00
56390|||940.00
56405|||67.30
56410|||67.30
56415|||700.00
56420|||202.00
56505|||1561.00
56510|||2154.00
56515|||1799.00
56520|||2409.00
56525|||2075.00
56528|||270.00
56529|||536.00
56530|||1253.00
56531|||700.00
56540|||996.00
56541|||1416.00
56545|||940.00
56601|||2317.00
56602|||1641.00
56603|||2154.00
56604|||782.00
56651|||782.00
56652|||782.00
56653|||860.00
56654|||1468.00
56661|||1967.00
56662|||2317.00
56663|||1416.00
56664|||3184.00
56665|||1177.00
56701|||350.00
56702|||623.00
56703|||1023.00
56704|||2233.00
56705|||2233.00
56708|||270.00
56709|||536.00
56711|||270.00
56712|||536.00
56713|||1023.00
56715|||2233.00
56716|||3218.00
56718|||270.00
56719|||536.00
56725|||700.00
56728|||270.00
56729|||536.00
56734|||940.00
56735|||1331.00
56738|||270.00
56739|||536.00
56741|||536.00
56742|||1105.00
56745|||1884.00
56746|||2673.00
56748|||270.00
56749|||536.00
56751|||270.00
56752|||623.00
56753|||1023.00
56754|||1978.00
56755|||1641.00
56758|||270.00
56759|||536.00
56769|||536.00
56800|||270.00
56810|||2317.00
56980|||1494.00
56998|||270.00
56999|||536.00
57210|||536.00
57215|||536.00
57220|||860.00
57225|||536.00
57250|||860.00
57260|||619.00
57269|||536.00
57270|||782.00
57275|||1171.00
57280|||619.00
57285|||1253.00
57286|||2075.00
57290|||782.00
57295|||782.00
57305|||700.00
57306|||1016.00
57310|||1253.00
57330|||700.00
57354|||619.00
57355|||619.00
57356|||619.00
57360|||1023.00
57365|||619.00
57370|||1016.00
57371|||1016.00
57372|||700.00
57373|||700.00
57374|||1561.00
57375|||619.00
57380|||536.00
57385|||930.00
57405|||33.50
57410|||33.50
57415|||619.00
57420|||134.00
57505|||700.00
57510|||1099.00
57515|||1016.00
57516|||1561.00
57520|||1016.00
57525|||348.00
57526|||700.00
57527|||971.00
57535|||1099.00
57550|||1253.00
57555|||940.00
57601|||1874.00
57602|||1253.00
57603|||1253.00
57604|||1726.00
57605|||1016.00
57606|||700.00
57631|||1561.00
57632|||940.00
57633|||1099.00
57634|||619.00
57635|||619.00
57636|||860.00
57637|||1171.00
57651|||700.00
57652|||430.00
57661|||2317.00
57662|||2909.00
57663|||536.00
57671|||782.00
57672|||860.00
57673|||860.00
57674|||1253.00
57675|||860.00
57676|||782.00
57677|||1099.00
57678|||1715.00
57701|||536.00
57702|||1416.00
57705|||2584.00
57708|||270.00
57709|||536.00
57711|||270.00
57712|||782.00
57713|||782.00
57715|||1016.00
57716|||1171.00
57718|||270.00
57719|||536.00
57721|||270.00
57722|||536.00
57723|||860.00
57725|||1253.00
57728|||270.00
57729|||536.00
57732|||536.00
57733|||860.00
57735|||1804.00
57738|||270.00
57739|||536.00
57741|||270.00
57742|||536.00
57743|||940.00
57745|||1408.00
57748|||270.00
57749|||536.00
57751|||270.00
57752|||536.00
57753|||860.00
57755|||940.00
57758|||270.00
57759|||536.00
57761|||782.00
57765|||860.00
57766|||1016.00
57768|||270.00
57769|||536.00
57771|||270.00
57772|||536.00
57773|||623.00
57775|||860.00
57778|||270.00
57779|||536.00
57781|||782.00
57785|||860.00
57788|||134.00
57789|||270.00
57791|||134.00
57792|||536.00
57793|||782.00
57795|||860.00
57798|||134.00
57799|||270.00
57800|||270.00
57810|||1726.00
57811|||2422.00
57812|||2075.00
57813|||1726.00
57814|||1561.00
57815|||1898.00
57816|||1016.00
57817|||782.00
57980|||1535.00
57981|||1416.00
57982|||1177.00
57983|||1023.00
57984|||542.00
57998|||134.00
57999|||270.00
58205|||270.00
58210|||270.00
58250|||536.00
58305|||782.00
58370|||1804.00
58375|||2329.00
58376|||4159.00
58385|||4709.00
58386|||5494.00
58410|||1480.00
58605|||1561.00
58610|||3136.00
58615|||1416.00
58620|||2233.00
58625|||3610.00
58630|||4550.00
58635|||5329.00
58640|||1454.00
58645|||2854.00
58650|||5105.00
58655|||2743.00
58660|||5883.00
58670|||4159.00
58675|||4941.00
58680|||7055.00
58685|||7055.00
58690|||5105.00
58695|||4159.00
58710|||536.00
58715|||2909.00
58725|||3768.00
58726|||4550.00
60607|||74.50
60608|||85.50
60610|||360.00
60613|||498.00
60614|||251.00
60622|||617.00
60624|||141.00
60625|||180.00
60626|||313.00
60630|||141.00
60631|||212.00
60632|||283.00
60633|||152.00
60635|||225.00
60636|||301.00
60645|||76.70
61152|||773.00
61156|||1057.00
61157|||1143.00
61158|||1756.00
61166|||844.00
61167|||610.00
61222|||503.00
61223|||827.00
61224|||97.90
61225|||198.00
66007|||60.00
66008|||53.10
66010|||183.00
66012|||113.00
70019|||782.00
70020|||89.20
70023|||404.00
70024|||722.00
70025|||248.00
70041|||133.00
70042|||33.55
70043|||248.00
70044|||485.00
70084|||174.00
70150|||822.00
70151|||1306.00
70152|||1306.00
70469|||174.00
70470|||350.00
70471|||374.00
70472|||248.00
70473|||350.00
70477|||335.00
70478|||680.00
70479|||2363.00
70500|||1631.00
70501|||1936.00
70502|||1425.00
70503|||1438.00
70504|||1438.00
70505|||1438.00
70506|||1438.00
70509|||1438.00
70511|||1438.00
70530|||1631.00
70531|||2363.00
70532|||2363.00
70533|||4347.00
70534|||5084.00
70535|||4967.00
70536|||5666.00
70538|||4967.00
70539|||5666.00
70540|||4347.00
70541|||5084.00
70542|||3263.00
70544|||1985.00
70545|||1631.00
70547|||626.00
70549|||583.00
70551|||330.00
70552|||350.00
70553|||350.00
70554|||330.00
70555|||330.00
70601|||2305.00
70602|||2305.00
70603|||2305.00
70604|||2321.00
70605|||2446.00
70606|||2240.00
70607|||2045.00
70620|||1223.00
70621|||2051.00
70622|||2136.00
70624|||1223.00
70625|||1740.00
70626|||1985.00
70627|||3466.00
70628|||3602.00
70629|||3713.00
70630|||2981.00
70631|||2981.00
70632|||3104.00
70633|||3354.00
70634|||196.00
70635|||3654.00
70637|||93.30
70638|||316.00
70641|||1390.00
70642|||2890.00
70643|||3104.00
70644|||3413.00
70645|||2564.00
70646|||1223.00
70648|||819.00
70649|||2389.00
70665|||1223.00
70666|||1223.00
70668|||404.00
70670|||1902.00
70671|||1223.00
70672|||2733.00
70674|||204.00
70675|||77.60
70676|||1055.00
70680|||407.00
70683|||387.00
70694|||1613.00
70695|||1613.00
70696|||2812.00
70698|||1285.00
70700|||1975.00
70701|||2416.00
70702|||2416.00
70703|||3104.00
70704|||3182.00
70705|||3104.00
70710|||1341.00
70711|||4816.00
70712|||3213.00
70713|||4816.00
70714|||5203.00
70715|||3027.00
70716|||4471.00
70717|||4842.00
70720|||2647.00
70721|||2361.00
70722|||3032.00
70725|||3298.00
70726|||3027.00
70727|||3687.00
70728|||3724.00
70730|||2004.00
70731|||3104.00
70740|||387.00
70742|||1787.00
70743|||2214.00
70745|||2147.00
70747|||2112.00
70748|||498.00
71530|||1616.00
71531|||2446.00
71532|||2733.00
71533|||3164.00
71534|||2446.00
71535|||2240.00
71536|||2240.00
71537|||2408.00
71538|||2408.00
71539|||2045.00
71540|||2045.00
71541|||2858.00
71542|||2858.00
71543|||4347.00
71544|||5084.00
71546|||2523.00
71547|||2045.00
71548|||1318.00
71549|||2361.00
71550|||1637.00
71551|||2484.00
71600|||1162.00
71601|||1551.00
71602|||1317.00
71603|||968.00
71604|||1355.00
71605|||1162.00
71606|||1055.00
71607|||1055.00
71608|||1223.00
71609|||1320.00
71610|||1320.00
71611|||1529.00
71612|||1582.00
71613|||1582.00
71614|||1318.00
71615|||1528.00
71616|||1528.00
71617|||1650.00
71618|||1910.00
71619|||738.00
71620|||935.00
71621|||1933.00
71622|||2332.00
71650|||1425.00
71681|||425.00
71684|||183.00
71686|||335.00
71689|||218.00
71690|||218.00
71698|||502.00
71700|||1748.00
71703|||2992.00
71704|||2446.00
71705|||3354.00
71706|||2481.00
71707|||3043.00
71708|||1318.00
71709|||2134.00
71710|||248.00
71712|||2134.00
71713|||2484.00
71714|||3104.00
71715|||3104.00
71716|||3261.00
71717|||3337.00
71718|||3229.00
71719|||4271.00
71720|||4271.00
71721|||4852.00
71722|||4462.00
71746|||2706.00
71747|||2911.00
71748|||248.00
72620|||2471.00
72621|||291.00
72622|||2134.00
72623|||2134.00
72624|||2240.00
72625|||2240.00
72626|||2372.00
72631|||2372.00
72632|||2471.00
72633|||2471.00
72634|||2340.00
72635|||2854.00
72636|||3048.00
72637|||1024.00
72640|||2136.00
72641|||819.00
72644|||1528.00
72645|||3051.00
72646|||407.00
72647|||1551.00
72648|||2136.00
72651|||2240.00
72652|||2240.00
72653|||2136.00
72654|||916.00
72656|||933.00
72657|||1370.00
72658|||933.00
72659|||1370.00
72660|||1318.00
72662|||3496.00
72663|||1024.00
72664|||4456.00
72665|||1355.00
72666|||1833.00
72667|||485.00
72669|||420.00
72670|||563.00
72671|||1162.00
72672|||420.00
77005|||175.00
77006|||49.20
77007|||49.90
77008|||42.70
77009|||87.40
77010|||253.00
77012|||118.00
77025|||632.00
77030|||632.00
77045|||28.25
77050|||170.00
77055|||255.00
77060|||79.80
77065|||303.00
77070|||671.00
77075|||632.00
77077|||253.00
77079|||1279.00
77082|||313.00
77084|||1039.00
77086|||1304.00
77090|||1983.00
77092|||1983.00
77094|||1983.00
77096|||2112.00
77110|||265.00
77112|||277.00
77115|||1169.00
77120|||1304.00
77125|||938.00
77130|||1379.00
77135|||1636.00
77140|||1560.00
77145|||536.00
77150|||1560.00
77155|||1819.00
77160|||1819.00
77165|||2082.00
77170|||1039.00
77175|||2082.00
77177|||2041.00
77180|||261.00
77185|||2467.00
77190|||1690.00
77195|||1690.00
77200|||1817.00
77205|||1817.00
77210|||1560.00
77215|||1819.00
77220|||1737.00
77230|||1304.00
77235|||1458.00
77240|||1039.00
77245|||1425.00
77250|||1303.00
77255|||1560.00
77260|||1507.00
77265|||1507.00
77270|||1768.00
77275|||462.00
77280|||534.00
77285|||534.00
77290|||534.00
77295|||534.00
77300|||389.00
77310|||1160.00
77315|||1577.00
77330|||1226.00
77335|||1577.00
77340|||1840.00
77345|||2455.00
77350|||240.00
77360|||517.00
77370|||607.00
77380|||400.00
77385|||277.00
77390|||157.00
77395|||779.00
77400|||1039.00
77405|||733.00
77410|||83.30
77420|||779.00
77422|||961.00
77424|||961.00
77426|||961.00
77428|||261.00
77430|||521.00
77440|||1758.00
79005|||171.00
79007|||48.75
79008|||41.60
79009|||85.30
79010|||224.00
79012|||115.00
79015|||1471.00
79020|||422.00
79025|||1598.00
79030|||1471.00
79035|||827.00
79040|||851.00
79045|||827.00
79050|||1287.00
79055|||827.00
79060|||1098.00
79065|||1598.00
79070|||794.00
79075|||794.00
79080|||1598.00
79085|||1598.00
79095|||1150.00
79100|||851.00
79105|||827.00
79110|||827.00
79115|||1287.00
79120|||1287.00
79125|||602.00
79130|||940.00
79135|||1098.00
79140|||331.00
79207|||48.75
79208|||41.60
79210|||224.00
79212|||115.00
83000|||154.00
86047|||101.00
86048|||50.50
90020|||32.00
90025|||65.70
90027|||96.30
90030|||119.00
90035|||95.90
90036|||57.50
90037|||57.50
90038|||58.60
90039|||58.60
90040|||109.00
90042|||252.00
90045|||540.00
90050|||131.00
90055|||68.10
90060|||15.90
90063|||118.00
90065|||37.15
90070|||62.60
90072|||119.00
90073|||58.30
90075|||26.50
90080|||64.50
90085|||38.60
90090|||24.35
90095|||67.00
90100|||220.00
90105|||180.00
90110|||42.35
90115|||12.95
90120|||144.00
90123|||117.00
90125|||120.00
90127|||165.00
90128|||112.00
90130|||117.00
90135|||118.00
90140|||232.00
90145|||117.00
90150|||117.00
90155|||117.00
90160|||117.00
90165|||42.30
90170|||48.90
90175|||42.80
90180|||42.90
90185|||44.40
90190|||154.00
90200|||71.40
90205|||33.05
90210|||65.40
90215|||104.00
90220|||37.15
90225|||6.40
90230|||25.50
90240|||80.20
90245|||35.35
90250|||254.00
90255|||254.00
90260|||263.00
90265|||93.60
90270|||192.00
90275|||141.00
90280|||71.10
90285|||66.80
90290|||501.00
90295|||80.50
90300|||37.60
90305|||24.30
90310|||60.30
90315|||24.30
90320|||110.00
90325|||276.00
90330|||83.50
90335|||47.00
90340|||391.00
90345|||273.00
90350|||351.00
90355|||337.00
90357|||274.00
90360|||77.00
90365|||203.00
90370|||45.30
90375|||111.00
90377|||98.60
90380|||43.55
90385|||119.00
90390|||87.50
90395|||20.75
90400|||11.70
90405|||49.35
90410|||41.90
90415|||41.75
90420|||118.00
90425|||126.00
90427|||102.00
90430|||98.00
90435|||92.40
90440|||30.60
90445|||198.00
90450|||34.45
90455|||116.00
90460|||16.95
90465|||17.50
90470|||82.40
90475|||46.30
90480|||149.00
90485|||107.00
90490|||33.45
90495|||26.75
90500|||107.00
90505|||175.00
90510|||18.75
90515|||5.15
90520|||50.00
90525|||65.60
90530|||63.00
90535|||27.25
90540|||111.00
90545|||38.50
90550|||88.70
90555|||232.00
90560|||222.00
90565|||187.00
90570|||13.30
90600|||62.00
90605|||30.25
90610|||82.90
90615|||35.15
90620|||24.50
90625|||84.60
90630|||38.05
90640|||13.55
90645|||38.05
90650|||92.70
90651|||58.00
90652|||57.20
90655|||134.00
90660|||55.00
90665|||33.95
90670|||17.15
90675|||38.05
90685|||47.30
90690|||47.30
90700|||47.30
90710|||55.30
90715|||38.05
90720|||39.80
90725|||38.05
90730|||27.30
90736|||40.10
90737|||40.10
90738|||40.10
90739|||40.10
90740|||14.95
90741|||40.10
90745|||52.40
90750|||29.45
90755|||29.90
90760|||31.70
90765|||27.05
90770|||55.00
90775|||31.70
90780|||12.90
90785|||11.35
90790|||29.10
90795|||10.60
90800|||51.90
90805|||39.50
90810|||48.75
90815|||56.70
90820|||83.90
90825|||70.20
90830|||115.00
91000|||29.55
91005|||18.65
91010|||18.55
91020|||234.00
91021|||440.00
91023|||251.00
91025|||52.80
91027|||137.00
91030|||35.70
91031|||35.70
91035|||83.40
91036|||98.40
91037|||111.00
91040|||2.70
91042|||2.70
91050|||56.60
91055|||36.70
91060|||393.00
91061|||393.00
91065|||2.70
91070|||2.70
91075|||42.60
91080|||52.50
91090|||32.50
91095|||65.00
91096|||137.00
91097|||137.00
91100|||114.00
91105|||178.00
91110|||123.00
91115|||33.55
91120|||104.00
91125|||35.70
91126|||35.70
91127|||35.70
91128|||39.05
91130|||52.80
91135|||62.10
91140|||42.60
91142|||244.00
91145|||61.00
91146|||61.00
91150|||241.00
91155|||52.80
91160|||52.80
91162|||49.50
91165|||52.80
91170|||52.80
91175|||86.00
91180|||147.00
91185|||114.00
91190|||131.00
91191|||131.00
91195|||131.00
91196|||131.00
91200|||131.00
91201|||131.00
91205|||68.60
91206|||21.60
91210|||2.70
91215|||131.00
91216|||131.00
91220|||131.00
91221|||131.00
91225|||30.00
91226|||73.70
91227|||24.55
91228|||24.60
91230|||52.80
91231|||137.00
91232|||137.00
91235|||2.70
91236|||2.70
91240|||6.10
91245|||2.70
91246|||2.70
91250|||2.70
91255|||6.10
91260|||45.80
91265|||42.10
91270|||27.15
91280|||52.80
91285|||52.80
91290|||52.80
91295|||144.00
91300|||52.80
91305|||52.80
91310|||52.80
91315|||52.80
91320|||145.00
91325|||29.20
91326|||2.70
91327|||47.25
91328|||2.70
91330|||65.60
91335|||48.75
91340|||40.75
91345|||23.40
91350|||126.00
91351|||106.00
91352|||101.00
91355|||66.70
91356|||30.25
91360|||41.45
91365|||18.70
91366|||2.70
91367|||23.40
91368|||2.70
91369|||2.70
91370|||176.00
91375|||24.35
91380|||67.40
91386|||92.60
91387|||79.60
91388|||82.70
91389|||65.20
91390|||50.60
91395|||92.80
91400|||114.00
91401|||114.00
91402|||114.00
91405|||58.70
91410|||28.85
91415|||2.70
91420|||2.70
91421|||2.70
91422|||41.35
91425|||40.05
91430|||1510.00
91434|||116.00
91435|||116.00
91440|||24.50
91445|||52.80
91450|||52.80
91455|||61.60
91460|||68.60
91465|||58.10
91470|||127.00
91475|||101.00
91480|||120.00
91482|||63.90
91484|||120.00
91486|||120.00
91488|||63.90
91490|||120.00
91492|||120.00
91494|||63.90
91496|||125.00
91498|||125.00
91500|||120.00
91502|||63.90
91504|||63.90
91506|||63.90
91508|||120.00
91510|||120.00
91512|||120.00
91514|||120.00
91516|||120.00
91518|||120.00
91520|||120.00
91522|||120.00
91523|||63.90
91524|||63.90
91526|||120.00
91528|||120.00
91529|||63.90
91530|||116.00
91532|||120.00
91534|||120.00
91536|||120.00
91538|||117.00
91540|||120.00
91542|||120.00
91544|||120.00
91546|||120.00
91548|||120.00
91550|||63.90
91551|||63.90
91552|||120.00
91554|||120.00
91556|||120.00
91558|||117.00
91559|||63.90
91560|||120.00
91561|||63.90
91562|||120.00
91564|||63.90
91565|||63.90
91566|||120.00
91568|||120.00
91570|||120.00
91572|||59.80
91573|||63.90
91574|||63.90
91575|||63.90
91576|||63.90
91599|||131.00
91600|||59.90
91601|||58.30
91602|||80.20
91603|||93.30
91605|||184.00
91610|||95.40
91615|||131.00
91620|||48.05
91625|||52.10
91630|||10.15
91636|||216.00
91640|||58.30
91645|||66.10
91650|||41.75
91655|||53.50
91660|||65.20
91665|||131.00
91666|||131.00
91670|||44.60
91675|||8.90
91680|||44.80
91681|||2.50
91682|||228.00
91685|||148.00
91690|||41.60
91705|||16.90
91706|||16.90
91707|||2.70
91708|||16.90
91709|||2.70
91710|||18.45
91715|||76.00
91716|||100.00
91717|||95.90
91719|||40.90
91720|||37.10
91725|||2.70
91730|||107.00
91735|||114.00
91740|||51.20
91745|||37.80
91750|||5.65
91755|||26.90
91760|||111.00
91762|||251.00
91765|||45.40
91770|||131.00
91775|||131.00
91777|||251.00
91780|||27.60
91785|||5.65
91790|||101.00
91795|||21.60
91796|||101.00
91800|||72.90
91801|||52.50
91802|||52.50
91803|||52.50
91805|||144.00
91810|||52.80
91811|||52.80
91812|||52.80
91813|||52.80
91814|||52.80
91815|||104.00
91820|||227.00
91821|||227.00
91822|||227.00
91825|||52.80
91830|||52.80
91831|||32.55
91835|||52.80
91840|||52.50
91845|||52.50
91850|||19.25
91855|||72.40
91856|||50.30
91857|||16.15
91860|||49.75
91865|||58.30
91870|||58.30
91880|||93.90
91881|||28.55
91882|||6.20
91885|||102.00
91890|||102.00
91895|||46.65
91896|||46.65
91900|||2.70
91901|||2.70
91902|||2.70
91905|||10.65
91910|||106.00
91911|||99.30
91912|||15.60
91915|||520.00
91920|||118.00
91930|||36.70
91935|||67.90
91936|||65.80
91940|||131.00
91941|||65.80
91945|||49.75
91946|||25.80
91950|||65.20
91955|||62.90
91956|||62.90
91957|||62.90
91958|||62.90
91959|||62.90
91960|||6.10
91965|||114.00
91970|||37.05
91975|||101.00
91985|||52.80
91990|||11.65
91992|||242.00
91995|||155.00
91997|||251.00
92000|||51.60
92001|||51.60
92010|||230.00
92015|||59.40
92016|||59.40
92020|||81.40
92025|||49.55
92026|||25.30
92030|||74.40
92031|||65.20
92035|||171.00
92040|||65.20
92045|||94.50
92050|||18.75
92055|||10.55
92056|||53.50
92060|||48.75
92065|||6.10
92070|||2.70
92071|||2.70
92072|||38.15
92075|||35.50
92080|||68.90
92085|||21.10
92090|||17.20
92091|||122.00
92092|||328.00
92095|||54.90
92100|||2.70
92101|||23.40
92102|||2.70
92103|||2.70
92105|||52.80
92110|||21.10
92115|||116.00
92120|||127.00
92125|||48.75
92130|||95.40
92131|||95.90
92135|||65.20
92145|||11.40
92146|||22.85
92147|||2.70
92148|||2.70
92149|||2.70
92150|||75.20
92152|||52.70
92155|||46.80
92156|||251.00
92157|||251.00
92160|||65.20
92165|||65.20
92170|||91.20
92180|||71.40
92185|||145.00
92190|||243.00
92195|||733.00
92200|||13.50
92201|||7.35
92202|||7.60
92203|||33.05
92204|||25.30
92205|||52.80
92210|||1204.00
92215|||114.00
92220|||16.75
92225|||53.70
92227|||98.40
92230|||2.70
92231|||2.70
92232|||23.40
92233|||2.70
92235|||78.70
92236|||50.00
92240|||366.00
92250|||131.00
92251|||131.00
92255|||9.65
92260|||26.55
92263|||61.60
92265|||110.00
92266|||110.00
92270|||114.00
92275|||52.50
92280|||72.50
92285|||52.80
92290|||52.80
92305|||51.90
92310|||56.10
92311|||56.10
92315|||38.60
92320|||126.00
92325|||39.90
92330|||37.15
92332|||38.35
92335|||114.00
92340|||52.80
92345|||52.20
92346|||242.00
92350|||23.95
92351|||23.95
92353|||179.00
92355|||65.20
92360|||5.90
92361|||10.25
92362|||10.25
92365|||2.70
92366|||2.70
92367|||13.20
92368|||2.70
92369|||2.70
92370|||2.70
92375|||2.70
92376|||2.70
92377|||2.70
92378|||18.60
92382|||11.40
92390|||10.15
92395|||11.65
92396|||17.30
92400|||6.10
92405|||10.65
92406|||32.95
92420|||101.00
92425|||238.00
92430|||117.00
92435|||137.00
92440|||137.00
92445|||137.00
92450|||55.20
92455|||216.00
92460|||216.00
92465|||129.00
92467|||114.00
92470|||274.00
92475|||114.00
92500|||17.85
92501|||8.85
92502|||8.85
92503|||6.65
92504|||6.65
92505|||6.65
92506|||6.65
92507|||6.65
92508|||6.65
92509|||6.65
92510|||6.65
92511|||6.65
92512|||6.65
92513|||6.65
92515|||119.00
92520|||177.00
92521|||177.00
92522|||177.00
92523|||177.00
92524|||177.00
92525|||177.00
92526|||177.00
92527|||177.00
92528|||177.00
92529|||177.00
92530|||177.00
92532|||177.00
92533|||177.00
92534|||177.00
92535|||177.00
92536|||177.00
92537|||177.00
92538|||177.00
92539|||177.00
92540|||177.00
92541|||177.00
92542|||177.00
92543|||177.00
92544|||177.00
92545|||177.00
92546|||357.00
92550|||13.40
93010|||86.40
93015|||676.00
93020|||1155.00
93025|||1610.00
93030|||928.00
93035|||913.00
93040|||868.00
93045|||2130.00
93050|||1043.00
93055|||68.60
93060|||66.40
93065|||461.00
93070|||407.00
93075|||258.00
93080|||277.00
93085|||167.00
93090|||113.00
93095|||148.00
93100|||720.00
93105|||83.90
93110|||122.00
93115|||499.00
93120|||30.45
93160|||88.00
93170|||29.90
94005|||186.00
94006|||46.55
94007|||46.55
94008|||46.55
94009|||93.10
94010|||211.00
94012|||117.00
94500|||144.00
94502|||45.80
94504|||115.00
94505|||233.00
94506|||891.00
94508|||269.00
94510|||11.60
94512|||34.60
94514|||44.30
94516|||82.20
94518|||115.00
94520|||233.00
94522|||112.00
94524|||224.00
94540|||34.90
94541|||83.70
94542|||140.00
94543|||69.80
94544|||133.00
94545|||34.90
94546|||41.85
94547|||41.85
94548|||34.90
94549|||140.00
94550|||28.20
94551|||40.10
94552|||83.70
94553|||83.70
94554|||140.00
94555|||140.00
94556|||34.90
94557|||34.90
94558|||133.00
94559|||29.20
94560|||69.80
94561|||34.90
94562|||41.85
94563|||140.00
94570|||40.45
94572|||40.45
94574|||54.60
94576|||54.60
94578|||123.00
94580|||95.00
94582|||188.00
94584|||210.00
94586|||55.80
94588|||116.00
94600|||23.25
94601|||23.25
95000|||155.00
95005|||155.00
95015|||412.00
95020|||412.00
95025|||679.00
95030|||385.00
95040|||658.00
95045|||497.00
95053|||619.00
95055|||582.00
95060|||527.00
95062|||457.00
95063|||457.00
95065|||649.00
96201|||58.99
96301|||177.10
96302|||81.31
96400|||25.00
96501|||130.00
96502|||75.00
96503|||50.00
96504|||25.00
96505|||25.00
