--
--  demo.sql inserts fake data into an oscar database
--  Copyright Peter Hutten-Czapski 2012 released under the GPL v2
--

INSERT INTO `demographic` (`title`, `last_name`, `first_name`, `address`, `city`, `province`, `postal`, `phone`, `phone2`, `email`, `year_of_birth`, `month_of_birth`, `date_of_birth`, `hin`, `ver`, `roster_status`, `roster_date`, `patient_status`, `date_joined`, `chart_no`, `official_lang`, `sex`, `end_date`, `eff_date`, `pcn_indicator`, `hc_type`, `hc_renew_date`, `family_doctor`, `newsletter`, `anonymous`, `lastUpdateUser`, `lastUpdateDate`) VALUES
('Ms', 'PATIENT', 'TEST', '410 Esplanade', 'Ladysmith', 'BC', 'V9G1A2', '250-245-6400', '250-245-6400', 'mary@pickford.com',  '1967', '07', '01', '2222222222', 'AZ', 'RO', NULL, 'AC', '1999-12-31', '1', 'English', 'F', '2051-01-05', '1999-01-05', NULL, 'ON', '2051-01-05', '<rdohip>023456</rdohip><rd>ReferringLast1new,ReferringFirst1</rd>', '-1', NULL, '999998', '2015-07-19');

SET @demo_id = LAST_INSERT_ID();
INSERT INTO `demographic` (`title`, `last_name`, `first_name`, `address`, `city`, `province`, `postal`, `phone`, `phone2`, `email`, `year_of_birth`, `month_of_birth`, `date_of_birth`, `hin`, `ver`, `roster_status`, `roster_date`, `patient_status`, `date_joined`, `chart_no`, `official_lang`, `sex`, `end_date`, `eff_date`, `pcn_indicator`, `hc_type`, `hc_renew_date`, `family_doctor`, `newsletter`, `anonymous`, `lastUpdateUser`, `lastUpdateDate`) VALUES
('RT_HON', 'MACDONALD', 'JOHN ALEXANDER', '76 Stuart', 'Kingston', 'ON', 'K7L 1A0', '613-549-4321', '613-549-1234', 'jamacdonald@liberal.ca', '1815', '01', '11', '9876543217', 'AA', 'RO', NULL, 'AC', '2015-10-28', '22', 'English', 'M', '2051-01-05', '1999-01-05', NULL, 'ON', '2051-01-05', '<rdohip></rdohip><rd></rd>', '-1', NULL, '999998', '2015-07-19');
SET @demo_id2 = LAST_INSERT_ID();

INSERT INTO `admission` (`client_id`, `program_id`, `provider_no`, `admission_date`, `admission_from_transfer`, `admission_notes`, `temp_admission`, `discharge_date`, `discharge_from_transfer`, `discharge_notes`, `temp_admit_discharge`, `admission_status`, `team_id`, `temporary_admission_flag`, `radioDischargeReason`, `clientstatus_id`, `automatic_discharge`) VALUES
(@demo_id, 10016, '999998', '2012-07-12 12:12:12', 0, NULL, NULL, NULL, 0, NULL, NULL, 'current', NULL, 0, NULL, NULL, 0),
(@demo_id2, 10016, '999998', '2012-07-12 12:12:12', 0, NULL, NULL, NULL, 0, NULL, NULL, 'current', NULL, 0, NULL, NULL, 0);
INSERT INTO `dxresearch` ( `demographic_no`, `start_date`, `update_date`, `status`, `dxresearch_code`, `coding_system`, `association`) VALUES
(@demo_id, '2012-07-04', '2012-07-04', 'A', '250', 'icd9', 0);
INSERT INTO `hl7TextInfo` (`id`, `lab_no`, `sex`, `health_no`, `result_status`, `final_result_count`, `obr_date`, `priority`, `requesting_client`, `discipline`, `last_name`, `first_name`, `report_status`, `accessionNum`) VALUES
(2, 2, 'F', '2222222222', NULL, 13, '2015-02-05 00:00:00', NULL, 'DR. OSCARDOC', 'HEMATOLOGY', 'PATIENT', 'TEST', 'F', '1402:H00115S'),
(3, 3, 'M', '1008614305', 'A', 38, '2014-10-02 00:00:00', NULL, 'DR. NORMAN BETHUNE', 'CHEMISTRY/RIA/HEMATOLOGY/HEMATOLOGY/CHEMISTRY', 'CAREY', 'JIM', 'F', 'ZL84625'),
(4, 4, 'M', '1005615461', 'A', 20, '2014-10-02 00:00:00', NULL, 'DR. NORMAN BETHUNE', 'CHEMISTRY/RIA/HEMATOLOGY', 'MCLUHAN', 'MARSHALL', 'F', 'ZL84676'),
(5, 5, 'F', '1006938243', 'A', 9, '2014-10-05 00:00:00', NULL, 'DR. NORMAN BETHUNE', 'CHEMISTRY', 'BONDAR', 'ROBERTA', 'F', 'ZL84708'),
(6, 6, 'M', '6934959815', 'A', 1, '2014-10-05 00:00:00', NULL, 'DR. NORMAN BETHUNE', 'HEMATOLOGY', 'SMITH', 'ROBERT', 'F', 'ZL84759'),
(7, 7, 'M', '6013740631', 'A', 1, '2014-10-05 00:00:00', NULL, 'DR. NORMAN BETHUNE', 'HEMATOLOGY', 'ERB', 'ROBERT', 'F', 'ZL84763'),
(8, 8, 'M', '2342123052', 'A', 1, '2014-10-05 00:00:00', NULL, 'DR. NORMAN BETHUNE', 'HEMATOLOGY', 'PERREAULT', 'JEAN BAPTISTE', 'F', 'ZL84771'),
(9, 9, 'F', '1006938243', NULL, 1, '2014-10-05 00:00:00', NULL, 'DR. NORMAN BETHUNE', 'HEMATOLOGY', 'BONDAR', 'ROBERTA', 'F', 'ZL84773');
INSERT INTO `hl7TextMessage` (`lab_id`, `fileUploadCheck_id`, `message`, `type`, `serviceName`, `created`) VALUES
(2, 2, 'TVNIfF5+XCZ8TEFCfENNTHxEQVRBfHwyMDE1MDIxNDE0MDExM3x8T1JVXlIwMXwxRkE0LTU0REY5Qjc5MkY3fFR8Mi4zDQpQSUR8MXx8fDIyMjIyMjIyMjJeSENeT058UEFUSUVOVF5URVNUfHwxOTY3MDcwMXxGfHx8fHwyNTAyNDU2NDAwDQpPUkN8MXwxNDAyOkgwMDExNVN8fHxBfHx8fHx8fDExMTExMV4sIHx8fDIwMTUwMjE0MTMzNQ0KT0JSfDF8MTQwMjpIMDAxMTVTfDE0MDI6SDAwMTE1U15URU18Q0JDRF5eTEJ8fDIwMTUwMjE0MTMyMHwyMDE1MDIxNDEzMzV8fHx8fHx8MjAxNTAyMTQxMzUzfHwyOTA2OTJeRFIuIE5PUk1BTiBCRVRIVU5FfHx8fFRFTXx8MjAxNTAyMTQxNDAwfHxIRU1eSGVtYXRvbG9neXxBfHx8MjkwNjkyXkRSLiBOT1JNQU4gQkVUSFVORXx8fHxeXg0KT0JYfDF8U1R8LVdCQ15XaGl0ZSBCbG9vZCBDb3VudF5MQnxIRU1BVE9MT0dZfDEyLjB8eDEwIDkvTHw0LjAtMTAuMHxIfHx8Rnx8fDIwMTUwMjE0MTQwMA0KT0JYfDJ8U1R8LVJCQ15SZWQgQmxvb2QgQ291bnReTEJ8SEVNQVRPTE9HWXwzLjkyfHgxMCAxMi9MfDMuODAtNS44MHx8fHxGfHx8MjAxNTAyMTQxMzU5DQpPQlh8M3xTVHwtSEdCXkhlbW9nbG9iaW5eTEJ8SEVNQVRPTE9HWXwxMjh8Zy9MfDExMC0xNjB8fHx8Rnx8fDIwMTUwMjE0MTM1OQ0KT0JYfDR8U1R8SENUXkhlbWF0b2NyaXReTEJ8SEVNQVRPTE9HWXwwLjQwNXxML0x8MC4zNzAtMC40NzB8fHx8Rnx8fDIwMTUwMjE0MTM1OQ0KT0JYfDV8U1R8TUNWXk1lYW4gQ29ycHVzY3VsYXIgVm9sdW1lXkxCfEhFTUFUT0xPR1l8MTAzLjN8Zkx8NzguMC0xMDAuMHxIfHx8Rnx8fDIwMTUwMjE0MTM1OQ0KT0JYfDZ8U1R8TUNIXk1lYW4gQ29ycHVzY3VsYXIgSGVtb2dsb2Jpbl5MQnxIRU1BVE9MT0dZfDMyLjd8cGd8MjYuMC0zNC4wfHx8fEZ8fHwyMDE1MDIxNDEzNTkNCk9CWHw3fFNUfE1DSENeTWVhbiBDb3JwdXNjdWxhciBIZ2IgQ29uY15MQnxIRU1BVE9MT0dZfDMxNnxnL0x8MzIwLTM2MHxMfHx8Rnx8fDIwMTUwMjE0MTM1OQ0KT0JYfDh8U1R8UkRXXlJlZCBDZWxsIERpc3RyaWJ1dGlvbiBXaWR0aF5MQnxIRU1BVE9MT0dZfDE0LjF8JXwxMS41LTE0LjV8fHx8Rnx8fDIwMTUwMjE0MTM1OQ0KT0JYfDl8U1R8LVBMQVReUGxhdGVsZXQgQ291bnReTEJ8SEVNQVRPTE9HWXwzNTJ8eDEwIDkvTHwxNTAtNDUwfHx8fEZ8fHwyMDE1MDIxNDEzNTkNCk9CWHwxMHxTVHxNUFZeTWVhbiBQbGF0ZWxldCBWb2x1bWVeTEJ8SEVNQVRPTE9HWXw5Ljh8Zmx8Ny40LTExLjV8fHx8Rnx8fDIwMTUwMjE0MTM1OQ0KT0JYfDExfFNUfC1ORVVULUFeTmV1dHJvcGhpbHMgQWJzb2x1dGUgI15MQnxIRU1BVE9MT0dZfDIwLjAzfHgxMCA5L0x8MS41LTcuNXxIfHx8Rnx8fDIwMTUwMjE0MTM1OQ0KT0JYfDEyfFNUfExZI15MeW1waCBBYnNvbHV0ZSAjXkxCfEhFTUFUT0xPR1l8MC45fHgxMCA5L0x8MS4wLTQuNXxMfHx8Rnx8fDIwMTUwMjE0MTM1OQ0KT0JYfDEzfFNUfE1PI15Nb25vY3l0ZXMgQWJzb2x1dGUgI15MQnxIRU1BVE9MT0dZfDEuMXx4MTAgOS9MfDAuMC0xLjB8SHx8fEZ8fHwyMDE1MDIxNDEzNTkNCg==', 'CML', 'InsideLabUploadAction', '2015-02-05 23:12:51'),
(3, 2, 'TVNIfF5+XCZ8UmVwb3J0c3xDTUx8fHwyMDA5MTAwNjA2NTEtNTAwfHxPUlVeUjAxfHwxfDIuMw0KUElEfDJ8fHwxMDA4NjE0MzA1Xk1KXk9OfENBUkVZXkpJTXx8MTk2MjAxMTd8TXx8fHx8NzA1Njg4MDU2MQ0KT1JDfE5XfFpMODQ2MjV8fHxGfHx8fHx8fDI5MDY5Ml5EUi4gTk9STUFOIEJFVEhVTkV8fHwyMDA5MTAwMg0KT0JSfDF8Wkw4NDYyNXx8MTExRlNeR0xVQ09TRSBGQVNUSU5HLVNFUnx8MjAwOTEwMDJ8MjAwOTEwMDJ8fHx8fHx8fHwyOTA2OTJeRFIuIE5PUk1BTiBCRVRIVU5FfHx8fHx8fHx8Rg0KT0JYfDF8U1R8MzAwN15HTFVDT1NFIEZBU1RJTkctU0VSfENIRU1JU1RSWV5efDYuOXxNTU9ML0x8My4zLTYuMHxBfHx8Rnx8MzAzXjEwMDMwMDd8fDcwDQpPQlJ8MnxaTDg0NjI1fHwwOTNeSEVNT0dMT0JJTiBBMUN8fDIwMDkxMDAyfDIwMDkxMDAyfHx8fHx8fHx8MjkwNjkyXkRSLiBOT1JNQU4gQkVUSFVORXx8fHx8fHx8fEYNCk9CWHwxfFNUfDM3NjdeSEVNT0dMT0JJTiBBMUN8Q0hFTUlTVFJZXl58MC4wNTF8fDAuMDQwLTAuMDYwfHx8fEZ8fDMwM14xMDAzNzY3fHw3MA0KT0JSfDN8Wkw4NDYyNXx8MzQxXlNFTlNJVElWRSBUU0h8fDIwMDkxMDAyfDIwMDkxMDAyfHx8fHx8fHx8MjkwNjkyXkRSLiBOT1JNQU4gQkVUSFVORXx8fHx8fHx8fEYNCk9CWHwxfFNUfDQwMjVeVFNIfFJJQV5efDUuMzR8TVUvTHwwLjMwLTQuNzB8QXx8fEZ8fDQwMV4xMDA0MDI1fHw3MA0KT0JSfDR8Wkw4NDYyNXx8MDY3XkNSRUFUSU5JTkV8fDIwMDkxMDAyfDIwMDkxMDAyfHx8fHx8fHx8MjkwNjkyXkRSLiBOT1JNQU4gQkVUSFVORXx8fHx8fHx8fEYNCk9CWHwxfFNUfDMxODBeQ1JFQVRJTklORXxDSEVNSVNUUlleXnw5M3xVTU9ML0x8NjAtMTI3fHx8fEZ8fDMwM14xMDAzMTgwfHw3MA0KT0JYfDJ8U1R8MzE5MF5lR0ZSfENIRU1JU1RSWV5efDcxfHx8fHx8Rnx8MzAzXjEwMDMxOTB8fDcwDQpOVEV8MXxMfCAgICAgKioqKiAgICAgICAgICAqKioqICAgICAgICAgICoqKioNCk5URXwyfEx8Rm9yIHBhdGllbnRzIG9mIEFmcmljYW4gZGVzY2VudCwgdGhlIHJlcG9ydGVkDQpOVEV8M3xMfGVHRlIgbXVzdCBiZSBtdWx0aXBsaWVkIGJ5IGEgY29ycmVjdGlvbg0KTlRFfDR8THxmYWN0b3Igb2YgMS4yMS4NCk5URXw1fEx8ICAgICAqKioqICAgICAgICAgICoqKiogICAgICAgICAgKioqKg0KT0JSfDV8Wkw4NDYyNXx8MjI2XlNPRElVTXx8MjAwOTEwMDJ8MjAwOTEwMDJ8fHx8fHx8fHwyOTA2OTJeRFIuIE5PUk1BTiBCRVRIVU5FfHx8fHx8fHx8Rg0KT0JYfDF8U1R8MzIxMF5TT0RJVU18Q0hFTUlTVFJZXl58MTM2fE1NT0wvTHwxMzUtMTQ2fHx8fEZ8fDMwM14xMDAzMjEwfHw3MA0KT0JSfDZ8Wkw4NDYyNXx8MjA0XlBPVEFTU0lVTXx8MjAwOTEwMDJ8MjAwOTEwMDJ8fHx8fHx8fHwyOTA2OTJeRFIuIE5PUk1BTiBCRVRIVU5FfHx8fHx8fHx8Rg0KT0JYfDF8U1R8MzIyMF5QT1RBU1NJVU18Q0hFTUlTVFJZXl58My45fE1NT0wvTHwzLjUtNS4yfHx8fEZ8fDMwM14xMDAzMjIwfHw3MA0KT0JSfDd8Wkw4NDYyNXx8MjIzXlNHUFQgKEFMVCl8fDIwMDkxMDAyfDIwMDkxMDAyfHx8fHx8fHx8MjkwNjkyXkRSLiBOT1JNQU4gQkVUSFVORXx8fHx8fHx8fEYNCk9CWHwxfFNUfDMzODBeQUxUfENIRU1JU1RSWV5efDYwfFUvTHw0LTQzfEF8fHxGfHwzMDNeMTAwMzM4MHx8NzANCk9CUnw4fFpMODQ2MjV8fDE5MV5QSE9TUEhBVEFTRSBBTEtBTElORXx8MjAwOTEwMDJ8MjAwOTEwMDJ8fHx8fHx8fHwyOTA2OTJeRFIuIE5PUk1BTiBCRVRIVU5FfHx8fHx8fHx8Rg0KT0JYfDF8U1R8MzM2MF5BTEsgUEhPU3xDSEVNSVNUUlleXnwyMTd8VS9MfDMwLTExMHxBfHx8Rnx8MzAzXjEwMDMzNjB8fDcwDQpPQlJ8OXxaTDg0NjI1fHwwMzBeQklMUlVCSU4gVE9UQUx8fDIwMDkxMDAyfDIwMDkxMDAyfHx8fHx8fHx8MjkwNjkyXkRSLiBOT1JNQU4gQkVUSFVORXx8fHx8fHx8fEYNCk9CWHwxfFNUfDMzNDBeVE9UQUwgQklMSVJVQklOfENIRU1JU1RSWV5efDYyLjB8VU1PTC9MfDAuMC0yMy4wfEF8fHxGfHwzMDNeMTAwMzM0MHx8NzANCk5URXwxfEx8U1BFQ0lNRU4gSVMgSUNURVJJQw0KT0JSfDEwfFpMODQ2MjV8fDAwNV5BTEJVTUlOIFFVQU5UfHwyMDA5MTAwMnwyMDA5MTAwMnx8fHx8fHx8fDI5MDY5Ml5EUi4gTk9STUFOIEJFVEhVTkV8fHx8fHx8fHxGDQpPQlh8MXxTVHwzMjcwXkFMQlVNSU58Q0hFTUlTVFJZXl58MTguNHxHL0x8MzMuMC00Ni4wfEF8fHxGfHwzMDNeMTAwMzI3MHx8NzANCk9CUnwxMXxaTDg0NjI1fHwxMTdeSERML0xETHx8MjAwOTEwMDJ8MjAwOTEwMDJ8fHx8fHx8fHwyOTA2OTJeRFIuIE5PUk1BTiBCRVRIVU5FfHx8fHx8fHx8Rg0KT0JYfDF8U1R8MzEyMF5DSE9MRVNURVJPTHxDSEVNSVNUUlleXnwzLjAzfE1NT0wvTHxUQVJHRVQgPDUuMjB8fHx8Rnx8MzY1XjEwMDMxMjB8fDcwDQpPQlh8MnxTVHwzMTQwXlRSSUdMWUNFUklERVN8Q0hFTUlTVFJZXl58MS4xN3xNTU9ML0x8VEFSR0VUIDwxLjcxfHx8fEZ8fDM2NV4xMDAzMTQwfHw3MA0KT0JYfDN8U1R8MzkyM15IREwgQ0hPTEVTVEVST0x8Q0hFTUlTVFJZXl58MC45MXxNTU9ML0x8VEFSR0VUID4xLjI5fEF8fHxGfHwzNjVeMTAwMzkyM3x8NzANCk9CWHw0fFNUfDM5MzNeTERMIENIT0xFU1RFUk9MfENIRU1JU1RSWV5efDEuNTl8TU1PTC9MfFNlZSBUYXJnZXRzfHx8fEZ8fDM2NV4xMDAzOTMzfHw3MA0KT0JYfDV8U1R8MzkzOV5DSE9ML0hETCBSQVRJT3xDSEVNSVNUUlleXnwzLjMzfHxTZWUgVGFyZ2V0c3x8fHxGfHwzNjVeMTAwMzkzOXx8NzANCk5URXwxfEx8Ki0tLS0tLS0tLS0qLS0tLS0tLS0tLSotLS0tLS0tLS0tKi0tLS0tLS0tLS0qDQpOVEV8MnxMfENsaW5pY2FsIFJpc2sgU3RhdHVzOiAgVGFyZ2V0IExpcGlkIExldmVscw0KTlRFfDN8THwqLS0tLS0tLS0tLSotLS0tLS0tLS0tKi0tLS0tLS0tLS0qLS0tLS0tLS0tLSoNCk5URXw0fEx8IElmIFJpc2sgIDogTERMLUMgLS1UYXJnZXRzLS0gQ0hPTC9IREwgUmF0aW8NCk5URXw1fEx8IExvdyAgICAgIDogIDw1LjEgICAgIGFuZCAgICAgICA8Ni4wDQpOVEV8NnxMfCBNb2RlcmF0ZSA6ICA8My41ICAgICBhbmQgICAgICAgPDUuMA0KTlRFfDd8THwgSGlnaCAgICAgOiAgPDIuMCAgICAgYW5kICAgICAgIDw0LjANCk5URXw4fEx8Li4uYXMgcGVyIDIwMDYgQ2FuYWRpYW4gR3VpZGVsaW5lcw0KT0JSfDEyfFpMODQ2MjV8fDM5M15DT01QTEVURSBCTE9PRCBDT1VOVHx8MjAwOTEwMDJ8MjAwOTEwMDJ8fHx8fHx8fHwyOTA2OTJeRFIuIE5PUk1BTiBCRVRIVU5FfHx8fHx8fHx8Rg0KT0JYfDF8U1R8MjAxMF5IRU1PR0xPQklOfEhFTUFUT0xPR1leXnwxMzh8Ry9MfDEzNS0xODB8fHx8Rnx8MjAxXjEwMDIwMTB8fDcwDQpPQlh8MnxTVHwyMDEzXkhFTUFUT0NSSVR8SEVNQVRPTE9HWV5efDAuMzk1fEwvTHwwLjM3LTAuNTR8fHx8Rnx8MjAxXjEwMDIwMTN8fDcwDQpPQlh8M3xTVHwyMDE2XldCQyBDT1VOVHxIRU1BVE9MT0dZXl58NS42fFgxMCA5L0x8NC4wLTExLjB8fHx8Rnx8MjAxXjEwMDIwMTZ8fDcwDQpPQlh8NHxTVHwyMDE5XlJCQyBDT1VOVHxIRU1BVE9MT0dZXl58My42NXxYMTAgMTIvTHw0LjUwLTYuNTB8QXx8fEZ8fDIwMV4xMDAyMDE5fHw3MA0KT0JYfDV8U1R8MjAyMl5NQ1Z8SEVNQVRPTE9HWV5efDEwOC4yfEZMfDgwLTk3fEF8fHxGfHwyMDFeMTAwMjAyMnx8NzANCk9CWHw2fFNUfDIwMjVeTUNIfEhFTUFUT0xPR1leXnwzNy44fFBHfDI3LjAtMzIuMHxBfHx8Rnx8MjAxXjEwMDIwMjV8fDcwDQpPQlh8N3xTVHwyMDI4Xk1DSEN8SEVNQVRPTE9HWV5efDM0OXxHL0x8MzIwLTM2MHx8fHxGfHwyMDFeMTAwMjAyOHx8NzANCk9CWHw4fFNUfDIwMjleUkRXfEhFTUFUT0xPR1leXnwxOS4yfCV8MTEuMC0xNC41fEF8fHxGfHwyMDFeMTAwMjAyOXx8NzANCk9CWHw5fFNUfDIwMzBeUExBVEVMRVQgQ09VTlR8SEVNQVRPTE9HWV5efDQ1fFgxMCA5L0x8MTUwLTQwMHxBfHx8Rnx8MjAxXjEwMDIwMzB8fDcwDQpPQlh8MTB8U1R8MjE5MV5BQlNPTFVURTogIE5FVVRST1N8SEVNQVRPTE9HWV5efDIuNnxYMTAgOS9MfDIuMC03LjV8fHx8Rnx8MjAxXjEwMDIxOTF8fDcwDQpPQlh8MTF8U1R8MjE5M14gICAgIChBKSAgIExZTVBIfEhFTUFUT0xPR1leXnwxLjd8WDEwIDkvTHwxLjEtMy4zfHx8fEZ8fDIwMV4xMDAyMTkzfHw3MA0KT0JYfDEyfFNUfDIxOTZeICAgICAoQSkgICBNT05PfEhFTUFUT0xPR1leXnwwLjd8WDEwIDkvTHwwLjAtMC44fHx8fEZ8fDIwMV4xMDAyMTk2fHw3MA0KT0JYfDEzfFNUfDIxOTdeICAgICAoQSkgICBFT1N8SEVNQVRPTE9HWV5efDAuNHxYMTAgOS9MfDAuMC0wLjV8fHx8Rnx8MjAxXjEwMDIxOTd8fDcwDQpPQlh8MTR8U1R8MjE5OF4gICAgIChBKSAgIEJBU098SEVNQVRPTE9HWV5efDAuMXxYMTAgOS9MfDAuMC0wLjJ8fHx8Rnx8MjAxXjEwMDIxOTh8fDcwDQpPQlh8MTV8U1R8MjA4OV5NQUNST0NZVE9TSVN8SEVNQVRPTE9HWV5efDErfHx8QXx8fEZ8fDIwM14xMDAyMDg5fHw3MA0KT0JYfDE2fFNUfDIxMDFeVEFSR0VUIENFTExTfEhFTUFUT0xPR1leXnwxK3x8fEF8fHxGfHwyMDNeMTAwMjEwMXx8NzANCk9CWHwxN3xTVHwyMTExXlBMQVRFTEVUU3xIRU1BVE9MT0dZXl58TUtEIFJFRFVDRUR8fHxBfHx8Rnx8MjAzXjEwMDIxMTF8fDcwDQpPQlJ8MTN8Wkw4NDYyNXx8NDQ1XklOUiAoUFQpfHwyMDA5MTAwMnwyMDA5MTAwMnx8fHx8fHx8fDI5MDY5Ml5EUi4gTk9STUFOIEJFVEhVTkV8fHx8fHx8fHxGDQpPQlh8MXxTVHwyMTY1XiAgSS5OLlIufEhFTUFUT0xPR1leXkNPQUdVTEFUSU9OfDIuMnx8MC44LTEuMnxBfHx8Rnx8MjM1XjEwMDIxNjV8fDcwDQpOVEV8MXxMfCAgICAgICAgICAgICAgICAgICAgICAgICAgDQpOVEV8MnxMfCAgICAgIFJFQ09NTUVOREVEIEkuTi5SLiBSQU5HRQ0KTlRFfDN8THwtLS0tLS0tLS0tLS0tLS0tLS0tLS0tLS0tLS0tLS0tLS0tLS0NCk5URXw0fEx8VEhST01CT0VNQk9MSVNNIFJJU0sgICAgICAgMi4wIC0gMy4wDQpOVEV8NXxMfFBST1NUSEVUSUMgSEVBUlQgVkFMVkUgICAgIDIuNSAtIDMuNQ0KTlRFfDZ8THwgICAgICAgICAgICAgICAgICAgICAgIA0KT0JSfDE0fFpMODQ2MjV8fDAwNVJVXk1JQ1JPQUxCVU1JTi1SQU5ET018fDIwMDkxMDAyfDIwMDkxMDAyfHx8fHx8fHx8MjkwNjkyXkRSLiBOT1JNQU4gQkVUSFVORXx8fHx8fHx8fEYNCk9CWHwxfFNUfDM1MzJeTUlDUk9BTEJVTUlOIChSVVIpfENIRU1JU1RSWV5eVVJJTkUgQ0hFTUlTVFJZOnw1Ljh8TUcvTHxCRUxPVyAxNXx8fHxGfHwzMTNeMTAwMzUzMnx8NzANCk9CUnwxNXxaTDg0NjI1fHwzNjcwXk1JQ1JPQUxCOkNSRUFULVJVfHwyMDA5MTAwMnwyMDA5MTAwMnx8fHx8fHx8fDI5MDY5Ml5EUi4gTk9STUFOIEJFVEhVTkV8fHx8fHx8fHxGDQpPQlh8MXxTVHwzNTM1XkNSRUFUSU5JTkUgKFJVUil8Q0hFTUlTVFJZXl5VUklORSBDSEVNSVNUUlk6fDI0LjR8TU1PTC9MfDUuMC0xMy4wfEF8fHxGfHwzMTNeMTAwMzUzNXx8NzANCk9CWHwyfFNUfDM1MzZeTUlDUk9BTEIvQ1JFQVQufENIRU1JU1RSWV5eVVJJTkUgQ0hFTUlTVFJZOnwwLjJ8fDwgMi4wfHx8fEZ8fDMxM14xMDAzNTM2fHw3MA0KT0JSfDE2fFpMODQ2MjV8fDcwMF5ET0NVTUVOVEFUSU9OIEZFRXx8MjAwOTEwMDJ8MjAwOTEwMDJ8fHx8fHx8fHwyOTA2OTJeRFIuIE5PUk1BTiBCRVRIVU5FfHx8fHx8fHx8Rg0KT0JSfDE3fFpMODQ2MjV8fDgwMF5CTE9PRCBGSUxNIElOVEVSUFJFVEFUSU9OfHwyMDA5MTAwMnwyMDA5MTAwMnx8fHx8fHx8fDI5MDY5Ml5EUi4gTk9STUFOIEJFVEhVTkV8fHx8fHx8fHxGDQpPQlh8MXxTVHwyMTEyXkJMRCBGSUxNIEVYQU18SEVNQVRPTE9HWV5efHx8fHx8fEZ8fDIyMV4xMDAyMTEyfHw3MHxeQS4gU0VJREVORkVMRCwgTS5ELl5GLlIuQy5QLihDKQ0KTlRFfDF8THxNSUxEIE1BQ1JPQ1lUT1NJUywgTUFSS0VEIFRIUk9NQk9DWVRPUEVOSUENCk5URXwyfEx8UlVMRSBPVVQgTElWRVIgRElTRUFTRSwgQjEyL0ZPTEFURQ0KTlRFfDN8THxERUZJQ0lFTkNZLCBEUlVHIEVGRkVDVCwgVklSQUwgRElTRUFTRSwNCk5URXw0fEx8SU1NVU5FIERJU0VBU0UsIElUUA0K', 'CML', 'InsideLabUploadAction', '2014-07-05 23:12:51'),
(4, 2, 'TVNIfF5+XCZ8UmVwb3J0c3xDTUx8fHwyMDA5MTAwNjA2NTEtNTAwfHxPUlVeUjAxfHwxfDIuMw0KUElEfDN8fHwxMDA1NjE1NDYxXlFDXk9OfE1DTFVIQU5eTUFSU0hBTEx8fDE5MTEwNzIxfE18fHx8fDcwNTUyMTAwMzgNCk9SQ3xOV3xaTDg0Njc2fHx8Rnx8fHx8fHwyNzM4MTNeRFIuIEsuIFMuIFRJTEJFfHx8MjAwOTEwMDINCk9CUnwxfFpMODQ2NzZ8fDIyNl5TT0RJVU18fDIwMDkxMDAyfDIwMDkxMDAyfHx8fHx8fHx8MjczODEzXkRSLiBLLiBTLiBUSUxCRXx8fHx8fHx8fEZ8fHwyOTA2OTJeRFIuIE5PUk1BTiBCRVRIVU5FDQpPQlh8MXxTVHwzMjEwXlNPRElVTXxDSEVNSVNUUlleXnwxMzl8TU1PTC9MfDEzNS0xNDZ8fHx8Rnx8MzAzXjEwMDMyMTB8fDcwDQpPQlJ8MnxaTDg0Njc2fHwyMDReUE9UQVNTSVVNfHwyMDA5MTAwMnwyMDA5MTAwMnx8fHx8fHx8fDI3MzgxM15EUi4gSy4gUy4gVElMQkV8fHx8fHx8fHxGfHx8MjkwNjkyXkRSLiBOT1JNQU4gQkVUSFVORQ0KT0JYfDF8U1R8MzIyMF5QT1RBU1NJVU18Q0hFTUlTVFJZXl58My42fE1NT0wvTHwzLjUtNS4yfHx8fEZ8fDMwM14xMDAzMjIwfHw3MA0KT0JSfDN8Wkw4NDY3Nnx8MDUzXkNITE9SSURFfHwyMDA5MTAwMnwyMDA5MTAwMnx8fHx8fHx8fDI3MzgxM15EUi4gSy4gUy4gVElMQkV8fHx8fHx8fHxGfHx8MjkwNjkyXkRSLiBOT1JNQU4gQkVUSFVORQ0KT0JYfDF8U1R8MzIzMF5DSExPUklERXxDSEVNSVNUUlleXnw5N3xNTU9ML0x8OTUtMTA4fHx8fEZ8fDMwM14xMDAzMjMwfHw3MA0KT0JSfDR8Wkw4NDY3Nnx8MzI5XkZFUlJJVElOfHwyMDA5MTAwMnwyMDA5MTAwMnx8fHx8fHx8fDI3MzgxM15EUi4gSy4gUy4gVElMQkV8fHx8fHx8fHxGfHx8MjkwNjkyXkRSLiBOT1JNQU4gQkVUSFVORQ0KT0JYfDF8U1R8NDA1MF5GRVJSSVRJTnxSSUFeXnw0NnxVRy9MfDI3LTIyMHx8fHxGfHw0MDJeMTAwNDA1MHx8NzANCk9CUnw1fFpMODQ2NzZ8fDM5M15DT01QTEVURSBCTE9PRCBDT1VOVHx8MjAwOTEwMDJ8MjAwOTEwMDJ8fHx8fHx8fHwyNzM4MTNeRFIuIEsuIFMuIFRJTEJFfHx8fHx8fHx8Rnx8fDI5MDY5Ml5EUi4gTk9STUFOIEJFVEhVTkUNCk9CWHwxfFNUfDIwMTBeSEVNT0dMT0JJTnxIRU1BVE9MT0dZXl58MTQ1fEcvTHwxMzUtMTgwfHx8fEZ8fDIwMV4xMDAyMDEwfHw3MA0KT0JYfDJ8U1R8MjAxM15IRU1BVE9DUklUfEhFTUFUT0xPR1leXnwwLjQzMnxML0x8MC4zNy0wLjU0fHx8fEZ8fDIwMV4xMDAyMDEzfHw3MA0KT0JYfDN8U1R8MjAxNl5XQkMgQ09VTlR8SEVNQVRPTE9HWV5efDguMnxYMTAgOS9MfDQuMC0xMS4wfHx8fEZ8fDIwMV4xMDAyMDE2fHw3MA0KT0JYfDR8U1R8MjAxOV5SQkMgQ09VTlR8SEVNQVRPTE9HWV5efDUuMTZ8WDEwIDEyL0x8NC41MC02LjUwfHx8fEZ8fDIwMV4xMDAyMDE5fHw3MA0KT0JYfDV8U1R8MjAyMl5NQ1Z8SEVNQVRPTE9HWV5efDgzLjZ8Rkx8ODAtOTd8fHx8Rnx8MjAxXjEwMDIwMjJ8fDcwDQpPQlh8NnxTVHwyMDI1Xk1DSHxIRU1BVE9MT0dZXl58MjguMHxQR3wyNy4wLTMyLjB8fHx8Rnx8MjAxXjEwMDIwMjV8fDcwDQpPQlh8N3xTVHwyMDI4Xk1DSEN8SEVNQVRPTE9HWV5efDMzNXxHL0x8MzIwLTM2MHx8fHxGfHwyMDFeMTAwMjAyOHx8NzANCk9CWHw4fFNUfDIwMjleUkRXfEhFTUFUT0xPR1leXnwxMy43fCV8MTEuMC0xNC41fHx8fEZ8fDIwMV4xMDAyMDI5fHw3MA0KT0JYfDl8U1R8MjAzMF5QTEFURUxFVCBDT1VOVHxIRU1BVE9MT0dZXl58MzY1fFgxMCA5L0x8MTUwLTQwMHx8fHxGfHwyMDFeMTAwMjAzMHx8NzANCk9CWHwxMHxTVHwyMTkxXkFCU09MVVRFOiAgTkVVVFJPU3xIRU1BVE9MT0dZXl58Ni44fFgxMCA5L0x8Mi4wLTcuNXx8fHxGfHwyMDFeMTAwMjE5MXx8NzANCk9CWHwxMXxTVHwyMTkzXiAgICAgKEEpICAgTFlNUEh8SEVNQVRPTE9HWV5efDEuMXxYMTAgOS9MfDEuMS0zLjN8fHx8Rnx8MjAxXjEwMDIxOTN8fDcwDQpPQlh8MTJ8U1R8MjE5Nl4gICAgIChBKSAgIE1PTk98SEVNQVRPTE9HWV5efDAuM3xYMTAgOS9MfDAuMC0wLjh8fHx8Rnx8MjAxXjEwMDIxOTZ8fDcwDQpPQlh8MTN8U1R8MjE5N14gICAgIChBKSAgIEVPU3xIRU1BVE9MT0dZXl58MC4xfFgxMCA5L0x8MC4wLTAuNXx8fHxGfHwyMDFeMTAwMjE5N3x8NzANCk9CWHwxNHxTVHwyMTk4XiAgICAgKEEpICAgQkFTT3xIRU1BVE9MT0dZXl58MC4wfFgxMCA5L0x8MC4wLTAuMnx8fHxGfHwyMDFeMTAwMjE5OHx8NzANCk9CUnw2fFpMODQ2NzZ8fDQ1MV5TRURJTUVOVEFUSU9OIFJBVEV8fDIwMDkxMDAyfDIwMDkxMDAyfHx8fHx8fHx8MjczODEzXkRSLiBLLiBTLiBUSUxCRXx8fHx8fHx8fEZ8fHwyOTA2OTJeRFIuIE5PUk1BTiBCRVRIVU5FDQpPQlh8MXxTVHwyMTEzXkVTUnxIRU1BVE9MT0dZXl58NDJ8TU0vSHwwLTE0fEF8fHxGfHwyMzBeMTAwMjExM3x8NzANCk9CUnw3fFpMODQ2NzZ8fDY2NUhTXmhzLUNSUHx8MjAwOTEwMDJ8MjAwOTEwMDJ8fHx8fHx8fHwyNzM4MTNeRFIuIEsuIFMuIFRJTEJFfHx8fHx8fHx8Rnx8fDI5MDY5Ml5EUi4gTk9STUFOIEJFVEhVTkUNCk9CWHwxfFNUfDI1MTBeaHMtQ1JQfEhFTUFUT0xPR1leXnwyOS42fE1HL0x8fEF8fHxGfHwyNzBeMTAwMjUxMHx8NzANCk5URXwxfEx8Q1VUIFBPSU5UUyBGT1IgQ0FSRElBQyBSSVNLIEFTU0VTU01FTlQgQVJFOg0KTlRFfDJ8THxMT1cgUklTSyBMRVZFTCAgICAgIDwxLjAgTUcvTA0KTlRFfDN8THxBVkVSQUdFIFJJU0sgTEVWRUwgIDEuMCAtIDMuMCBNRy9MDQpOVEV8NHxMfEhJR0ggUklTSyBMRVZFTCAgICAgPjMuMCBNRy9MDQpOVEV8NXxMfFZBTFVFUyA+OC4wIE1HL0wgSU5ESUNBVEUgSU5GTEFNTUFUT1JZDQpOVEV8NnxMfENPTkRJVElPTlMgQU5EIE1BWSBOT1QgUFJFRElDVCBDQVJESUFDIFJJU0sNCk5URXw3fEx8Lg0KT0JSfDh8Wkw4NDY3Nnx8NzAwXkRPQ1VNRU5UQVRJT04gRkVFfHwyMDA5MTAwMnwyMDA5MTAwMnx8fHx8fHx8fDI3MzgxM15EUi4gSy4gUy4gVElMQkV8fHx8fHx8fHxGfHx8MjkwNjkyXkRSLiBOT1JNQU4gQkVUSFVORQ0K', 'CML', 'InsideLabUploadAction', '2014-07-05 23:12:52'),
(5, 2, 'TVNIfF5+XCZ8UmVwb3J0c3xDTUx8fHwyMDA5MTAwNjA2NTEtNTAwfHxPUlVeUjAxfHwxfDIuMw0KUElEfDR8fHwxMDA2OTM4MjQzXlhYXk9OfEJPTkRBUl5ST0JFUlRBfHwxOTQ1MTIwNHxGfHx8fHw3MDU1MjI4ODI0DQpPUkN8Tld8Wkw4NDcwOHx8fEZ8fHx8fHx8MjkwNjkyXkRSLiBOT1JNQU4gQkVUSFVORXx8fDIwMDkxMDA1DQpPQlJ8MXxaTDg0NzA4fHwwNjZeQ1JFQVRJTkUgUEhPU1BIT0tJTkFTRXx8MjAwOTEwMDV8MjAwOTEwMDV8fHx8fHx8fHwyOTA2OTJeRFIuIE5PUk1BTiBCRVRIVU5FfHx8fHx8fHx8Rg0KT0JYfDF8U1R8MzQwMF5DS3xDSEVNSVNUUlleXnw2MHxVL0x8QkVMT1cgMTcwfHx8fEZ8fDMwM14xMDAzNDAwfHw3MA0KT0JSfDJ8Wkw4NDcwOHx8MjIzXlNHUFQgKEFMVCl8fDIwMDkxMDA1fDIwMDkxMDA1fHx8fHx8fHx8MjkwNjkyXkRSLiBOT1JNQU4gQkVUSFVORXx8fHx8fHx8fEYNCk9CWHwxfFNUfDMzODBeQUxUfENIRU1JU1RSWV5efDIzfFUvTHw0LTQzfHx8fEZ8fDMwM14xMDAzMzgwfHw3MA0KT0JSfDN8Wkw4NDcwOHx8MTkxXlBIT1NQSEFUQVNFIEFMS0FMSU5FfHwyMDA5MTAwNXwyMDA5MTAwNXx8fHx8fHx8fDI5MDY5Ml5EUi4gTk9STUFOIEJFVEhVTkV8fHx8fHx8fHxGDQpPQlh8MXxTVHwzMzYwXkFMSyBQSE9TfENIRU1JU1RSWV5efDY1fFUvTHwzMC0xMTB8fHx8Rnx8MzAzXjEwMDMzNjB8fDcwDQpPQlJ8NHxaTDg0NzA4fHwwMzBeQklMUlVCSU4gVE9UQUx8fDIwMDkxMDA1fDIwMDkxMDA1fHx8fHx8fHx8MjkwNjkyXkRSLiBOT1JNQU4gQkVUSFVORXx8fHx8fHx8fEYNCk9CWHwxfFNUfDMzNDBeVE9UQUwgQklMSVJVQklOfENIRU1JU1RSWV5efDEzLjB8VU1PTC9MfDAuMC0yMy4wfHx8fEZ8fDMwM14xMDAzMzQwfHw3MA0KT0JSfDV8Wkw4NDcwOHx8MTE3XkhETC9MREx8fDIwMDkxMDA1fDIwMDkxMDA1fHx8fHx8fHx8MjkwNjkyXkRSLiBOT1JNQU4gQkVUSFVORXx8fHx8fHx8fEYNCk9CWHwxfFNUfDMxMjBeQ0hPTEVTVEVST0x8Q0hFTUlTVFJZXl58Mi40NnxNTU9ML0x8VEFSR0VUIDw1LjIwfHx8fEZ8fDM2NV4xMDAzMTIwfHw3MA0KT0JYfDJ8U1R8MzE0MF5UUklHTFlDRVJJREVTfENIRU1JU1RSWV5efDEuMzZ8TU1PTC9MfFRBUkdFVCA8MS43MXx8fHxGfHwzNjVeMTAwMzE0MHx8NzANCk9CWHwzfFNUfDM5MjNeSERMIENIT0xFU1RFUk9MfENIRU1JU1RSWV5efDAuOTJ8TU1PTC9MfFRBUkdFVCA+MS4yOXxBfHx8Rnx8MzY1XjEwMDM5MjN8fDcwDQpPQlh8NHxTVHwzOTMzXkxETCBDSE9MRVNURVJPTHxDSEVNSVNUUlleXnwwLjkyfE1NT0wvTHxTZWUgVGFyZ2V0c3x8fHxGfHwzNjVeMTAwMzkzM3x8NzANCk9CWHw1fFNUfDM5MzleQ0hPTC9IREwgUkFUSU98Q0hFTUlTVFJZXl58Mi42N3x8U2VlIFRhcmdldHN8fHx8Rnx8MzY1XjEwMDM5Mzl8fDcwDQpOVEV8MXxMfCotLS0tLS0tLS0tKi0tLS0tLS0tLS0qLS0tLS0tLS0tLSotLS0tLS0tLS0tKg0KTlRFfDJ8THxDbGluaWNhbCBSaXNrIFN0YXR1czogIFRhcmdldCBMaXBpZCBMZXZlbHMNCk5URXwzfEx8Ki0tLS0tLS0tLS0qLS0tLS0tLS0tLSotLS0tLS0tLS0tKi0tLS0tLS0tLS0qDQpOVEV8NHxMfCBJZiBSaXNrICA6IExETC1DIC0tVGFyZ2V0cy0tIENIT0wvSERMIFJhdGlvDQpOVEV8NXxMfCBMb3cgICAgICA6ICA8NS4xICAgICBhbmQgICAgICAgPDYuMA0KTlRFfDZ8THwgTW9kZXJhdGUgOiAgPDMuNSAgICAgYW5kICAgICAgIDw1LjANCk5URXw3fEx8IEhpZ2ggICAgIDogIDwyLjAgICAgIGFuZCAgICAgICA8NC4wDQpOVEV8OHxMfC4uLmFzIHBlciAyMDA2IENhbmFkaWFuIEd1aWRlbGluZXMNCk9CUnw2fFpMODQ3MDh8fDcwMF5ET0NVTUVOVEFUSU9OIEZFRXx8MjAwOTEwMDV8MjAwOTEwMDV8fHx8fHx8fHwyOTA2OTJeRFIuIE5PUk1BTiBCRVRIVU5FfHx8fHx8fHx8Rg0K', 'CML', 'InsideLabUploadAction', '2014-07-05 23:12:52'),
(6, 2, 'TVNIfF5+XCZ8UmVwb3J0c3xDTUx8fHwyMDA5MTAwNjA2NTEtNTAwfHxPUlVeUjAxfHwxfDIuMw0KUElEfDV8fHw2OTM0OTU5ODE1XktWXk9OfFNNSVRIXlJPQkVSVHx8MTkzNTAyMDh8TXx8fHx8NzA1NTIyMDQ3OA0KT1JDfE5XfFpMODQ3NTl8fHxGfHx8fHx8fDI5MDY5Ml5EUi4gTk9STUFOIEJFVEhVTkV8fHwyMDA5MTAwNQ0KT0JSfDF8Wkw4NDc1OXx8NDQ1XklOUiAoUFQpfHwyMDA5MTAwNXwyMDA5MTAwNXx8fHx8fHx8fDI5MDY5Ml5EUi4gTk9STUFOIEJFVEhVTkV8fHx8fHx8fHxGDQpPQlh8MXxTVHwyMTY1XiAgSS5OLlIufEhFTUFUT0xPR1leXkNPQUdVTEFUSU9OfDIuMnx8MC44LTEuMnxBfHx8Rnx8MjM1XjEwMDIxNjV8fDcwDQpOVEV8MXxMfCAgICAgICAgICAgICAgICAgICAgICAgICAgDQpOVEV8MnxMfCAgICAgIFJFQ09NTUVOREVEIEkuTi5SLiBSQU5HRQ0KTlRFfDN8THwtLS0tLS0tLS0tLS0tLS0tLS0tLS0tLS0tLS0tLS0tLS0tLS0NCk5URXw0fEx8VEhST01CT0VNQk9MSVNNIFJJU0sgICAgICAgMi4wIC0gMy4wDQpOVEV8NXxMfFBST1NUSEVUSUMgSEVBUlQgVkFMVkUgICAgIDIuNSAtIDMuNQ0KTlRFfDZ8THwgICAgICAgICAgICAgICAgICAgICAgIA0KT0JSfDJ8Wkw4NDc1OXx8NzAwXkRPQ1VNRU5UQVRJT04gRkVFfHwyMDA5MTAwNXwyMDA5MTAwNXx8fHx8fHx8fDI5MDY5Ml5EUi4gTk9STUFOIEJFVEhVTkV8fHx8fHx8fHxGDQo=', 'CML', 'InsideLabUploadAction', '2014-07-05 23:12:52'),
(7, 2, 'TVNIfF5+XCZ8UmVwb3J0c3xDTUx8fHwyMDA5MTAwNjA2NTEtNTAwfHxPUlVeUjAxfHwxfDIuMw0KUElEfDZ8fHw2MDEzNzQwNjMxXllXXk9OfEVSQl5ST0JFUlR8fDE5MzgwNjA4fE18fHx8fDcwNTUyMjIyMDkNCk9SQ3xOV3xaTDg0NzYzfHx8Rnx8fHx8fHwyOTA2OTJeRFIuIE5PUk1BTiBCRVRIVU5FfHx8MjAwOTEwMDUNCk9CUnwxfFpMODQ3NjN8fDQ0NV5JTlIgKFBUKXx8MjAwOTEwMDV8MjAwOTEwMDV8fHx8fHx8fHwyOTA2OTJeRFIuIE5PUk1BTiBCRVRIVU5FfHx8fHx8fHx8Rg0KT0JYfDF8U1R8MjE2NV4gIEkuTi5SLnxIRU1BVE9MT0dZXl5DT0FHVUxBVElPTnwyLjF8fDAuOC0xLjJ8QXx8fEZ8fDIzNV4xMDAyMTY1fHw3MA0KTlRFfDF8THwgICAgICAgICAgICAgICAgICAgICAgICAgIA0KTlRFfDJ8THwgICAgICBSRUNPTU1FTkRFRCBJLk4uUi4gUkFOR0UNCk5URXwzfEx8LS0tLS0tLS0tLS0tLS0tLS0tLS0tLS0tLS0tLS0tLS0tLS0tDQpOVEV8NHxMfFRIUk9NQk9FTUJPTElTTSBSSVNLICAgICAgIDIuMCAtIDMuMA0KTlRFfDV8THxQUk9TVEhFVElDIEhFQVJUIFZBTFZFICAgICAyLjUgLSAzLjUNCk5URXw2fEx8ICAgICAgICAgICAgICAgICAgICAgICANCk9CUnwyfFpMODQ3NjN8fDcwMF5ET0NVTUVOVEFUSU9OIEZFRXx8MjAwOTEwMDV8MjAwOTEwMDV8fHx8fHx8fHwyOTA2OTJeRFIuIE5PUk1BTiBCRVRIVU5FfHx8fHx8fHx8Rg0K', 'CML', 'InsideLabUploadAction', '2014-07-05 23:12:52'),
(8, 2, 'TVNIfF5+XCZ8UmVwb3J0c3xDTUx8fHwyMDA5MTAwNjA2NTEtNTAwfHxPUlVeUjAxfHwxfDIuMw0KUElEfDd8fHwyMzQyMTIzMDUyXkNIXk9OfFBFUlJFQVVMVF5KRUFOIEJBUFRJU1RFfHwxOTI4MDYyNHxNfHx8fHw3MDU2NzM3NjAyDQpPUkN8Tld8Wkw4NDc3MXx8fEZ8fHx8fHx8MjkwNjkyXkRSLiBOT1JNQU4gQkVUSFVORXx8fDIwMDkxMDA1DQpPQlJ8MXxaTDg0NzcxfHw0NDVeSU5SIChQVCl8fDIwMDkxMDA1fDIwMDkxMDA1fHx8fHx8fHx8MjkwNjkyXkRSLiBOT1JNQU4gQkVUSFVORXx8fHx8fHx8fEYNCk9CWHwxfFNUfDIxNjVeICBJLk4uUi58SEVNQVRPTE9HWV5eQ09BR1VMQVRJT058Mi40fHwwLjgtMS4yfEF8fHxGfHwyMzVeMTAwMjE2NXx8NzANCk5URXwxfEx8ICAgICAgICAgICAgICAgICAgICAgICAgICANCk5URXwyfEx8ICAgICAgUkVDT01NRU5ERUQgSS5OLlIuIFJBTkdFDQpOVEV8M3xMfC0tLS0tLS0tLS0tLS0tLS0tLS0tLS0tLS0tLS0tLS0tLS0tLQ0KTlRFfDR8THxUSFJPTUJPRU1CT0xJU00gUklTSyAgICAgICAyLjAgLSAzLjANCk5URXw1fEx8UFJPU1RIRVRJQyBIRUFSVCBWQUxWRSAgICAgMi41IC0gMy41DQpOVEV8NnxMfCAgICAgICAgICAgICAgICAgICAgICAgDQpPQlJ8MnxaTDg0NzcxfHw3MDBeRE9DVU1FTlRBVElPTiBGRUV8fDIwMDkxMDA1fDIwMDkxMDA1fHx8fHx8fHx8MjkwNjkyXkRSLiBOT1JNQU4gQkVUSFVORXx8fHx8fHx8fEYNCg==', 'CML', 'InsideLabUploadAction', '2014-07-05 23:12:52'),
(9, 2, 'TVNIfF5+XCZ8UmVwb3J0c3xDTUx8fHwyMDA5MTAwNjA2NTEtNTAwfHxPUlVeUjAxfHwxfDIuMw0KUElEfDh8fHwxMDA2OTM4MjQzXlhYXk9OfEJPTkRBUl5ST0JFUlRBfHwxOTQ1MTIwNHxGfHx8fHw3MDU2NzU3OTg5DQpPUkN8Tld8Wkw4NDc3M3x8fEZ8fHx8fHx8MjQ5NTgxXkRSLiBLLiBERUJMQUNBTXx8fDIwMDkxMDA1DQpPQlJ8MXxaTDg0NzczfHw0NDVeSU5SIChQVCl8fDIwMDkxMDA1fDIwMDkxMDA1fHx8fHx8fHx8MjQ5NTgxXkRSLiBLLiBERUJMQUNBTXx8fHx8fHx8fEZ8fHwyOTA2OTJeRFIuIE5PUk1BTiBCRVRIVU5FDQpPQlh8MXxTVHwyMTY1XiAgSS5OLlIufEhFTUFUT0xPR1leXkNPQUdVTEFUSU9OfDEuMXx8MC44LTEuMnx8fHxGfHwyMzVeMTAwMjE2NXx8NzANCk5URXwxfEx8ICAgICAgICAgICAgICAgICAgICAgICAgICANCk5URXwyfEx8ICAgICAgUkVDT01NRU5ERUQgSS5OLlIuIFJBTkdFDQpOVEV8M3xMfC0tLS0tLS0tLS0tLS0tLS0tLS0tLS0tLS0tLS0tLS0tLS0tLQ0KTlRFfDR8THxUSFJPTUJPRU1CT0xJU00gUklTSyAgICAgICAyLjAgLSAzLjANCk5URXw1fEx8UFJPU1RIRVRJQyBIRUFSVCBWQUxWRSAgICAgMi41IC0gMy41DQpOVEV8NnxMfCAgICAgICAgICAgICAgICAgICAgICAgDQpPQlJ8MnxaTDg0NzczfHw3MDBeRE9DVU1FTlRBVElPTiBGRUV8fDIwMDkxMDA1fDIwMDkxMDA1fHx8fHx8fHx8MjQ5NTgxXkRSLiBLLiBERUJMQUNBTXx8fHx8fHx8fEZ8fHwyOTA2OTJeRFIuIE5PUk1BTiBCRVRIVU5FDQpGVFN8OA0K', 'CML', 'InsideLabUploadAction', '2014-07-05 23:12:52');
INSERT INTO `measurements` (`id`, `type`, `demographicNo`, `providerNo`, `dataField`, `measuringInstruction`, `dateObserved`, `dateEntered`) VALUES
(1, NULL, @demo_id, '0', 'CERVICAL', NULL,  '2011-10-01 00:00:00', '2012-07-05 11:12:51'),
(2, NULL, @demo_id, '0', 'NEGATIVE', NULL,  '2011-10-01 00:00:00', '2012-07-05 11:12:51'),
(3, NULL, @demo_id, '0', 'CERVICAL', NULL,  '2011-10-01 00:00:00', '2012-07-05 11:12:51'),
(4, NULL, @demo_id, '0', 'FINAL', NULL,  '2011-10-01 00:00:00', '2012-07-05 11:12:51'),
(5, 'INR', @demo_id, '0', '2.2', 'INR Blood Work',  '2011-10-05 00:00:00', '2012-07-13 07:45:17'),
(6, NULL, @demo_id, '0', '60', NULL,  '2011-10-05 00:00:00', '2012-07-13 08:36:09'),
(7, 'ALT', @demo_id, '0', '23', NULL,  '2011-10-05 00:00:00', '2012-07-13 08:36:09'),
(8, NULL, @demo_id, '0', '65', NULL,  '2011-10-05 00:00:00', '2012-07-13 08:36:09'),
(9, NULL, @demo_id, '0', '13.0', NULL,  '2011-10-05 00:00:00', '2012-07-13 08:36:09'),
(10, 'TCHL', @demo_id, '0', '2.46', 'in mmol/L (nn.n) Range:2.0-12.0', '2011-10-05 00:00:00', '2012-07-13 08:36:09'),
(11, 'TG', @demo_id, '0', '1.36', 'monitor every 1-3 year', '2011-10-05 00:00:00', '2012-07-13 08:36:09'),
(12, 'HDL', @demo_id, '0', '0.92', 'in mmol/L (n.n) Range:0.4-4.0', '2011-10-05 00:00:00', '2012-07-13 08:36:09'),
(13, 'LDL', @demo_id, '0', '0.92', 'monitor every 1-3 year', '2011-10-05 00:00:00', '2012-07-13 08:36:09'),
(14, 'TCHD', @demo_id, '0', '2.67', 'monitor every 1-3 year', '2011-10-05 00:00:00', '2012-07-13 08:36:09'),
(15, 'INR', @demo_id, '0', '2.1', 'INR Blood Work',  '2011-10-05 00:00:00', '2012-07-13 08:37:20'),
(16, 'INR', @demo_id, '0', '1.1', 'INR Blood Work',  '2011-10-05 00:00:00', '2012-07-13 08:41:54');
INSERT INTO `measurementsExt` (`measurement_id`, `keyval`, `val`) VALUES
(1, 'lab_no', '2'),
(1, 'abnormal', 'N'),
(1, 'identifier', '4600'),
(1, 'name', 'SOURCE'),
(1, 'labname', 'CML'),
(1, 'accession', 'ZK59632'),
(1, 'datetime', '2011-10-01'),
(2, 'lab_no', '2'),
(2, 'abnormal', 'N'),
(2, 'identifier', '4610'),
(2, 'name', 'CHLAMYDIA'),
(2, 'labname', 'CML'),
(2, 'accession', 'ZK59632'),
(2, 'datetime', '2011-10-01'),
(3, 'lab_no', '2'),
(3, 'abnormal', 'N'),
(3, 'identifier', '62710'),
(3, 'name', 'SOURCE'),
(3, 'labname', 'CML'),
(3, 'accession', 'ZK59632'),
(3, 'datetime', '2011-10-01'),
(4, 'lab_no', '2'),
(4, 'abnormal', 'N'),
(4, 'identifier', '62751'),
(4, 'name', 'STATUS'),
(4, 'labname', 'CML'),
(4, 'accession', 'ZK59632'),
(4, 'datetime', '2011-10-01'),
(5, 'lab_no', '6'),
(5, 'abnormal', 'A'),
(5, 'identifier', '2165'),
(5, 'name', 'I.N.R.'),
(5, 'labname', 'CML'),
(5, 'accession', 'ZL84759'),
(5, 'datetime', '2011-10-05'),
(5, 'minimum', '0.8'),
(5, 'maximum', '1.2'),
(5, 'comments', 'RECOMMENDED I.N.R. RANGE\n------------------------------------\nTHROMBOEMBOLISM RISK       2.0 - 3.0\nPROSTHETIC HEART VALVE     2.5 - 3.5\n'),
(6, 'lab_no', '5'),
(6, 'abnormal', 'N'),
(6, 'identifier', '3400'),
(6, 'name', 'CK'),
(6, 'labname', 'CML'),
(6, 'accession', 'ZL84708'),
(6, 'datetime', '2011-10-05'),
(6, 'unit', 'U/L'),
(6, 'range', 'BELOW 170'),
(7, 'lab_no', '5'),
(7, 'abnormal', 'N'),
(7, 'identifier', '3380'),
(7, 'name', 'ALT'),
(7, 'labname', 'CML'),
(7, 'accession', 'ZL84708'),
(7, 'datetime', '2011-10-05'),
(7, 'unit', 'U/L'),
(7, 'minimum', '4'),
(7, 'maximum', '43'),
(8, 'lab_no', '5'),
(8, 'abnormal', 'N'),
(8, 'identifier', '3360'),
(8, 'name', 'ALK PHOS'),
(8, 'labname', 'CML'),
(8, 'accession', 'ZL84708'),
(8, 'datetime', '2011-10-05'),
(8, 'unit', 'U/L'),
(8, 'minimum', '30'),
(8, 'maximum', '110'),
(9, 'lab_no', '5'),
(9, 'abnormal', 'N'),
(9, 'identifier', '3340'),
(9, 'name', 'TOTAL BILIRUBIN'),
(9, 'labname', 'CML'),
(9, 'accession', 'ZL84708'),
(9, 'datetime', '2011-10-05'),
(9, 'unit', 'UMOL/L'),
(9, 'minimum', '0.0'),
(9, 'maximum', '23.0'),
(10, 'lab_no', '5'),
(10, 'abnormal', 'N'),
(10, 'identifier', '3120'),
(10, 'name', 'CHOLESTEROL'),
(10, 'labname', 'CML'),
(10, 'accession', 'ZL84708'),
(10, 'datetime', '2011-10-05'),
(10, 'unit', 'MMOL/L'),
(10, 'range', 'TARGET <5.20'),
(11, 'lab_no', '5'),
(11, 'abnormal', 'N'),
(11, 'identifier', '3140'),
(11, 'name', 'TRIGLYCERIDES'),
(11, 'labname', 'CML'),
(11, 'accession', 'ZL84708'),
(11, 'datetime', '2011-10-05'),
(11, 'unit', 'MMOL/L'),
(11, 'range', 'TARGET <1.71'),
(12, 'lab_no', '5'),
(12, 'abnormal', 'A'),
(12, 'identifier', '3923'),
(12, 'name', 'HDL CHOLESTEROL'),
(12, 'labname', 'CML'),
(12, 'accession', 'ZL84708'),
(12, 'datetime', '2011-10-05'),
(12, 'unit', 'MMOL/L'),
(12, 'range', 'TARGET >1.29'),
(13, 'lab_no', '5'),
(13, 'abnormal', 'N'),
(13, 'identifier', '3933'),
(13, 'name', 'LDL CHOLESTEROL'),
(13, 'labname', 'CML'),
(13, 'accession', 'ZL84708'),
(13, 'datetime', '2011-10-05'),
(13, 'unit', 'MMOL/L'),
(13, 'range', 'See Targets'),
(14, 'lab_no', '5'),
(14, 'abnormal', 'N'),
(14, 'identifier', '3939'),
(14, 'name', 'CHOL/HDL RATIO'),
(14, 'labname', 'CML'),
(14, 'accession', 'ZL84708'),
(14, 'datetime', '2011-10-05'),
(14, 'range', 'See Targets'),
(14, 'comments', '*----------*----------*----------*----------*\nClinical Risk Status:  Target Lipid Levels\n*----------*----------*----------*----------*\nIf Risk  : LDL-C --Targets-- CHOL/HDL Ratio\nLow      :  <5.1     and       <6.0\nModerate :  <3.5     and       <5.0\nHigh     :  <2.0     and       <4.0\n...as per 2006 Canadian Guidelines'),
(15, 'lab_no', '7'),
(15, 'abnormal', 'A'),
(15, 'identifier', '2165'),
(15, 'name', 'I.N.R.'),
(15, 'labname', 'CML'),
(15, 'accession', 'ZL84763'),
(15, 'datetime', '2011-10-05'),
(15, 'minimum', '0.8'),
(15, 'maximum', '1.2'),
(15, 'comments', 'RECOMMENDED I.N.R. RANGE\n------------------------------------\nTHROMBOEMBOLISM RISK       2.0 - 3.0\nPROSTHETIC HEART VALVE     2.5 - 3.5\n'),
(16, 'lab_no', '9'),
(16, 'abnormal', 'N'),
(16, 'identifier', '2165'),
(16, 'name', 'I.N.R.'),
(16, 'labname', 'CML'),
(16, 'accession', 'ZL84773'),
(16, 'datetime', '2011-10-05'),
(16, 'minimum', '0.8'),
(16, 'maximum', '1.2'),
(16, 'comments', 'RECOMMENDED I.N.R. RANGE\n------------------------------------\nTHROMBOEMBOLISM RISK       2.0 - 3.0\nPROSTHETIC HEART VALVE     2.5 - 3.5\n');
INSERT INTO `patientLabRouting` (`demographic_no`, `lab_no`, `lab_type`, `id`) VALUES
(0, 1, 'HL7', 1),
(@demo_id, 2, 'HL7', 2),
(0, 3, 'HL7', 3),
(0, 4, 'HL7', 4),
(0, 5, 'HL7', 5),
(0, 6, 'HL7', 6),
(0, 7, 'HL7', 7),
(0, 8, 'HL7', 8),
(@demo_id, 9, 'HL7', 9);
INSERT INTO `providerLabRouting` (`provider_no`, `lab_no`, `status`, `timestamp`, `lab_type`, `id`) VALUES
('999998', 1, 'N',  '2012-07-05 23:12:33', 'HL7', 1),
('999998', 2, 'N',  '2012-07-05 23:15:04', 'HL7', 2),
('999998', 3, 'N',  '2012-07-05 23:12:51', 'HL7', 3),
('999998', 4, 'N',  '2012-07-05 23:12:52', 'HL7', 4),
('999998', 5, 'A', '2012-07-13 20:36:26', 'HL7', 5),
('999998', 6, 'N',  '2012-07-13 20:35:30', 'HL7', 6),
('999998', 7, 'N',  '2012-07-13 20:37:25', 'HL7', 7),
('999998', 8, 'N',  '2012-07-05 23:12:52', 'HL7', 8),
('999998', 9, 'N',  '2012-07-13 20:42:02', 'HL7', 9);
UPDATE `provider` SET `ohip_no`=123456 WHERE `provider_no`=999998;
INSERT INTO `drugs` (`drugid`, `provider_no`, `demographic_no`, `rx_date`, `end_date`, `written_date`, `pickup_datetime`, `BN`, `GCN_SEQNO`, `customName`, `takemin`, `takemax`, `freqcode`, `duration`, `durunit`, `quantity`, `repeat`, `last_refill_date`, `nosubs`, `prn`, `special`, `special_instruction`, `archived`, `GN`, `ATC`, `script_no`, `regional_identifier`, `unit`, `method`, `route`, `drug_form`, `create_date`, `dosage`, `custom_instructions`, `unitName`, `custom_note`, `long_term`, `non_authoritative`, `past_med`, `patient_compliance`, `outside_provider_name`, `outside_provider_ohip`, `archived_reason`, `archived_date`, `hide_from_drug_profile`, `eTreatmentType`, `rxStatus`, `dispense_interval`, `refill_duration`, `refill_quantity`, `hide_cpp`, `position`, `comment`, `start_date_unknown`, `lastUpdateDate`) VALUES
(1, '999998', 1, '2012-09-08', '2013-09-03', '2012-09-08', NULL, 'DABIGATRAN ETEXILATE  110MG CAPSULE', '77802', NULL, 1, 1, 'bid', '90', 'D', '180', 3, NULL, 0, 0, 'DABIGATRAN ETEXILATE  110MG CAPSULE\nTake 1 po bid for 90 days\nQty:180 Repeats:3', NULL, 0, 'DABIGATRAN ETEXILATE (DABIGATRAN ETEXILATE MESILATE)', 'B01AE07', 1, '02312441', 'MG', 'Take', 'po', 'CAPSULE', '2012-09-08 12:49:10', '110.0 MG', 0, NULL, 0, 1, 0, 0, NULL, NULL, NULL, NULL, NULL, NULL, NULL, NULL, 0, 0, 0, 0, 1, NULL, 0, '2012-09-08 12:49:10');
INSERT INTO `preventions` ( `demographic_no`, `creation_date`, `prevention_date`, `provider_no`, `prevention_type`, `deleted`, `refused`, `next_date`, `never`, `creator`) VALUES
( @demo_id, '2012-08-12 12:12:12', '2012-08-12', '999998', 'PAP', '0', '2', '2017-07-12', '1', 999998);
INSERT INTO `professionalSpecialists` ( `fName`, `lName`, `proLetters`, `address`, `phone`, `fax`,  `specType`,  `lastUpdated`, `annotation`) VALUES
('Sam', 'Spade', 'FRCP', '123 Hearts way', '613-234-3344', '613-234-3345','Cardiology','2012-07-04 21:55:24', 'He will investigate to the patients death');
INSERT INTO `serviceSpecialists` (`serviceId`, `specId`) VALUES 
('53','1');
INSERT INTO `messagelisttbl` (`id`, `message`, `provider_no`, `status`, `remoteLocation`) VALUES
(1, 1, '999998', 'new', 145);
INSERT INTO `messagetbl` (`messageid`, `thedate`, `theime`, `themessage`, `thesubject`, `sentby`, `sentto`, `sentbyNo`, `sentByLocation`) VALUES
(1, '2012-08-25', '15:48:27', 'I would like to thank you for installing Oscar McMaster.\r\n\r\nDavid', 'Welcome to Oscar!', 'Dr David Chan', ' doctor oscardoc.', '000000', 145);

INSERT INTO `client_image` ( `demographic_no`, `image_type`, `image_data`, `update_date`, `contents`) VALUES
(@demo_id, 'jpg', NULL, '2015-10-29 09:48:37', 0x2f396a2f34414151536b5a4a5267414241514541534142494141442f32774244414145424151454241514542415145424151454341674d4341674943416751444177494442515146425155454241514642676347425155484267514542676b4742776749434167494251594a43676b494367634943416a2f3277424441514542415149434167514341675149425151464341674943416749434167494341674943416749434167494341674943416749434167494341674943416749434167494341674943416749434167494341674943416a2f7767415243414554414d67444152454141684542417845422f385141486741414151554241514542415141414141414141414141427751464267674a417749424367442f78414163415141424251454241514141414141414141414141414145415149444251594142776a2f3267414d41774541416841444541414141554e6c566f4f524b76664f564d364e6e3547787a452f4d36632f33796532766257537a4a6a6c497033556f4a3056587465564e56567a6b794b6d5352553262767964456373564177525649334d6a376d702b6277586b504f53716e5a4537704a38464c4c314270376368326b52434a75465a566c4e7068774d514a4172756d636c6430356e704839327975625875614a78535255696a51756762584a44337338386e3872766e4b337171775178776f4e4d38566430554b3235506b665756746136356c2f56445157544d2f4d3641625774474539506d6c52454b6e6b353871704a4831722b694b6753534b6d355a6d64484848503671696c4662656e2f6f4879584c62523579657a3072316448615536436d5756744b706e3648554738714b715a67474469463058686c4c32687a6b6431575a544f58676b7269336e5247704f656b357a365a6b324257384f66475852744470764b383830743852734e36474c5a43334d6e7253427832715166483241765549734173466a414f41776a5046443731724870633478324972656953524a6e465a2b764e536f73794a7879525777567a68544c7a644735556b337a4c613277394272613769534b344a37384f69705a4e46557965432f4c58576d486c785374414e3952706251576452534e303950372b74396b5170566b63334c7935505371536e34396c5634746c5566536f513653356b2b633149776873496c425042344a58714a7a44494f504a34327433614b5670785366446d6559486f714d52705263566f69696d7a71764b5a62634170554a616c5271547553645a686339413547437152474a7972637671426e6e4e573050694542554a42466e76414b5765706b69445a52757947504d4972684d4d6e4864634a33585574614d7853785a586d497a36576e2b4c49314e6c624f6a566338704c6e6f4c497867586d466a2f374a362b4955313958676d423266444d3549397934545a715245354934686c3173346c72594d4f546a445661474d3135634e4a44725864554e32616d365837764b4b5a6f49363068675656546c6e363030556573596645313139694c386273514c4a4573627a6c4c46726458337433724b7261493548694d67706e315032514a515a587974765a3335335434646c514732456a6f784c7a61476c41326770326c58495933386d6b47394b34637a6350334f614b343273325a305364305473724c65776e5857674d43316a58654f6e757655334250534f6d52634e586a4b363742466470744e55666d35792b306e3063395a587862543375627a6831565178534d626552544649526e7778742f526c487857456b513557354663623170454f744e4872412f5a56772f304f4655443346383876737450727a45345a5657764746356b4e4943684c766a726b315433464636612b6a556e616c764771317573674c7a786f74334c3470443235766c57786152676c575746597a51436755324a466837535547324a7067364167455851455766676c306531506d51794674366f686147344e6c524865777965556d64312b65656530386a637742327454612b30727176612f4c51736331755753794d6b4c6f324e7463676e6d555830396d6e7939364c7048363943614f3463733748464c475233532f71362b4f6f38336b30776c517162665748734b637357475279696f645a6d7252614473316c4e74446e74476e70585854353250724f3277754e7871667a683278656771794475687542316c7236496c5236665233576e7158385768536e5655536470364b52644861505159374d484d2b6d5778746864414c7a425936444d787248495279444841596774614c504d686f7265782f714f556732734d646b69694b454d61746a6565733132667567455748627878573064587552394357484278445738455041326d67327577464b4b792f6777563972426f634a675532747a61575778464e616e4e375272744d5a30693776464b35786c516252684c2b616c633767672f6355694d5a4c5256376c483848315036577333365733644e5475746d594c75326b2f436c7559486b48584765415734317a6c7679515349634d2f705369504a434e506c58697a715a62464935776b6549583177316b456c55542b3654687a5a4c423057784772722f41434d674e7a6d74386378364a596a6e52636368464a5058746c71665a71533656746c484e49736a33433479544e6d56645a3376704c67633637467535493553456d3473636f696d725a7336377a304c52334e6a47796d7649593870714158496b65733666632f506253795373567030595131346b6a74725a356d667a67562f4373767954335755386a3252437172302b5072337178426b484d64596c364d56346132736d75723430786a4245324e6f73674350614b57386468546235566437634b4d307a483133386e66566e5932475352345a3073714152697a666c75304744554d4c73706c746a37744d2b53624776374e536352506459316e343875582b6f7157647a4544572b55346c423264754d6e36445a454f324c306b4c394a476569717870624b32704d326f73776d464f4e6a58496f6d5a4777737a754f7170685236532f6f5531554e56685a71364a7959386b694545556463534e5a532b527931446f626155657030476f6471544a2b397536574f68387078694f7232636552493156546d6c6978424b636c636d5249574f7464756d776b4673626e41454a32695243327a7141775331774a506b77536a396c756e354c516a5a384377395763567932796d534c3635364e73736b53754c4a6776685661324b387a70505a4b3074793169687a5270435239556a38324139724657536b434f4b5531525a6b61793070315657375234394d5236734c656b4c49735a33793648776f43636b5249456b5a6f53534650554f5571533263586f714e36506e6b6770634b714f377544775278544d4677357274546a5164524a473835686e36465a753873394c446e6c7373526374337056326e306f445378492b5a577770594b37752f6b5436723173646561444b65515351796b67524770484e6b6b6f49442b64776843734373594c6e505336334b634c54655975673031437a4471536b62635058444256622f51463266677645574172306c3849664a382f694e336c556234687a73585176536b7645726e2b6573524e49645a41756a6b44414268674e4771685661616b67323973504f6f38486f4b6743516c5338454f6c6a4c52614f78766d2b6b6853504c516a5a315875664a6d76446f4637786f6e41613669614774655a2b6b6262616e352f6643712b4a77586c6b727278627173595a427353564f4c546f4c6469476259476145734977684d62716477754b534d765a536d4f304c536a7a766f7266784377484d6d6c4b7a476d4d6779524f486c646567764b6658565a497452734c74506a59656472356b586d4c4757586a3847684a446f7049785857305946395451786239796a44696865636d70766e557650792f4a47305636796c5849642b48507a7179316c65304556646a3363786c6a6e3442364e3646394f737566356a596d2f3841484735397777734a557a6a316e41743635313557623847786b732f733843433267334c2b6134524e3542434e465536594d3951493644674b4f477178452b677a5262533836386b7555414e4c623047717446424646534f4173654662333975635173516d7964316b764c4352386c7a523270764d73676234514562734557586b4564646d4a5853344f624453675858336c396c39724e534b2b35524d3464565361504c716254744d75724c6a70463144695a6d4e546e6d646a2b6339546f5a6b76554c4374575267615732657538334d6468537473467147784c584d555861353732666949474f777376426765454a4e72353752572f7056626b32646a46535834383667466e5433767574566570774d72687537506c2b53356a562b697777547a694d6b356372313937706a6d76514f2b5239687363554c664c304c78516b6b69346e676271754e74505257722b59334351696543796836336d4e343868416d736752414d54376a3043387556334f6570466464652b7662594e307a6b443644704262664d4e4b6d367a3837592f683848536f38506563674e44714e6950614377346f35614445323574387a2b54564d6b4a434135396c3653776f647662374656454175436e3363616d72393962567846795934506e31367933753943697862635839755559396c63654a714f576c667063352b62516277526b64483661336c4b2b774e475a647650474d4678576c754e2b55647a44426a3254724f314673482f61684c786d4b636f506c7930566c715648707672475151486c6f594c6930377958754e56625958534f37596434376e7a44724135316c52434479696a7050684b6157663278506a6c4b744656324b71796877325761313133532f306548542f414150316248377a353341546671486d4e642b67506d71376d5338515066746e765342672b583064462f2f454143675141414546414145464141494441514542415141414141514241674d4642674148455249544642556843425969497a45794a762f61414167424151414242514c36764a763250372f5a35632b31555751746e746e4a656a6b4c6376464f657a6a444f37554b377555683069734c2f77436b4266476e656250616a6f2f624c473968544f4e495a342f513147754b63353330727870543374575a65305a434d6139653347766449357a6c38585449325635506c787372664b596e79346a764c6a6d716952735479694a63336d534457306176544c316a563264716243314436663045386576775a576674546b5746454b374b3074794e2b3739754964377670613959795945524350327964664668446c34386c46644a496e616556726b6a63317a4f2f7743316c35357278736b6a6e525179484a2b476330554f76505a446d6437655a577577397146726d5347785141367937676979394e5631566e4c70636b326b686849562f45643358322b50456c547a535a58635a4c335630767252684c56354a497152766b6635534f6b6373666c7a324f354f2f774462706b616c46483935466b596c455430506d78394c687637626d72354e7249485835366e334a62724369433030664e7653365438786f396444593566493274774d61525877454676696b6278592b6670484d37716a584f6377685663677a6e49395931526b6f7a6e6351466e435638586539484f652b527a67525747637242704b5569386138347a4f625936716430373351786d73316855426b563352774462486f3172345a47617a714861515a6968734f6e4855436b7a50535369704a7442674e4c6e4979587035396c5972477963695245346a6e39315276614a6e5031787231627771566530307a3375527a334f664c32594f35303641566f564d32777566796d672b3167355667614453313137314c4b74775962306b336e51513335395861326b65656e734c5a315461346a58573533546e492f3250386a31567852496475314750664a43317650462f6e33374932524f4b3576684e2b7546642f45377571753962755a7753716b4e306533773171466a50684d74622f5454336c37626f687039656353785439785a48516d7664454855313647383663706b736e61366e5a315778493047644b635a305249735167634e4c2b5642326a62556b503749574f386d4f6139503966744776644b6e49337656786e72525a35757a5a3371357973613551664e6b31746e596c53784c45464668686c3972484d6c6c7a3246674e6969774e534a425a394c713277614c30696d466463394c62616541374261444f754830306c72796e306e396672735073366d77516741363348303949326d736d52716a65793975376b34372f4145364e724f466b724a4a4e4f6e6c4b5247315a5a45647873714e6665334e6547306b68784a46563866757071563968643536756245464d4f7a796768375343417779382f426a796a3247454650673668394972374b5734704565716f4e5230754a6243302f653950536f643637666f4d3966435474354b714f34357972786a3374354b312f4a764a71704f787235762f6b3279515745736d59776b6c796a7930497a374d374759385773594a5941447450304654374162426a315377535069376d6d43617a717a6930637a545a573769333353663857777135736e334c387066312b44365a316c555a66376e4c66315968382f456d5676485063717464344e504d3771573948386d6e574e5779534d6b7453355a707766426b6871785378644a614b4a725941624f316930554f46727555396c6c7033554b77506a506a496c483064355731736b2f55674d416a47645653426f41697166585576553667676f646c5555316c724d56516e52567435314b41545234707a474e6a63766879535839656248386d6d652f6a6e7232394c356565546d52575658345069644b78554966374f6e6b55514e443143314e2f49704e534f484a63302b58716d644f705a585141315546685439564d6a5a6a36426333577a7a35374235585431655777556552642f4b65736b44734d7a596b4c53784d6d517250586c706f73544a556b654c7646365379534d35444a35522b6c4850574e55535746665859787131784c33654241443276582f3779597674704a4b5958317a306763677a6351504e4a5756773162486e7537717253354b76746b6a366344776c35585052564d586239667966716d48317865637a55464b4c6e59585666537a63795639356f704a5543496133776b38754d6c586a584b2b58334d3457357265472b72764d354f384e6e424879336868694f36544666666d584371394a68466a575134634a4248655a4f624d486b4373346e714f757444655254584d42544775386b2f6c4e5a7343716369516c65344855517a6151576f2b4855326469382b764b2f77436a5844392b5352667147643872764a574f6e4c3865546b7036794350314c48496945454b356e51732b4f65696738576374696b6847494f6d4f7570726d61706b47306a776a633166626d35726f795a712b30797569637834466d79574c2b58466b78787a7a45526165413469796b4b63303337477777713537315839723449376b5a4457732b714f56784571763431574f59516a5a574479417842325366363644584d59656b593957706f4a70766e7a6c564c3770465a437950316b6e5a4c5a354b4d48725175496862695a44444a41477469542b556c39425939546d6853797545634a526a506a41497a4c435779386c6b376f785564794a463539666466662f414b386e4f6449317362523271324f302b5671484f563771617a6d704c617650697361386d487a3561316d724b75577462444b31656c586e5856755374444c4c6f37554153644f383938547a4c4d476f43304f6749306d70786f776b384678542f43434f50504646414f325a594b35306e507833687a3430613173693930546e6552492f4e30696a4d54784f72586b4a5a68794475643256656e526e757876645871534535307373516877356d4c7035694d505531394a4e464239616a566b595450354964543459712b4c73357742626d47776b4d764b6c306e65414e72346e436b753754756963735476596b4133725361587a6b6b6c38654b5a4643396b304b4458683053784550644b3942704a4a656d6c644a525a474f564f332b584c4d6a4f315853436c53316c4a55746a39454545477230736c66586c47456e6c51393057465a48736f7a69335149315863624a4531734a48676e7365393043545057616674776735576f52594c497a3756386f6a6e745363705a4f563950593262756e574a464573386332575773385864305439722f414c51676d614f5770767a343532476d6d4e33677a3438722f77434c482b6c7a6458425967774d6c466e386c62474f7858386872315649412b7a6867487078354b75664a4b3555563671694c79756f6245396d6436587777636a7149494a4d2b4733335936644a3662772f35534931452f5848774f633671456331524956384c73503668656f6653573131496470674e48514c6b72696361625868434255597a584f6969526e4778766b34474136562f7772444835632f317947475969544e394d43694670383849484567502b4672346c35556551466c54434a566b4e5266584a457255396232636a4637714843696f4b4c346f62472b52394858736d4c36675a614435724d5438506f71774566613047594b6a6b4230495531477a4d7657367562476d6d6f49786870355542786f6f64656f6d624b7261724b4e7a6b67417a76415a6a76474f425653574233466a58794e41494650486a6966444d4d694e66457138676959316f4d63545878516f72566738755a2b4b464e5273675854423955684a774e486c4e5552526e6236347154703662537a57344e6d3631724b3230474a494e516f2b704952674e32444c53744344477a7678535a783331436956765a6b5962584e6b442f6267486477672f794646576a506b6a63432f324e715a56543470596c7168316b6d6a6835362b5645667232466d47776f4c7174695962714f77724c47756c46434d4a6b5235415a56475552724b495038563874704f6370673873373536576b6e7253656d4a4263343954544f727a426f665878473975493373762b6556705878576259346f4a6f7830633641646e6953413133426f456a352b334b354f4154662f72702f4c31373673644a4c655a704a533662497037396e695350646d35534b7437717776526d5850546757367a77612b6f697643504735563169563355574a37445930685477395836394d6a5639586458512b534c4d704b4e4a4747352b575a3253526b7a5070475255583971694c79696a6c6d765a57393032594c53454372427a3763504a566c4f76564b70437069716a4e524f497138304550504d536f6352543051476b334164685742764d2f74796a58646477637232496b6a58636232565559726d454f643546586e3436756270724b3450786a6267702b744c2f41424d475637325a486b7149392f5a75516335593579663839534e52485556324e574b576b4a75616b757a36733246657976794945746954594453695873704d5a44594355653341335a6c655450324c59534847676f42376c344d5635386a4b526a444c4e7245447447764b7462576443496d366b437879524679414c736d7832454745493857724b78655731754f454a5278506f4b58546265455753636b61615961316243526f2b6f537a676632706a35424f714e44484b62634f6d464656695132387677583258745a67644657526b776b7736416d7a717636322b584478576e70632b3361735a56692b646f63423530475a666e7a62444f5a7146446f2f6a676d4b70616f312f7743476c72797069487562745332504730657571616147793131705a6c74315171784f3045736334646c4e615774305963544c6a6931477531746e5438644f797547366d527a546348745055546e78704c79785a585177575054394a5951657257665375342b386b356f64676c4e466d656f41317a652f324d38565a62385561727a393668504244775a6c494b2f36323750446d6e4c4a2b76715365564e594268547335645876324546586c6b537968496b574b57315a5742695379696b56747932455772684b6e6d7650475a747258536845644b7a7059364a766c336f4a524b747575645558345855616b6e78392f75624b6374324230346d61754857673838556a594b2b6a7a756b5a4156563249635a4b757350616461756d5a70773252463745536f396d313043334d376b546c5a537a334c5747774152395071656d305669414e3038706e6a6c6c515431566766476d6858785a626c2b6f37424653324d4b7133354b4755776c544d38783942315470444e6c533270796e5374546c467069676f4d6e6653364449564e4f2b446c4e624673734d505a794554477647656475746a506b62646433516e4f63786f2f4b796a744c36597a42366e50434e68597273355561307351444e323162576e2f65724d6c7248547a36574a36785837474c4c30304a63505277365158344d2b595156426c64414e4a523230476b4e50314b7850307163642b2b5958584c6d5463345a5646514e7347457478746f5149634e356c67377a5a5747313064644f614f5547504437735642716c746a455a374e4467687454546a32524f5979323170395736694f76696a774f377650546c2b4b584d627070633952336777615a7a386a77576a6b7a74524357734574683142714b4f43326e63565a493769396e4a2f77434c6d747a64304939503143494f68764f6f313969626131362b37327a713947536b7038622f4146766c56346350534c6133575a68302b6853522b4133734c4a744647476a45704b363344326d57666d726d4757514d76577171636a52483258547749566c6e736f3432364375504e6c69734a48392b6f3073734d4d6949313663627a2f336b51517a737a57732b4e6c7550444c595862333137487664492f415646576c622f4143477a744a52543456376b72357a4366613572597071654f4e4b3349324a784d4f787261387148595656634c552f2f784141384551414241774945417751494251514341674d41414141424141494442424546456945785156487742684d6959516379635947526f62484246434e43306645514653546843464957596a4e6a77762f6141416742417745425077454f767369534e537538313158346a5736644b733139316253364a4e31626b67354e75646c334f716a6963545a5355666875464a43356f756e787559624f57645a316e526355474c4b736c316b742f53354f714c6b6479683566304c624972644d6976594b4f6b2b4b77756946737a757575764d515174467042723130464a544e5a466e4452313975746c4a555841445350597535624c2b594e6c505175314e6c3341765a4e674230575856434e43506d6e32766f6d43367478575467466e56374c79526168356f6b6f7534685130546e32436f657a4c7631614b4c434d7536445774304f6c6c4c686a4b693262726c626f716f6f4a576a4a4664784a34385074375473715843535a767a76696d5958336333684e322f52534d3038497570384e44396374696e77385545375657756d78624645583143484938566c31745a4f756755447a566b46335769706f37334b77696942304b6a49617a4d5669744a4e5575794d32367571664436716c61624f4675764a557433794f646d325747314565725236335844726b73517843444c5a326f3638315331454c326e756c5455517a6d51635633584172464d5061343572574b6d696367434279436969736965534c4c62494e7345514c6f4245585757773151616d44524861797779414f646c5644545a47674b58354b4755366b614b72684d6b5a7937716b70386a624e30504c72356a37374d6a414f5a5972546837515646684c577674733768772b5954544c4534473932573132305058442b4650584f66486c5a756d31544b68684d652f585830565641576c485467677a58525a4c376f776a5a434d4a3058446974394c49413770735248425a4547386c42466d4b77756a4b59585a52717334757332746c444754704c59395748587a516e467564766c31775546546e56517764325278575553444b65757549565269546f354c526a54726d6e307a4a4b6a4c6c334631694c6f517a2f48466e3331333635667367577a52427833556f463757566772684138442f545739776e4e74756f39566b7530414a72476e645966514e6c31636f634f594272396c42466252616571736f4b59375856535639394131533642556349634f53714b53547538724f4b70716352747478565851427a772f4c645451585977796145486a3065745669454e33742b70554544496e574256573378727579436733346f3637726973334e4e6a43444145513639676d744e31676e68414365304779634c61494f5458335865414336644e644f6c344643647250564337316a6859374c754d35757736714b54764c2b536c697a61717370485a7232756d756133555861664d6164634c717670763139646461707a745663626f614b364f316b47633165357368775450476643566855494154624e557a626c616346527875664a3746567638416b6d484d4e464d6242535363454b78344f6970385a6377383143524e2b5a476465536a4c693362525646455a6d5776373157515645466e5064646f507455516a6c6875335971526d5536707237482b6d68514b6342664c646430692f577a5652512f384156553059594d796b66647964743456466151325167454938314a45346d3670596a61785434447954714d7631736e5959384c2b327957736f343534504533525966696d6677503354366f3935767150762b335631473937426b65504f33742b6f2b6e4a55464d477463597451713135645a3443757335736f545a31304e6645696e63304736716b396256475454496d6162715a326977716c733076344b6155764f5a71653844522b76765544346e487737724d5177636b32566f4f716d4637386b367261446c74637165614f5535482b4570736a36615145367276493335626355374c594163647576657161554d6b796350345654486b4c34755365334b696a714c4664375a75564e5a6c30437342757479674c4377564d4c366f4d50724b633247696f6161306178427a7730434d614869704f384c6941315954464d2f575853337554413478577664565663577a4163416d6b7534364b71776954764d344e3962366a6272726b6f6157574676692b4b6e7277396d556a5a5964494851487950583056484b5878373336396944586233767231772b4372716550506e35364b73684c48355666677374304736616f6c46416e645a754b6f5a426c335468665a534e7551314d395856544d75462b43596d307a62654657304e6c6954767a6c52596f3462706c5531777a57574b31594c636f516471757a6a63375873396975783371707a724f436872752b7530724632336264577364395577636b39674769646f69696f2b536f7053446c5444634a38527a4b456e494355786d6c3030617153484e6f46493073616561784f413537716b654d777a4b504458414c45634b6471516e78324b374e6a4b783534616664517768704e396576396f79444d5774544b6675355365415749502f55314e4146755359626f42535876716e6146626f425554644531545463316855776b5a6f646b3245454a6b4f747970504332364d596475564e5178755957755658515573557a41485a6a6658324b4f7874625a564d4176653342597068746e5a6d7244577561776e394a50302f6c535461327a61637575767171554f7a3243724861456c564d76654f30577961316f55624c627034736a476a486b30575a55547a75553132717254345632657151307569504856523141344a7277565731413243683139565069654736744b786241617a764338524544324c414831455867716d6b4468634b7363414c72456175374d6f564b2b7a63752f48374a7347636e4d6f77324d5835724634326d6e756f342f4a5a6c454862714d44696e5258434152495865716e6d5542766f735332315648556d4b555344676f70484e4b456f41736d687272453644797439775577315a6874536c70504f7842556c56693762334676675649617943504e5553486c5a756e7a30412b617038536a6636726265664e5976584431517059373241554c2f414d792f4472374b674e326171726979744e746c694d35306a4b312f536d7374346c7154716d4e5241344c4e716e44564169796a314b6f6f644658523346314e766f7159356f6d75386772706c514c5755546e7350674e6c486a4d3754596d367861736d6d6141387153584a6f452b637564717035737262447272364b473277564c4b63796d6e446f374b613174457a7a524759614c58696d4f413354356464466d2f7253676c517641466d374a357a6270394734757448715371616b64484547585472374261685133633156457a6d614e565455796356346e48565564426332636e7a467a7335564c75465938465056452b425761547943754e307833454b4d6d39676e61496c5852636935555474624a726c425353534c2b3343466e6d71674149754364794b5a66696d4e424771724b614a5070572b7371592b495a54716e744f33465537786535564a4348747571754174636e496b44644e5a59584b4130517a44645064346c64582f414b595852506c6434517158426f3476452f55724d414c71642b674a356a36717261536a65396b77764b377a5779372b33717152784f79714838314449516377574f7337374a5a335838714844794463724471676735534e465857637768534d634e30322f7658646d2f68516263614a755973304b617a52436c303831334c6963724e5668765a6c3538552b69696a5a4733497a514a783471366d694d6b525970335a6d69546d4648767173316c6e736e48696e7942547a61714a36725a376430647a7231383154535a6d2b414c756646634a336a486a5461544f4d764a596c684c6f2f474e5171476b4c6e57436d70585267794e325464645471716244496f7a366e76382b616b67447444736f61574e6c334d4376785252667a514b6272756f5a67513644697a3648586b6a664e596f6553386b362b355537754b6b655356336c6c694250647838726e3642595a7364555a724e44696f356752354b655270395243514f384474314c47472b714557746d69753047783632557248784f794f51384247714575627954616a587771537a5264535433546a59325448365754707746504d493532792f70392f384b65634132433738373354617a6d76784769714a4c425a37494f75717638412b426a764e5530786139426f6b626c565a5231444e4c4a6c4e4b547367397a5857666f516f334e634d796e7550565749516e76546d546f786c4b715a57757351626a343638314a47316a7263314c4e646c6b625752506d6e61747345787043727758525755622b38614863303578436b6565436a6d55736c3945554277557a66386474756169333156417870323472384f3036755834566f315662545864634b4d3564464c717036555378355a4e314a746f704a3275626b647238625848732f645a7961653547326e5071796e6358424e4a3357626d6e5457516d546e6a4b516f6747457374736f384d6e6c46324e30544d42643670634137682f4b6441356a38683358345359374e507752756756563245624f4b59375659624c594b476e2f414363386d2f4966666968453257417a7743346265392f64797431644e7254554e3139612f7743317575566c4b51646c624d6d6a5379446645655a56545175442f447a7631317955776132456c33453338757553686d44687276596466566433795757787570425a7149414b5a474c654c5a646c6578727132705a4c4a6f336a3538766474666a5a662b4555574730636c5a56432f646a6c7270727066346a3672306c535966433051784d7449344237484e324c547365594f34747774774f67394831442f634a52336672446672725834723067774d6f3477317535302b764a485642764659674153316734447a55624f53374b344c2b4a6c2f4d3059506e354b7659396c5957415a5757466a773236466b3342366d436c6650544f343667646364563261374d663348766a4a4c334f57787552666e356a322b355974674c61544d65387a416556683774543177545434416f79416242474b2f724b72674672585869626532742f6b71615335796a596464653153776f6a57796378517763315159555a337462734c68646e757a3862615a74513363324f2f7245654b3378415073566457523147646f6c475378476842386a7039654973647631656b436b7732726e5a4e46494846726374676478636e32366537392f52726e705a652b63335163506c3170703856365571624d65397a62752f6672364a6c4f644c71476b6465316c4b477a537563335868755473757a574264372b65654232564a52534f626f32354e683131394668485a4c4f4d315438396c695742773072797a6376476d6835383757323174765948327173777355394f537a526f47704f673333363971784f746f354c74686c447a3557493130346164424749376c4668616f6e586264544e75464d31704154323264763775765a77546352416d37743573452b4d413354616344696f326a394b77477469686e62333549626358742f4b37513971716e384932436d692f4b44726733314173527477333536652f54747436516e755a2b466f786131722b652b2b6d3137365831466c4c5553765a6c3465785964327078436e614778794566423331566232706c72495254314146787848332f41485562526d7346486f375466346636335644537566624d622b31646d36636d7348643841622f54396c67314e477a4d4a4f486c315a53593236496d4f316a3962612f78352b59306b394f464e4e574674644735676263446a59446d4f5a31767079314f70586137306e56754a794f696a63575148544b4f49387a7672793238754a374b546c732b5544645070334e56726e79554a4c446c4b45743941704a5132374c624955457041766f7363673774774b7747714d724d6a7547337354477176714751744263644c325642696a5a3533527434626664434d4864557442493655676733574c34555958474d47396c4e545344665a55314c34623256424935747752736f475a6a6e647279754272353877517451334b4632526b624454766b6d307476666c7675753358704c6d717a334643537949472f496b6a5938774f49574a2b6b504761324875705a6941503841725a767879322b47336c6448776b4b4e76414c436135304d7a587346314351574235302b765851556b66507272364c7563775664444977356d62635653304c65344652784f36677465316c6a464c4c4f48736b626c74714f75766b734a7070497647525a553954336a6379375579754c6d744f32717758464730386d642f716e356463666c357735484e7a413342574458644f54352f525931684448786d63366a3244376648324b716f35484d79746235714a6b656c7a592f524e7736327246674746756d4452772b6d7171734c6246455863417531666152786c64537464345276356b4835676350616765434e526c6661323666474d32716a44512b3677444447686a4a34794365506c35664471795a495366436465677052784b7048584f697864316e4849734d6e765357495544794a4c4e574f307247775a70427037654f765036622f425259746c7248526b2b42564e4d794942312f43666b66392f5a593769624a6e4272546f4c39664a5354425956326c6d7047475031687731745a646b717957614c765a4e43536575763257485047544c763064643169324752397a746232727444534e6a2f79492f5a2f745545726d4d74666672565964327170346250657a7857767a302f6d2b6e49655378373068557a715a7744774c62632f687638414646786336366a5041384536567a6e634c42485135536f39314269623463776964756d56302b624e6e4b77487456336845552f7248697159676242596d32376272415779506879657a5872723755754450664d3033384a333874565555734477595a4f56764b3344726d75316d447568725835426f5653767059346d787962364c48597374624d7a2f77426e66564f504e446b757a2b4d2f684a5046366836362f77424259623268696b697a776d34504a566d4b4f646f522b797867736c62335444703954722f7053794270444657566a703368334468666c7739367147734c64654364493759624c44634a71335247715977393336742b5a33747071626145327677767545534e676f336b6578594a686634735a79624e4372657a426959584e64646671733551746335336847716a4e68637173626d626c5747315259384e7a614a31666c7347433765664c2b666c78564432692f465345333933577678574e55726e2f70736a68546978307a786c614266344a3153366f655a7050574a4e30576345315a7272437364665158444e6964763256543273714b6b3348684858587955574976447331376c44463550656d7836417157504d79795a48336a73712f774350485a756b72734d6c6a7132585a336874376372622f6237617230362b677a384138346e67344c6f39544933636a6958442f774265662f5832587977536b4779374f596c334653322f7175332b78363458546e4f4231574e34642b476e79733954634b676b63795a72764e4f614665386a56554f733448725a646e4a484f68633132332b7971576d6a61413444556d7978554476326a685966514c3074547662687257744e727548304b67635332364c526c75724b49614a7831636e74414e6c6c4776732b794e4f78726930424f614c674c737467744c445273624847426e614c2b656e483472743368564e53317638416a73446238765950677638416a61382f327952762f7742762f7743576673735a37515668714a47462f45387236486e7576543967464853767071756e6a44587a427866626951476132324735324774395668634458564c4933624677487a55385962367146504849667a47673235686471714b4b4b487649323250384c2f2f454144555241414545415149454251494641775144414141414141454141674d52424249684253497851524154555748774d6e455549434f5230544f4273564c42346645565171482f326741494151494241543842704430564c7930472b4e654649727a452b5941576f38797a5255636f636d506134573146714c56705161725671316669422b636c5354305678484e4e30314753512f30796d7a7563366956426a6b6c435230664c3355475933703251665952506866695234366641654e65452b55316773724b343442394b666e7563375a5336765252357a6f4c30726837504f2f554971765241554e6c6b7a68724c4b5a4e767a476c426d615456374b4b62312f4966456f42563431345450716c784c494b655335774334586a74624871413355686147387979716f44545672477a6d4d41595270436134486f73316b757639552f33552b5553774d3945586a2f31584463307446486f6f6e676a776566432f7741675772386e455a53305836374c4c794335786373584873655937594c38635952706a556561377a515a537332572b627438366576742f43644d61304c6873376d3243704f4b754c4f314b574b42374c61656233372f414c6650565259565075546f6d775068647a39466835504c75727466645546702f4b5041477a30557367614678484b4856535939445737396b356849526233556b6f447551556e34377451487170636252315542506d4430524f6878436777424a48627a756d7a7562443136476c67756c31365a4471616737795a61374c484c7656666441716b5555435555302b48454d357a4e6d702b612f7145796e47354f675537793836334b4e314a37646c486868764e647145416c5a4d684250645235446465702f5a5453367a665972447a4b5a706361435a4e7a477534374c686b59634453795138624f5844624c515653727634652f6866674b395536514c6a4973366e4950704e6b4a473639696e4d725a4e694a4b386a7376492f306f34376e645532467a4459547054394c776e77615144324b6a6b4c64677357626259306e616e446336763872687554547443434b2b3368572f6853303271306a6463566e356b624955664b306f673953464f375378593061637748716f34317043386745627158683758446f70476d4c6c66394b7942704e4b484e4d54756d337039316a79515466514e2f76757048795279326571676c4432325079556755314676717332576c6b504a4f6c514d416261696f39564f6443356e6d796f7057425a45336f6f35555a6d706d594b744d79516e65584a73737a6878616451364b5045486b394f716b30504f7476372f506e757332596b74456e56634935443561706155397136624a72557858537a326b696774484e5a514637714b5066646351635337536f32614737714f4a37766f4379524b7a362b6961624f796b3142747443697172376f594433643033456b6a4871704743526930505a71396b317a7452705a5443397066652f7a355377352f706b395647362f4574726455674551705266565a5a72594a77485251767339464c4c62724b346547575850556b7274494d5a7235382f6c5a2b567062514667715166715742536a67446d6b68655a3566516271444c446d576653762b555a576e703052684f7177736870456f3978537a49773139414976625648625a59547a70306a7373444b4432436b3546367355695661396c57314c4f5a5471516457355136456852734e71505a475234556d5334485535477233574962597038514c796e4c4768372b4847396e4d635064503144367571444270745434766c55384c6737716b70464f393161374c536d4972696b463879656132554d6e4c53617762707a4375696538416270704770596b6749557a646c2b4c4257506b2b4847476169306664545332304c5364494c6b2b5858454c584457454f526b4a366f76395535397262777055754b533736516e4f33554d653679476c706f7072715572314b4e52434535413336706d5a704e68515a4d37327573556d41744b7870615547554b705a70357666352f4345646a574737724c30686d36786d6b6b4270574c426f366f6e5675696e536569437441393062584559393754326571784f713468475452384a44736d524175734a3761333772796e61715749344e5a54697549593431327851626e5a526a645a4c624e6c656470704f63586d6c77743547527054373770386c4c6137556851566546724a6931425a4c4b36724447366e69446d6c7144675175796932667a445a4d695941484e4f793075322f774345474751374c506849707366526350782f5642366448795575496d6e554f7978354c507573474161692f757064757664453173764d485549765150354a335532316d54323559636d394a696c4e504939305559743755556a6d6850796e6c593872696431566f4d4452736f4939546c4c66565a4549306155324a7765464273624b64763054334737384375336a7158454a4e71546d36696f6143626b4e41356b6367534f4c6834754369694264756f6f476a6f71705a57515774734a6a5131756b64464e30524175696d5144366b7a59624974374b51627078726462645672485a46366335616c6d437769774532705a477352796e505073735731614138446178356e494f6364316c74354e3045386255733255746653783541344a6f436337756e7552636e472b6e524d566f6c5773334c5a457a6e552f45487632627345593636714b50716f52736d7354685852443157365933315157513355326775474f30616853666c69746c784447766e74514d6330677436714b63587355666446796535617233576f4247644f6d44573669615754787671324839304c655358645532507367774b496158417150596c6e6f6e464f62756968476f68515632696f5737762f73706d39334b2b576b4969776b745570337631574a6e4d6654584c4f6e4c525955636d6f30394541485368754e30574371584649584e334a734a76716f4f57695552364b365471374b526844672f2f55674165694c4e6b516d4e5141564c536f41504d642f5a536a644e594c306854345a2f756f735533547770636374352b796a6358446d5163356a2b62714648473255616d374b305173694c5543436f5432545930492f56474e427159335847576a716f476d74316f74655774464a6a624b446578576c514439556a3255385949584d4f696a4c65364c6d6853527463326d39464d317a58554644763158445a4235594c664142453270735479332f645278305045424d6470656a374a7262545749782b6944664174555a2f574b6b364c4a6233546e3757314f6b63547430554d326a59724a627673566a5262374b4b4d526a6c515665476247435155476f4d765972792f427a553763576d536a75686c6532793141376f5374506441716c6a69334f5477706d3245334735696f594773326476617a3467306833717358484c7a51574e7739724e79695661425157594f5252796431713258645861666179637a793236653650456e797645624f36344e3572747a30364837726945706a4334633479626c616b34374c44376b2b716b6b3255683255646164305a5775634156785677416274617841473952315458576a34412b475179324651794b4e2b316861303534417466694f5a5a755564525a38394579426f614e742f6e7a717547506c5977366c78545357307548323055417459374b56316378555453316743457256747666524f6c7262716f356952614474316a7463527a436767723852345a574c7932774b4939467164536b42477a75716c77524e75447573664459582b5a642f41566734467963365a477870325473614e33554a754e704f707175316c763564505a547a5673315167326e5050646162334363317365352b66384153784d78757872717237654d457a5a42714372386e457361763147703070716c45317a7a3671544763316f6365366c6c507170736c7257413373754835766d4e31706b6a5430556b6d394a77425537374e576a526461673575696242704772756d347758466d30572b36784d45766435665a7169634f69727778636f77796579686e61397573496c4f54584b5667634e4a5762692b576143345750714957626a756b5a79715778594b7a33615967505a634f796e73506c455573655a6e5547303537756f54636b32732f4a6179795648677a4f6272372b2b337a352f66436a45503139536d755752784151794e6a6330383541762f77434c4e7779392b703575757944513254546458382b667367796b317750512b456b5a616158433336656e524f52364b4937716c6c7761742b3678593941547a3672503465482f414b6a527a66355765796870647551736c2b77374c4234672f7741336e332b64567772494c7630337249336461694d5458434e3474322f7a372b366e6b62457776636738794739392f56545a3055483959305073562f35364357514d6134616666344539396267577454444c7a48645463515a75774c47645471374971567271424b777a325243632f5a61694f696a646262547453614e5052485a5275374c696548356a62623155754a622f414c4b4c484862594c416b63302b596576663258554679783466706b72346667576642452b4f70656e774c4e7958686d69506f4e7258344179526b376b312f4b456a53614b34566e76676466314e366b6650384170594c7678683837736f63566a4e6d4a37645474545376756e30622b6673736662596f6f7374506870524f526b41574d3876627a43696e4d545151555459325758687830704d7872486150384c687367633036536e3856766b426f726863484a714f366c6a314e306e5a5274624f2f793344594c6930706a65417a305752776a7a70504d6a366c535937385a316a3654382b667775425a2f6c547459507064742f422b392f4f6941556a644a744e666264534479734d375838374a76565348644f4b6a364c4d484c38396c4562414a542f5653374a32796d6d642b4a637a74512f77422f345530625339746859556a67317a776477734e6f6534612b36593268515532564a4c6b6b504e365862667356774c2f5948352b7934323042396a3055554c644b346977655558643931677868325178727568492f7967553858736e37445a662f784142434541414241675543424149484267594241774d464141414241674d41424245534951557845794a425557467842685179516f475238434e536f6248423052556b4d324a7938654551466b4d4852464d6d63344b69732f2f61414167424151414750774b6f6362685a556e414e4230724372714e562f434d6e473150684761452b4d55354b554e4b2b635653555865646166565977344e732b6345455a696969516e7745427071355a7961442b335037776f47694539536475385a74726743707835776771516c745a414e44546c2b7377687a6d5451564f656e534167715154576c3230494963764f34784233497079394b51516c613031703738476c6f36786744695842496861674255636f72314d45305550752b4f615a2b63494c5a53726e74463354502b6f536f464978316a6b74762f474b5570314a4133697075705876427274583678464b72424978417266642b554371695049312b756b416a4f4b633336776f746c56613037776c53654756594b6c4b5257314f545768783072447a7268524a71566569344f574a576f6b63323942754275426e455455746f4d38334f4c39593958552b383043665a714c4d5671456e4a5161594e514c5445744a7a726a6b314d4f4939755849576c776f337542723078304777454f734f2b6a3559616f5563617545717230472f667033695a64443753644c4b68596b562b7a53635a36302b5a685a654b47334b6c533133456d2f7344424e777067696b4334665a312f654e2b534b353731474d776a657a4a7832674559567435694341553245676555637a71416e70564d4b337a6b564666722f6363694f474b3752572b6e7732386f464f6e654b72497432676c4e515072396f556b714a4e666c3577455a56317843556f554641307a30412b6a46794775437a64524c6a6841753368667273394b7932614a615663464f4b4e426a363751334c72302f694f733563536b387a514a7a5650542f5554426d575a4357765a75625143537a4b454656554b536d704b69464a56375179545147452b6b656f4d53476a36657932516c7468774b346f71637545437461316f4b2f4f7453306a5432323272516b495a7470596e6f4c65676a564874516c69684843576c316c7732496d556c42464c7a53677a63534b4541474a742f575a372b44366478336545377a634a535153536c436a67306f716f7255557a6e454b6e744d315756313652546b754d376764796a74354578564e4d5230536e744457536e706a704655677052734d786c57666a6d4b58454b725131334d5979423430724133725835514351612b42336738314b5a6741594d48633951594b612f7643564b454b6f614b32506c322b764745796c7a62726152784c2f61747a31384e6f636d5a6f426b456d59415543456353363668416f50436d4e342f37316d586d70765831635271666551432b36776549614d70536d71686930303370516e41464547633066555758755a4162656251564b48616956474e4f30356e515553544d77346247622b4734397a55444b4f616856745258515532705154586f64706154364f4e7943314e4b62632b31586463724a634972656f6b5a705162424b51494b64506d394d6d4a6f4a516674336c4b41523430514f627750626665502f72585746534d67386a686f6e464d70635a617163684b665a4652614c53616e746b313072304e5a30354f6e4e6843473247314e374a46554a39387171436e736b6769746170697a316c4532326c7667725a654e4451414a703871664f6e53476a4a3750494b7731375671716e6c714e397131377752533159483371483934555252644b6e347761525768546e475079696f49436834526e474e6f53676e6c6969472f6a32685352572b757868627a7163562b4544324574694f486172783849324b696e663841346a67537a5a646e45744b634a56734142742f64327a534a597461684a534354656c56463767394344756358622f646961643162556e6447304d4c764336587554744165567046774a366771776c504e5658513669336f6d6d79666f3370536c5a7551567a4336414a71745a78642f2b7462735a684c32727a64536e4b5059536b476e5572494879326a6961677463354a6c53625a695953457055623846504a553532582b6e7461744f7350724b424d4f5771424777576146492b55616e4a73546974516e5730584c72637668654e65315364753569616d32577447316553535542354d31514a567a4a415371354a4761376b655a54516d477a4c792b6c366436545330332f4c797130464333455859436546596a336a58464f7167427a5249703168434653546153306d594b5649422f754b546b56776f673758487448384e6d356558646b6d654c77586d31424c626a64746169757872586b337233714441617155506b316f61592b71786356446570784172387263516b2f5a676e355146374a36304d453141387a4255766d52583275304a517043696e5054386f632b387170794f7347793859714d62516131523138592f707162556e415033712b5565796f56366e7248416164556d754b4250746e6639426d42712f70493446616930346a67536f657462664f77776468637266774f4457486e5a6a687372786142617049464d4a35747162552f314464644e5471626770784263416e3276764a327a44657065694d71316f4f6f69565a58785733796c446979324355304f484b56413336446546545573777a4a6c4e794a75585a41745455626e464455443268533749367774425770616c65396d35586e74557778704575755a66564d4955586b4b54636a6233682b7361704b616c494956706a6f4d75374a4f7432494c4761323171563231726a4947414d77384e4764556954426f685356714371646c5632554e6a2b75353072574a7961536c35442f436557486770567036696c78726b414a78447248704471637272506f3671582f6c334b4a77344655714b65462b59666d5a564165614a3565486c56752b5276694858573232307445346f634a2f78363939347632473264346f55302b45584a4e5664746f55615552307a7447552f6a6b782f547054664d436962584f704d6638416a6f4d66387837522b486c2f78426d64555336354a744a346e44525542666d64346d394f6c66524e375139516275536862427064537539664c7a7a426d39545532644a6c47654936335a5a78514345684b64366c5a4b63314876522f454758784c4d6f635459304f573067316f423933464d7836346c685472796c633754672b5858726a47384d71644b66566b4369755370556e4949466644486a44326d573675314b464153684c54796547326e2f3756756366376773384942526f654b44616f696c5143504d77684a4c7375356430376652326957316e556457652b79396849546148545832616e62497a2b6b4f4853707a31356767635356356d33326a7543325468667835664b46764d79444c3932516c6457334c656847313362754b48614e5a6b4a7155316d5951715673444b456a7669304651534f6270586d7a556435783635546469473163466f63374a5732506470625562622b3730675054636f454f744141756d35563655466534383164756f685a46566c77335a4f322f536c6137774663345431543367713377496f566c413630676c514f394447564652794241554f55316f727738764744616e357755454253713777577a5155333576446550736b6f4e776f52584b68585078322b6857454b6c3579584461787a4b75356b35396b3738336c57426f326e6f513178466835774b486879697659425858373230463271567078557041375178756c4b6b30752b50623467646f59346a46613570543859516779614176792b7530555133772b6f49454b395863556c57425570484c3552774f4b4674563363627673485948746e624566784a4333454c61414a345a7a3530366a363268357079546363533353397443456c5461526e4150782b4a36566a533370565071535a7a37517134515365495547326c7564716971614146512b38594d6870657579386d34326a69726265547856312b366d6967616d6d39442b4d54557671553170757579705145325330795733322b2b53657971684a6f504f6f704e4e796c665555757170796c46416641396467664c7a687456415476746a79674e6970722b4541676866587a454b537537774e497861716833454a386f76446c6474756b486c72555a787643456859516b622b634f53696c4d6c745365477233627574666a574177774a52365a75764c6a6d564b4f5064366637686c4458496c5a723278346e776a3164443774717861526a656d39666a385961597774787437786f6f6656595a464b43775667635246523555673257323745786368744354356668464f4333587868546644543873773972766f7558477744654732376b57713770492f4b4a422f547058687a46796d337052744e6859653672516472445547326d4b59784469356e556c476141527736744654696b3478596b594971717454324e59496b4e62314c544266764c7548684c3566617073647a6e7a686d646e524b53387a5149667947364c4f3374484f78677055696e6e43526b4b4f5068424875694d47717135783168646f706e744661596a6449386166434e2b4c6276552f6a48464352536c6f706d745944716c4a5753716c336a334546424a5550487443536a3754374f306e595a4837434735524e377274796c44475050386679674f594a557139536c627851764d376256324d4732616c6e462f774271746f74424a4f304a57737156336973314d6f61786b516873366d53766f417976396f4e48376d464e354b6b3470453936532b697132556f764530344f4c614b6a336a387a2f774151334d7a4d2b354e547a494c595555307058414b54313372583478706e70564d54557250614a4d544b3050797259755649717539386263776f66694d646e554b6d6c536d6c4c4b464a35765a56583256563766586a702f416d7a4d536a694c526a614855584144632f4b434b5636525567557057366b4b4154796a61482f732b486433485465466d74464165634b75776d6c51664345557655713855703965455443464b5455724a78466a7179484e79526d6e3169466f516d30336e4f396f4d5465734c6f7533374d564752396670446230334f503656703961747367554b30352b50574679307a72547262715659543631646e78427233676342394d77346d336d42467952767349704c4b57343265616e33664151556f75634857754b525a4f6a417855347839665857476e763459744c4a7170436e4f54696a7747357a3451362b6a5252503657306e697a54736d3848797732657267484d6b44755251444d4c666c72444b75497a6164343154535a356e6a5854426544314b4570574b6a4a424a366a2f554f5363674a4f576b744f53354d75446a6b4b6d45305668774b3348496b39615a6a537851384674314c6d584d6c66496562777269766c476c613631575866614976776148464434377768536e4170567846497253337a684136562b7352625542585445594e2b635a676a6d55727768536a5270766265734a445958776c5a3576773866724554633452524e6558745872484874346c43656d494476455543647650364a69546f4c6b7142644938546d46536d69744b524965793473444b7359454d545838586b3579566d45747563435a6255776c4a4b655a5042436b6c4e43634b7943506a476e50656a302b7361716c467a6e434a34616966756b342f3145764f6b754b62586d30696e4450555137396e5938556370687939304c6c7935304e4b6a3934594567784e36592f38415a38632b7446504574393637336765714f347834614a4b4a6c706d51314355356b36696a6c6d58695671557661744264314b6a3562517476545a3261656b312b343554426a30643164535672517470545a4f502f41427556482f3841543849666e57745755695a5a63516c4c42526c2f6d32396e7372622f41434d4b66615336352f50463771346842397742466f726d3459695a30787066486d57464b5362364a6f4d654659314e795a3462466a59556c464e2f4b73567555552b50534b344b2f4847506f52676b70366a70427251703747436971536f51584f527739612f586c43514c456258684f36664347775146373175697846726749757570764454514b69533576324561585246517558624f5072796a4d7530565537557248434379794f30586c425463726d7536552f57475a4e704b456f5279676231454d696c6f74454f4a6d5a564c6c6367787845736f5731746b5a4d4a7447514b523478364e4c634b2b454848556d694c6a6b745a48536f414d534f6f36625a4f4d71536c5358304b757655504c337339523770486b75596d47717a61417461624b5a4951534f5537352f412b554e73754c646c3253536e43727271392b3536316839772f664b4462675731332b7534676b71536d6e686d4c56384e4b4b344a6938717a576e534c765a53423750614b33583135615632685661416670395567336d7739547561444d5651357a30726d47467a4461463238766571646f555a5261567345387564343072697276576c4b6b664b73572f454874395a68776d6e73314750793859485555412b454a494e3651633971776c74446d324b512b746f4253776d744f384f4a5654696437595341366c53342f615052573574683847596375433031774c542b5a543834316556524f7a69394a4b55754f4e716353554b644251614a464f3532492b346138734d36656e6974537a5451515155374e6b4162396357527144545a704c533077734948565361784b634662526f6978597076336f4f3245776c732f3036374476436c564f4943302b315537517632534571747035666c33685a4b714b32697041556b6d67384974627456304947337836517478534d6e486c42634656714f5665454a764b68546277683167717277706c536156334641663169355151713333616531426f71343037554d53736b6a4b53727257672f3532686b4e365a505454696a5266444b614e6764546d475832314f4e6f7534686243686366375931787a5674496b394659344b684c4b4535786c334566346a614a71546655554c51766c4a376563496157704e52516634776a72306a3047306d724a74626d7068367070797173536b6e34705643704a756544656e715652784e50624631666c6748702b734e496c454f7256784b332f647a316962664d7661347478594b676b2f6844667171564e72743971374b71354e6530554a7472336730567a4435516d37417952336843614675754f3144534b4a4471566a4e49504556654d6a374f754d5936654f3056554c4431703966565946416246664e4d506f6d4548686b594e6662376976547042565167484b523269613064323279616171697033576e743843666c4346387a6956486f6d6b4c53326c5a2f74706c554f546a69306c374e4258624d4b5771304a54516b713652786d39546c4b493971726f41536e364d4a6b3366537a5131764a47663568412b554e36704a613570715a396175564d75384646785238423531695532577355757044614b705679394f6b48546d557176302f54356558657239346c547550436a7949662b7a76645475423237784b54776d466d5965612b312f7358512f6a6e396f6c7454536c426d6d584f474431556d4c6c4b51556e75594e6c58427458656b48694a6354543776574343457367485031385973396c4970554137526356717542326f4e764f48585367314a54634454507a386f4a4e414474574b4f4a424f2f6c4872445449584d6b637461386e7769712f6137787032717974654e4c764a64483931447444457930512b3274416353667644704663307a537653464930585858744459536b323270425371746661725747462b6e456c726b792b427733454d4f74464b2b576c794d63707637596954416d746153304f474a687178306877385077546e6e37474a5754394776522f53744d6c55507063442b7045756c6445573238506d557347346d6874484b49666d456836626e6e554a535858414b32436e75394b2f744377363273574c4b6436566965316d666d476d5a43575a564d4f727a797043616e3959316a306c6d366879636d6e4a6851374a4a396e344445544b33333053366933396d6c51467a683630384e2f2b61524f79743444414e5555586e6f51495a5a63622f6c3069704256676b2b45464954514a35556a77676c4b625464765742665956413356473959715778516e714946476e456936307078792f4c7a455a51347639507245554b783551484676564138447a5a6833694e754b786b396f5543704c4b64786e772f434c5846747170393037786950527478484f505645494b7578534b474154556f4d4730317a79787770396871597a37564d7067757034365370646556564363375170396d5753687a2f35647a382b6b4b63586b3965385870705531723477372f77436e576b4f3853626455687a556c412f3030696844666d5341543465634a514b5845306871594b31424b64753445504a5757372b4630335474336871554b4172683146635a2b586d59557059516b6b2b7874574c36717058465031696c6c67376e4e5439556756434666343949426343616e4f4431386f557570397247596f616b6454314d483770386137642b2f584d4b63625574326f7255396f61625a5853706f722f66617347346b776c746c747835616a616c4b52556b396f303753706f6f636d6d62754a5a736c536c6c564b2f4543464b63376239344233412f47436a6d5144446170683341376a326f746161516170393062774f476e6c2b635472387145714b55452b46664b4a69646e48334a6d616457584848466d716c4b4f5359465061684b5732325549392f47562b4e54487134615336315a615352766a455869745559327749716d74674e7163554a2b4d45374b464345644e6f51684b4c6b716f44346d454e6c3130576d6835756b56504546546234514f6451586a6e48654b4b577048667439625146594b6954587769347175647a544e506e464c6c585633724145744c4c556e3732772b6353326f546a535a70786843332b5a4f47375235666a444c7a6f717078536e4666354b56583959464d5255594a7a5461504775384b73635573516c4c5a6363545375492b3242614233494f54385931703574424476416355684b553962544644672f77445359656d48464d4d745a4a4168495a62574761335845644942754b6e566468307034787948326b32354738433843703648336f53525a73504b763157476c6b3831744b6d4c37392f6148654e34414a714974687045704c4f4c6357616451416672367a4463317171565455787677646b4a674d4a5a4448514144614a6d585659692b5565627a5437687075514f6e6e476e5049534568545362516436513456574834627858437643454c54383443674147696e65734e5831556b62646672654b7043712b5547554133476362784a7a65684d4d2b7661613435497a4a5770584f33514b617069314e4b6b642b614b36704a324a72516c43726f52702f425252547153622f643269586d5a7631465a6361354231556162666841644c62696d633271744e423859635333654b6a327a755434666e7641516878415033556e43746f533474494c774f6644345261414572417141466563556a4e4243475a64446a72704e41453572435a6a5758465377714347555a56337a44496c30426c73636f5258496a6d397277676262316a54357473725277314370433754537565616d4d457871576a436957355762636262356965573671636d6e7571476151744b75335935676a664d45567166724541554d576a6d38497163597a466c6471684d656d456e776b6f52644c5448736d75626876582b30772b6d7858336167622f56596d70645a53704b484c6a6a704469335057706d616171472b59344554326a7a31474a795856614c767a6a69385758665956566632667569762b6f3957535056367471495566657a54364d4d7a44553468354476687439566772343178435643747772536e3747485853334b6d61536c4b71486d57355837754d55784843577930314f62576c504f52352f434a4a4c3070494e4f5453457a444b416f4b576848636e70762b4546616b584878365252524354346a63774d594969744352333849415673536152702b7668317832543146674a5774512f38416349356158456b6e43664b4c55592b634b35647573484133327242415057445158413934346d516f2f56597261652b6434394a304b5332715945764c6d3457317065356a7630687862625255646c6545427861564a446a597a6b567a444b772f77324b6934483251496c4e5330445530757a69795136326b4558522f32735a6f4a6e706a49572f53786c73644b2b4d53622b6c61586f7a7336302b6b435972526145724e4b45647139593162305431742b5259314f5353313973774b58754b525866746d4a69556d6c454c624e696d7766434a7a555055554d4f46524d7536745a536f56393335514e636f4e57536d376a7074567730354b516c53687373355077686e317561314751576c616e4553376d654732637077546b484f336e4341527731562b73776969545165486841396f664346654278416f6c6578502b55616c7053612b744e6c4c794156746f433973456b4652726273506d4952636b314b6476434c5537655053425242562f6a3067637131434b306f61594a69697366434f756576654e625a76554f4a4a744c70634d3836756e786835716d61597845776a2b6e4d4e31494f355366326862457730766c4a54555a42684b47475671567654614563514f4d50746e486845704c4c34446b394c6a6b425544784d39713778712b6f613635706b684e4f7075557669473876553553416575305047596e585a70332f35436b69374561644c705379624855324e3256543047523169623036646b644a44346d50584c6e46495170786c53467034614f4b505a387472546d4a583136646b706f6f4b704a5462714f453038674a7454525650744643715539396f66616f6f49754671534b516b5670306967504e537345693165494f4648703859626534366d4b38716c58704750457142706d486d55726255454b6f6d31565142754d2b524546516f6e39495679307274424e7142347853764c3038594861435247736776704139575a536c484548393375376d46326e704579477768745246436139596351716967616b56393247314642556a596e74436e6d4731635643654971703970503157457653387663514b674547697a34784a4a6d5a684b586c486d434b387045536b764a4e4d7361724c44696f492f38696576786845793565554e75423041473156417276337876446d7279557250615a776e784d6d344a584d7a637135625555567a4b70634533436f4a7536306a555a655131505842704d2b326a56695830495a4a5546313541647273473467484e496c4a307969574156756f39752b3631644b452b4866714b526757307a74463266306741696e62454138314954584375684553553670664563576d78565845714e5234436e654c5846576e65677a62463763732b36774d45684f3377684c71626b70497a5846504f50744832456e596377684f4258764759394a58535674746878445a4845547a3867795530722b5036783167557144746947355a64355a57734e465a72636648385078687a5135687a67385a314472626749566668574d6a7a6a545833464d686863715755704f78743666473738346d5733454f43547347505a337a5878334f3065734b56634f564b5152743956684c38737131786d6777646f6c486b326a4a53762f554e54477071314175726b765648556878594170663977584b72376f714d6b356a51474f4d755a536843394f34377a704473793048623072513530743469545944564e7046596c465430346c325565564d4b61545945454b436b4a4b6942743377615a674b3639594174422f57454a7765744f384b2f707048357852716856443872666538704e5563394b65495635524a61567071797748315935385a372f6c436e333568537052745370655a5a654e567063706b646a377072347734703630734556624a372f5649346938574334644b626434726b675159316166576c5951394f75576b42467070676633664f46564941455853716d706965585641543161483371666c456f76316a543952314d504f4b646162567a7041585249495067426e784d6166706d724d4b533577675a56536b6b456e4e616634346a51395064302b593170626a78537768432b6661704950796a543247305079434f4755426c78664543636b387968452f4a4f4c713079756c52317858386a45306868615657677055452f4839596d4a4630335738777032702f714a655a6239556d4674766c745166624b3064306c616577554b347a57457654457449534d377074717877686236327951454a627348765675427142764770757a6379307559556c4c6f5130584b747141356b71624e4b445941396b664d425a35757356536f6550654d304970676b56704662314566724377515663682b6444443067616c70467a647842504453655375664252455363302f7055387254307a4e634e48694c534d4a49417a373132426e78785236576d4a5a3168446a76457563526c426f42767430685571695956565a6f462f416d734a6c77316c4c587870792f6c57466b436f363469626d6e6e4c516875367654614e4a6266576b754f7365736d73716c73334f47707151545834352f49435653386563584f57673762557238766e44636c36354d684e485841344d6a42366e702f78412f6848453434614e716b4e3056654d416e7639654d61624d4d4b516b4d3667684b775670717242396c757431425135396e4866454e616c7237356c755257774b2b476a636a47323154556449636b64446d47483535484d68624f3176636e624861702f57464b346857394d6a6d5631436151474b71563736783248352b4d4f70624a4c53564b515372645142697870384e63553268562f736e634b2f4b4a3953566f4b6e47464e337265356953514530563342742b55616b7739774a71784a5a4d79346a37526f49565538677263726d3871556a52334e505952507a6c69584c6b6968586a4f5039625277314b73494e442b306234326f4957684b7776342b4554446b684d7948723170553230367632674b39667265486e5a7a574750347970696a73756b5975754271566464756d2f777a78745263754b6d7974434f6f4e6141673177614466784f3042436133354f44534671646b323371394d6f2f4b47353353334f4c4c6d6f656165396f4a7075676a78436365666c4272554733336a434a4233697453696a2f4e75705a57346c695841717461676a6f425748787038764a794c4c69696f43585355705634684a794b784d556d486a4c584a71684c6c452f476b49577556666c336d37364b446e68542f6e353934745a5355707a7455332f57496c2f58704a39706d355573336e2b6b6145674b3745372f414c784e4d73507a4575786370743368564a6353652f576e68444352374c76325a69586b355a467753427431383451323339724e45436f4a7966684574716a61573755665a4f464b617136627779383237396f6b673870695263306835706133436c6473774157785135346c33534e56516837547035703849704d4f6f7061734a7471687355485250584e42334d54656e726534307530704a61714d704272697677686a306b3035466c584c5a6c4b64716e3376332b454b2b3049644a3354304831574e486d5848564a6c567a7955506b707877796c56636454312b45656b6b6a4c4b6573612f6f477674743074567430753863334348454e7a4c79505a5476646a794f3861534a47666c5a2b574c483254716666534d665042783451334e4c53456b3551727738524669464d4a6d4b657949533246416672446272617747796576516d46533875716b32612b734f737a446a54737369764d7774466246705867312f33416c32796f4a46546a4f4976644b55494b5371356445685033736e6f4d52774a4a31596c554b46466a4678376a71495130374d71444946516c735744362f614a6e6e707776744731557155727a5438712f4342715576524d30386e6b46665a50374461475a7443564f4c7578346d765478687054457557334b624c504f504f45507a436e46506b513430343365326f57552b384964557a5653555676413977647834524c7938776872375339637547323068564f70557633686a38344435555361317a314f3861644d4d767554546a694f464d6847795476576e312b4d44516e5a746c535a6969734c6f6f675a77652b3054656c4c556f732f7742575763754832724a7254384232334553444b6e435745334b776356783038503168546b374c704d75386e677265414e7a497258596270327231786a73576c793879772f4c6e32564259556c513849303168744b473250566b757142335570664d7248786956394857554d796b796375584b55337752625538702b52486638464f47633476505a657056624956515870436230314e62764b4653376b7538676c484e636d6842376a35784f767258786e6e436b6c7a37334a2b77684536792f4c764f4275713362726d365a376643424961636e68616578636b6b436e72437135506c67552b71413074687a31562b563472615353685371456950346449705a556131646d465a34692f376637522b38464f744d6d616b6d554b745356384d47357a65754f356a30696b35545135743131734b596c7074715a447075486e30722b5649346147485575396f636c6e6c4d767557304b713744776970624b4844743552784f5634416d7452763452706a7933476d72475073725142736162664748464175426153416c53534f32336c76386f446373346a6a324b4970577041705770473353474a7075576b336455516d384f68484e626458487a69616e355670502f632b6a6f4b3351546d626b757041376f4942386c6e776759776b6e3866395267782f435a6838703034713556314e30746e4e744b34337838596c33335a4e62723075564d4e4c576b66614a5457772f4163762f77434d505473314f4d726e5671534b325a786b30336f61314a2f4b4b50384138304649425452464b6e666d3630454b30616157564643464f4e56364a4a46522b49697269655163752b4e782b73656b766f74714d78507a756d536b387030574c397044745669386731504f703455375533724871736d3570326e7363465453467062636356645374625643766672386f556972533754533542714435474f427045754a6d5979614631436144632b3064686e4d66784b653036595a5565564841665134666a5953616278773358544c485933437354626e6f31706b303632324c7072684e4b4e4f616746652b56664978505454534e51513473566c302b31787864525243663765766246593471335a6a31394b2b5a514a2b75304e61627161364f7135573366766542385958734e7a6d486c58466563452f586c44446b3068525767464c59516f65786b315034784d79387967796274357475495562616542337150796a2b494d4a617351347049435452785868536c4e75336a4573687831744c376175475571563751723050787038496e702b534161516d355273477a563161563336417836516c6870706c6a313136784345576841764f414f6b596936486d35705479394c65464670546e6872364c703966476c496c353569642f6b72616c307273437a3177666c457738784d4a5177797632556548756a3636773372623753584a69746a36452f2b33614f77387a7a48787469646e37534533672f41482f63613572453676686f64655757575567665a6f7655704b535237564c315a674f79462f724142566a77357677705834514a68394c6269794c796a76356a72444773656a65687a327074536a33436d66567059764b6153744e43717850685849363072766b6f306d626b315356416543722b6a54666b554d707a676441414d643161747077544b543976634c74466471395535476438394d694e4b3944665252744d754f415870365955696866665875612f414166326762784975366a7244553170636f34362b6b48436d584846436f2f447644636e7163704b7a5530673139635546435a556e37716c566f6f654b67543478656d6f56754963706232415035527755315770537252434a63764c6c4a6e68706459436a6678552b31515536306871636e3575596c5a7971562b714954615a684e77713250756e4e6647766759616b564e5731556f465a392b707063666f776b6d6164637a74314b6648357774783664537156536e6d577259702b6a45394f4c65524d4b656455385670545336707274302f36646847596430396c75566d3950635665573345374b7075435049664b4157394c5470746436414c346e6c476c7a47694f7938752b2f5a363046746f64755a47624633416b4256616a4949333934474561664a792b69364b32344c484673533672364873564567526145634e784b41484d5a4b7650797046344679756b6364433142533645565655307a4534334b54616d354e3538715769314f5630546d753854327173744f74705770546a3950635561314f3951445834487732456a714a53303258676f714849704b714542513745585a364556427753444b61684b4f5369326e6c55716e4a56342b6668302b5547516e35566d595963466144384458345668656e6f3469704a59765964563777382f7263513236326f70576856516166704530616e72476d705541527852486f2f61796a6d5734672b56705036444d4b4962514368445a546a626c426861484a6c31614f62424f334c4772357061706f44772b714435434a4a446269306f577569785843734b3368615274464f6e2f41457a32686d66346638333630707138452b7a51476e346d4a523257646d576e416b477646562b38534c446a615332383856754437787a452b69545770684b416c4b614859566862697a56616a557870522f68306d564f7448694574676c7a633550575051783752394f6c394e4d7a4a7546354c584b6852537167354e68384e397a4578746837474e765948366d4842786c6531476c6c744b5538565656696d4352346449554c42516872385974666d46756746464b784b4f544d6e4c76724175463661304e496c3579586c4732356c54694b71373358312f49522f2f3851414a524142414149434167494242414d424141414141414141415245684144464255574678675a476873664442306548782f396f41434145424141452f49596c4363624c39664166584a6f6651476e767a2f6334634e6147394f3966764f556b67305837623748762b4d4e776959573239524e31696341597a544c525a35332b38434a73746955504d7944323778476f435a476c7a485845354d62454571357158577059707a5a384c48333431342b54433867434c775a65676c487a786a5351684272443039666a46436f354535536d59676b31507241427150495677767a6b6f6e446b4547635332694b65623252357a574e32736a714f4e6e367a6c46674b704239767a35797850594c4a485866384165455630476b5162714c757a714f6435475732424a31783476386279436477452f6233782f57384f4f6431614a6a35696572786d7135744164435838736d70446751496871354a30382f4762663669633270566675747a6e6151525242706c2f337a377953526c53425562586876375a486b4b4b575a3672392f6d5459634353614f33304f38754877593131396666307a67684356464a382b334e4b637a5a4b4e2f485447506c43434972384d3048626447356a6b6e6637654d5179674f3867744153747265354c694e484b5367496273575945584a2f57726a394e574d73754b42526c6b47314256794945424970724353776a6f6f785570564b6d4a746159584455634b546c41564d704a4e75584757313655336d45454456315a444c6e53642f522f6278565169454152423754372b634f56374c484878482f584a7742304b4836385a4e474d3061476b68317a6c4c514337693865546636585447466c365250663778674e6c6343416f674e372b7a3578595742444933484548652b73533042766f7a557366484f4b5667744756754b4a793936772b6f43467466512f483377777959396a683836795367595759342b503654677a302f63742f4c4e35416345332b757347426767526f58306473665463435462755934645438347a4c30697367514359746c765968747846545762514248656a4c466644486561744e546e697947614b55565a4e72306b3373536359624a5853386851344b2b6d475942765276524d55454c5169496c557351687672366e694e68766175704949796a2f41455359776d684c366554577a6e414f56424a7176326d712b75496d67646a2f4143356a373464454367686d4a76377552636b754f566a365a4c72565732586552556d536a7358667576786b2f7743314e57393862636e306c4c492b5a6a555177516647766e495357454b4b3378317236354a306467737868574351394465384e6d30544d4d664d647a48327876714b62744a4b75302b4d4b7378625a6f3243586349516d79346c666f4145476d694f4570702b5a706c4750516b4a5a424a59446b32707366303971366e356a41633151614e6943786744436f774948724b7835524363627868514954594d784c6c753548636f6f4d5532546369536d6743587631664474445668427362427467674e4e78697865484f4268673457444e44447148516e6751436952524b484a313251304868345942597a7372304f5775504f52354b2b3257666a2f4d566e6d536b66643866336b44327a426636667a6b75532f6349767631394d34684759372b5074353635584a474c684c5969622f5a7857554d6b74493659347943756852624a385839636f51354448485539632f74344b68485877667039386b4855684b6a3930642b4d516a475245673161504c6b6a415472474f78315645416d31546839344853647345586942677159796330477459336d7167533974746b4a35316b4e6c5a3044367832413269786b30493954644b635469646d4b6c5764523431377845507a3030364e79626f4e444e7747503841416435316852484161544a33436471654249422f4c4959354a4649736159777a7132505a5449324972315232536947434142463631422b537a78574543586d6e332b50706c43596e78665a796475646352624b575048747830794c5143543133574f554649466c4e61723168424a754b436152486e4a4445614553323876672b2b4a794c6b6b72672b4e2f6d736b523556586c70316a46515958795065446d655149504e433863392b386946636152593638646662786b495241545759753842494b4e63573550776254576d7941385943426b635178424a30414369534562626d4163547a474a4435534361766c777a6d5a4a3842597847396b594531632f78374c4456426a774d6b4c56574d4e704677676c33453365464e34684e4b7868486f7953635449784b3074516378534942416f746e6a5055756d2f4a673746454f416d5248574246776a7442714e54414272644d4151795654634b6835795a34364d4273494e705068677645632b43386b396c473765573470796978413050556e58785031436448704462584c7559336b597241506d6a33696752384a3075664f444a6146477a7573756153544c613647596e5774586c347362414c2b6d383346424668376c316b30516a637259364d75384144346b486a696b656a6337336944536774474a6d5a4f37386c353139736c716c674372526f524c43645543684f6142773032327a694a57684a5247436543496d45516359374f78574d67494e4d4945516b77524b526f716751494a67334b4259774457706368624c4a5a7a63585679636d537661413061714543727a596d31665149707543314971693864464f306c77436d776d4649744d5048714175496a45636f776f534167436c356d52384152754f30584341536c6d756b494d4a5743646f6b474d644c456c4130776f626c49787a6e59594e42646b4948777435694d2b7a6e506f654a6e48324230586f76357844684731616872386e7a335754676b436a45386b5637777337454836622b4c776a6a5a466c456e386c6550575869466f6c634f786e3579654445796d4f42667131336b6d5359584355323145533956336b5753524e6e464a2f6f736d4d4173436941395a416b52486c6d533679615355386c7955387955767363554b474169325368566a316365467859556f6b334a4350476762427a446b795a494a495a6c6f6254552f547a4439736e5764582b7665454e4b6771647a5a656a2f645a4c475156676a776a37586f6a6267395142696266614f684b6565636d724e6e70484d585373616869316b396a383654476c67484d784c5746434b6172416b614b4f53566d55507556614b7275454d4c626d59706e63736a6230496449336742527a33556a4d4577345179434745577847676d5835596f52506c446533767a3973694a6e416544754f383062746b7476622b506e44514a4a4c5a352f7257516e434c6941693531302f584a63414b4f6f3138612f4f534d77516a5839665a5033724167736f51464e66763834666247786f555343354f47474475734350707259394b56415157792b6f6e444c6357524d79555536696c6a63793151674a544731314947696c4c62686159636d75675050326239776b374b744448502b34754b6d6f52536d2f786a45435a5261523834354a6a4b3371666c396373613062523569636f2b4d7173307031336267566c7a4946695a31586b38535a53316d306e77496b7067364e416b524b75306b6d42615269424d464b434a6269426355454a45687248514571414d495377615953764d424d3877646d36387a2b65617952596e4873354d542f32634b6e594c6b327a763766376d3936764b79694f61765a6e454152586c444f754e3459745a3038786f7467334f47564665367966394f416d467235453756312b36786478524c4b7633375951656864684a47516c69422b4f4f5533577847755873492f62797a476a6a495542782b686a6b5755706f7479723665555a5730414241332f52443533676942464e62776662385a41654a77764f4954382b4d6b67696158506e75635151795a334b7571713966584441466c4e524c763750764732654266557875663577504f51664b4344366346316b4672724e54523146664d7a5a6b7149796372785a42494d47586133484774616a73775532457a413754695742634d696c70636b33794d735469646b46564176634567567665626c51466468742b4448706c656c5578377833354942397355754a455841537a33376a444158526847425334317258526a43776152443648664a3973656e49344536627266764157537449494e74626a706b43757343546638332b7552377577484658504d647676474d4b734a53597a4d54745334353375422b514f6b4a6c67765336384a77753352716869396b344654377943366b743347596e576f6949734d6a32644d314a50426f6a555233682b4834353650334a753776496842727342622b656566474f68525351414b2b546d505a5744636156324b574a6f46394e34586a5353434e484172526b67527742336f59446161503263657254525676594b6a326361466f42776c6154434135696c5965476a55695a45554d554e49563477674571526779415942536f496c6643776c51476b43663777547a4a703176632f7743586b794a6a4364655a744f6a436b4b6b6c475a7566643546736b6f6f714c3337665634523348534239667839635551633162532f74502f444346764c6851535634624e317531597463797061424d2b3331796f6242636c7933346e5277354a536362614858672f73316155594a335a4972613358456651784653534e4332534e58434e6b586859666435426d625650444572584468396c4d4f7a384655544469734270414e437a626259657332347167477868664f36346e4c357279674e4a39304b652f684c4c496162556f73466b49685a5257496a534b794e6d494a41546f3777674f344d3841686167346d41716349386848616130327a6433446e41384f5a6c6c4968567833636a476c4b674b2b4949313561304e785a63745443636a596753576c38755368413668776d36576e726834794c563069724d2f35482b336b416f4d484253616e39566767536555436d6e6b6e5a5a7a585745434357614f392f623563325a424d53487869703268545573496b5671582b5a4877517134524873556d74423779652b3872544d492f462f4741445338457973444e55665033794b456151494949317466336e4a795044475a42714e7a797967477134705436692f30714d42426e6c665978356c6a317872614c69536f544d4158776e2b37364e6246386c6268506b79496b46484a554e5072312f4d6871554c4749706a30782b71515967324952592f4f76667641336f486939666a36656354745043384f47724749304e53444b684d643479576946594d324254646875536d44344156496948414142794d6957775468706e4c326e4d54544a4f70765a4d30337166796b382b44496b66592b5338624351684672587670507268675132434e47393733394b37727a7a614c762f337237344579467869742b3779674148556c44313169794351703667477566787a474b636a3543795a507438354c4b49584b4f417957524f377376574141645154354d41544e2f50786a4d5361644a4d48776b48484f457130784378476e782f417741797972454e6375523334786b5975307a3666766e76424a4a497a667a36727646474b6f74362f544735716d6d7078356435524d556e646c7265756372766653773673582b667472426b34612f706b796f394c43614a4a6f527a546e42354f6443676178316977516945394255416b426c65416c6b6778796141686a6f414f6f696346576f384f4236783878665559326b44647341626a2b3856374973557a4f6a6676396e4856645475702f4e6638415977624242424d774f6f4c52547233684359746934342f48666e44314379595a7a4a364a2f453470485371304a6972416e3838644963643453524b2f424269454241524e2b57505535416879424d6e624c7a466d6855336f6c664f4d7a63306f5733393459393433424a49435265303946727935476842724d4657772f6b7637624839697845364c4c6f504752636570454c45704b3858386e4352317747696b6336622b384f5232727a495a535239512b736d65475957656b636635476453696d3672666d7a45596b776f4561454c596a5445616e4a5376366f6a6d59624c415a6654454775585a58425a415754397138687248595258415339392b6353484e30545167484e6a7a4a4f50776f537a593737384832336a665849695676586f4e61794449586b35387a304e4831794d47304430784272635250475232386f776c334e395339527a73786468445142774c3030305a7762496d4f62527837487279796f68514b7a736d612f47414539354f774f516b54314f39506739685a5933395a796f3871797978354b7341434956324f58322b74354169574173537a716575743437786f67747052394f424b62526945333772664762535a67496956626a6766396b655246554743526b7572336c6b333831454a4a7a4b785739546c725358754965414e424f544a516e717634647a68396f596e6e58674a58393444446162747545634d694f6f374d75445433476a753757317a59544a4d584773447134656269352b635568427853506a766a72424e4e444161446e666973366366533048636e4d783678527555655533326566462b384e744b47372f41423464656347676a6d7761544b334d472b3870435576794e323250697351657575343378577077394e495659745a4b624f4b6950726848475971464a66446c385a46746b326d622f51795734547a47787077325076456d6d5262495539314c69474e67704e70692f6f336943427050304777614a346b634b4c626a693068536243674f71444e694d5847704a6d3946486344686f466461734531536579426f4242422b7154434b4e6a77624d7545554578386748362b664f4f534b6170354b74307133786b7642565a6d30394e506f4d343048566330647172307859676c7146616d5a413432637858764a373034454532552b4978314d4b5849535a393046654872475934736f4555647a2f4a38593352736f655368765753394a36354173574433392b386648452b45544f3234507657553945366155525875336e4577532f65496950482f633374546d614c594a6b334331664a6a55445954415145313135507076414b43466851796c7552456d723934794f61736c5047514d7034796645777061443768764270786438622b382f77415934364667412b66352b5070674d37434b50617858762f634a7763715353372b5a5635393430766e33664a59616f664f52314c6f62394e3959556b685463496c4f5871735a6975436e6e6c334d674476456751435536344d757878445349505559302b51456c6b49584336574a2b6b314e34337470787434665a395a742b59572b653337586c7569794d356a6f6234746434326d6955314352687272365057414e59754c65444848373841705131674a5771387a796538686432515662626e625875386c6b78526369536e72516e37474362556961706c4e4e6761503568314b53554c3445315834383562714947343347732f6f53346b473677704e6b4b7a4141327a316b6377744373753650706351534b43756839794e2f735a536542456d33635a762f41464547475a7679372f4879423657526d626247753965636f7955506b50337242464a30556f44642f774159526d794d5644344b392b7665504b39516b6b506134704f783163664f533248777a46796d6a716f76687872754761774c46506838756370316b30304f5a31754937776f7952447a723746462b635754614543446b4e4d67664e6279335a5569646c576b563948706e474c6b434e3847743633713479624b6b71646e55563950706841494651306270356a75377845384c416b752f4b3339526b684a49304a64796e2f4d6d2b304e7948546e2b476369465948452b4f733772676e335666474a58646a44536c696c47356170336b6c587539686e363578335a46777862712f336c78696850686b655938546b6b744f684f6d782b3331796b706364395450326f71356e4a3733546e44484d6e7a526c2b46505a4d48416554305468637a77695155467254586549734346513859746c475342697172586a664266666e4f426f7946573137332b6d536a46554c495175462f4446507852686f456c65414f57443652695643454752394534682b2f747972465767734364546646373367456d5a45495344396a2b386b6d4a4f5a4a63725071592b6d504a647949636b372f414366474e4a44553848365a4a527470756e49504d72376c35314d6c4557307832653035656b7074487171794930453549744b664838344355516b7357684d522b6a4f5146626a53484f35382f77444d4a4a30514f6733574746646345675a374b78613553494e6f6e7a7a6f2f6179585152304d4e612b4d31324b4b5562472b76752b6d5345394753524d505865546e6369794c362f446b52436e78704a4545475a4d6e5746794843492f764c487248414d4a4f6633724e634d466d334e643137796e4f306c416e554e2f66754d524741694d6f54626865447031764141415165774b61494836664f537a7749476155746f694750584d3453676d67566d6a324f6e7a393851516949367830416a635032794c7535704c396a437879306e536e7858423368474467374c734f4f2b366e41334f2b312f312b5034796f44324b57527965634d325a7742564754517a484f71794b6d43656463436264453767724e32694c58527239382b4d674b496739657354464d716d5a367879465443457837366633786857496c4843486a74344d6178624b444d58376a6b39595a687441673178637a784872786942596b4b4a3052413052445736784b59574e6e4b76656c7a786b4f4e35594b6f6446464a682b6a4e6b5076632f474c77676b685145416d525933702b6d4e6c6568414d4542304731504f554a306373545252504a4343766e4f68322f7741637a4832563379746d6f4d56664d545972723438546a31736b544c4b43677478695364695770572b464b395a4c7a304e67677a5a676e74316a6f77337957544c2b2f77425963496a4c524d372f414f78724b664d6b6e6c69612b783866474251776b504e682b66722f41426b794c6f5333387050584635787a3263766d5932744b7950417452777637384d66397755354e702f352f6541546a69763450332b634477416f4b7565767a684f663271664f372f5a793144434c5a6d4f57795a6638416347546a715138752f7743662b524a772b7778565661767a66454355726f6c466348373834325367514346544e7a474f63753952575637322f6a473361614178614a7556795174456a7a41686b646279436f6b525452737a6a79443755384d4f58416b6f484b66346e486b4d41545042446468627a486a4330554f696f6761576e78367a57493251335631494a71417a6455704c316a686a68547a6661354758697352532f72325936497a5779663072474777337350696464336d6c4262505a783634784e676b4b756b78726a4e765a52776c646942524d386b3557736c475362735030336941712f59507a342b32494362763857526f6d43692f624a726c7855655644456339652f70357a7030506175496e486b6250395050503177654b43414a62737a4b2f56783941616f4f764f414e55554d6978572b6a7254654662644b727a394b6373514d424a487a695a4d795649485a3937774e4a696c46594e483165584e6d2f364b57464e3632314847536b624f34412b785a31634f754d305957696570307935376c377966437048767431526c4e4459634d71345a6c305664474f4d3149537375694d4350727a397351417945434e4d6676374f5446485974483665662b5a74346832723434396539356541423462665972494843794e5a516c42514a716a3635756f4a6d773869506c4745424a7847395831502b34746c5457366e72766e495a6c58435a6e2b5478674663432f7744543378654547524864382f7637575375784d73564c2f654d7a4f564a57656969643633676751765979557432776e366235773030684b704f352b5a794d6b70777a466b382f6e4a4b545a4968654b384b50666552766c5959744d4e46722b4d6c68344f32596e46503435316a476b477758775862304878316b31486a4c55514f716154457a37353546664153474c64466853436153446c57686771304347435469396461424e575568616d316938736b514f696632637333466950597752535a4d6f455930454a6b31313636794b78386869574b36312b504f4d4b70676d6f5241736e2b6e485a5a41786e546f38483277676b435644306a3475342b324c5432306334364f5155755a4576317243556d6866424d46306a7a7242674e42534b6b6c57656830634670473263594a4a79532f4c57514246634e46504674695147414d757247676f4168496b304a506d4d63732b4d4d6d5171344a6543777a4451463550774561796b38484c70524a3454504d4875416649465962303736547a357a757a52564851756c5246594a6b694379575867416f4a326f345530534b553971465841776e424977673263614a6b425a586c6b77314a377071627638414f586c574b6d497a6366764f53676778494e586a31767678696a4b5a5a4b6e562f75702b4d414253437a31503331696e5257715943704f62424d38506a4231736d306769596a56766574575a46654a6758416b5a6f306b6269556a4e584a69334f354a6834377379366c4b4a4b74734464386d6345523363783234512b4f59763933672b6962532b4b5a516644694d4f666454472f455a75786d766a56722f4c77347941625165524157774d6b634267676b5130726c314946346d655259614a497761676b4b6c343235574a7a435236477059697277643867714941506177613165433162564f374a364a507664346d46614d4a634a675035623834787a6877567444514770565a6a76482b5a345a787474437447425034536b494d507a6b577a626b4f46473637382b4f50746b5a6b52324f5275387656503441542b4d53796f716455342f6177495a58356a486e76717a4550646e59365465563038743367634479714a646e61415375514848594b314d6e5a4d486e6b6a6f5a686753782b51766c6261496b776c6b62514e7175324f69564f654d36377437527150356e44657358515464724b74384d374a67572b535a32594164697143557434676a626d4455544a5a4f614a5a45485a566a306937456a3158764831493561356c3241697730453730557a555a516552447a59316434532b564156304b74316c44344a6a79533065717730686f6a576b5a702f484d3674324c457277654e6a6d7a504c72427275716b674c506a2b4f7a4a356254305179754958435030454151305a574d445979535a793143787758634365304d74764f4134546e4446307456474f674f73626c44473137315036355245386259616a4a59467a536449546935763659494658424632375447766c674f446e49342b415562773065566777636171574157686f4c4871794473726b79524639306654316c6b35794a647a54455a72375a372b4731714a486b65473753374e4142543165363438344e387667595a30784a5765384c4e53586d4971366a4347385630624974706b4c63543233766e42705235486f5945683751344c6f4854545162316f6c616d644d7a695930655a6775444b783766444366654d4945556e5567795a755447362b6f4d362b2b4c6c3231524b4359634737357a6c683945684c4d4a7239314f646f3743476c434f552b6e6f714a3555366466745164354f793438686b496a4a626d6461634c3967615a624671736c6f4a5446424a4469527851627671526c484e76564c715379646c58637731415130614f742f56786a314f34624e51714551383567716b6a6945494955497771525152475451705a4b78753641453737774665396e7365684577334242724f58706b377a734b2b503479466b32516e3437316e4b6e6b5676545833777846696a30586d2f476b774945354c67436d4a48546b6a57446f7a616e6177696769574d4c764e516f7556774172617672476b3541706d2b6f36353744514b3167464e6345544542675043594d7163416e45374b6b4f4d624e44696f5858732f686e456258534932337366584435496f3952754e6d4c4c316b456745704a4474612b2f336e4a506b464c6b5a7072393478335a5a496d77455048396a4230433541797755326172517858324e72426375486a6d6238345137415577614c494772686f314c4850444544514e534838505a677077546e65515554494c43553467784769464a4f694f48686773565537634a4c6b686867485442556476626b6b534a36636950506d31546b327272352b4d6c34374f37654f7043375579566b777a79545335494a3372685878697641374c356336714a4e543433346d43514346346e627a3463527164454451424f70672b6e3171314d435359465a576f51626a324141584c45524a4337515045394746522b6e426d706b6956557a646f5452436a6f6344375463594463434779564c593278385667506578333159554f35504249726b714e3143514c31775834794d4a54614e4733446365757079446a67515a6a6c50486631784758426e6937666452333368395951557266586855754c6e7241484f356347565637546b4c445131674246386e6e7a6a474c46524e5862474a78792b794b767571494a65384d506b794d7363735475574831307849706e3835735855684c4a6f4b58547468444d784c4f356153744968524731544e726b354959717143475133626944634959617347515149794c523972525331702b706a6d417365546c446e516b387a724b774264413045525745416b424c4a516f44466151585967595545326343665443536368372b2b534361556951704955457443757a4c417353654e55315333786a4d466a51477031726d7669656375584c7469676962674275456e4b774c79737736686d7853796b6c5967526647636f30486d644947597951656459476748776f47595a687943596b52565247374b672f7a496a61594349695442704138466c43616b2b7170774d3370736748637746726474592f48667a56326f4d7a5a6b644e46627464336d4a4242733132764a774941786151374455585a4d4659355443565378654255654f636b796d7a64583859614370334f53694a42344169344a454e6a30596d35587665454e566e70746d4b77696f5763566a5174516b587a687042625131596f746757647545597a566743706e6f3358444956484a7943464b626337363155497947617555362b46626a47756a766c384f687a71384368554b46675a61395470444435696c304e50714e454f4f504e512b5169527068593053496a454a4c4273736b6f703641586b67686e6c61687474434d755a6833594472314c3971674b55517243387a364778385a455359704344773537666a314544444e656f542f44757665526332623045737561746b65734f705631385a7351304678694745304c337a456b6b4e484e4174336b34346d6c34452f67504d7731615270484363736e67464250306e493450684c5a507557754d33737378336a6b696149794679464e6d5352655057494b684367584a5373615758436c726c416748514e4d5967386b734b41795955516c4b774b553131365752774573535433454f35382b4731374a4958316c63674e75484552574e5961436b544562357a33346f70466c6f4969592b726b5a4754545a484b7368456778575053712b30306d78734b5a324d74464472455730366b73364965354556437047456442453743794f6434335132443630646166584a456d535a79446635624534634149456d587257513434366a763841724948304e62454370356c4f56627973394d37736a33504f51723469696852485755325a434549626238375077474155724a4979774f54786843775773544f4670484a5679536d4e574a696c31515933647538516c6842346f65645047615044756c6b736c6b76555944376f526b6a46354a68682b31627a3266596342456959596451645953766f5544634638544b4353794b75516a655a7057536c3952563578626b42524d5454336b5042425543524e464b3252743777307130695344526a72627274633479397453623376654b5679347a314b5472495647664d77667461696f7a2f3267414d417745414167414441414141455038414336636e467832644a6f7379546a56636b4d316339554a724d325450445a5531464a792b674b5465554e72644e68434d394e396c676d2f2b746d36774539434a3645664b5164496f436e386e4d7849334658614f4a687732364f6a4b39516a76726a5a44456b524d652b6962772f735366427530756f516370506e534d61393842626b502f6c4b5a69364550727956735674474b513166656b362b6a653731304770594b79786a4c6e5431772f634c4c503057642b794a49597745665639336e2f526846486d54554c7a54683536305a51797532365072695a6256355859514c4b6445475a654169355061582b75785863634154534c6a47696930736875644a47557a2b614d307862726f70384f684e456a6d67444c72362f7743652f526a73763471684742466b6d3868425241735a663559314148326562554731576b6f673151664539622b7332614a4c7369454a59724a3177664f786e4e4a71756d4e4259793132716e7878394e652f3476634e5777514c6a3264503135784767786b4852697a47414955716f32562b5368796972774450617372304b4c6c56547a506d713455383935554a6c34523367336a4354476e4d6e6e2f2f7841416c4551414341514d4442414d42415141414141414141414142455345414d55465259664278675a4768736348523466482f3267414941514d42415438514b46426c434168446e54536f6f50504e42644d7a524b362f47646b36612f662b766e444b4458656f63684733627a76524568624e4159375069797961446d6952682b325a73756d4c7a51435759424e6e756574364741504b794d32752f6c6230386e462b34424833324657596d334d5545496d3143464251676664456c38732b65364e66504f53716d51796e336967776d677864364178526b424a3536567738436d464e36507244786274526c436a7669337258446f6d636a3066722f6145684470516e615048312b5071694943627850356734707348492f63633930592b466f353169445267316b7041746d3430636a4b526f6f776f6b706136466f53447244736736434351676c6f4653524f41795178416d784a4e5738436b67423257456a45714f7055456f4849554268506341674567427a70494e45554152584177735838495955336f5967596f74493253445730445149476d6d416653324d583659574256694141376778397876643937674930567561584e504944513639623643686b61756f35667461394941463832766b383379776475667269695a4949596e584c4d373864344565682f506a306e5241695430346164546b4854317a536747414e35632b6e3265623033727a347a39305343442b6365506d61455a427637382f77433570354f546d712f744751584a314256766e7652725167636c654d582f414e6f796b415a7436514637416e4173383075496e556a4f4d6477574674522b634a73674145734353327a57416753546546514f5343426f41426b473434426f54596c67594a636f7779353675596f70427052426b726f6745746f69594f5556526955305844563544463930686f646842417445793877694365367a4e514545452f4552715751652f5143694b5949454c37353470694a767a727462306c514d484f507a44776333375559517556742f61454946476f2b6f476670466c5551594b69474e4e72787946514364414231323456496945614a415249737a6257482f414c51626b6333765167434c50383576376f735859472f586c7149457a6e6974794e4b4a69426e6e2b56384666737666574f7445795559494638614d527272356f6d4d6866466a6a523256616b44457859467067427744594a426d6d3379777a42315244416e4d425970776b5242417743625844476f425931644141456b4a4a656f4342426b416775356741704a4e436b316844414448697a35676c46436767544177474467574b4a642b7962464e49326c7067365249307552315941636c746c314357546255354456784e3178312b68316937784c6f4973416c646f2f4465503056594151395a36476647557141704a732f642b4f686f6d324c4666413163683664426b415258585266307839555a696e644247324d546159696d45615479797648396f424c4a41357051726f345862384f6e556935474d594f6539786e475251726179755239754f705142455737382f6c4343415a385930354e625453305238484c4476346f5147434c3565382b5069696759627a423767663561686741684a4446777458476d75646175534c7164796b7a4f7754514d6d6a52515643553953794156673069796732596c4158736939383730644d4146596d78382b59326f6642676c47534a494b7345544267795177715038735a59346c6c574f77775463454259697a42577a4346326b326763305467776b5a6378486d62724b6952584d2f4e704f3335514953627638704c4948654f6665597078576638416e38704f52665035547367766d2f384171704d4f4f66645348556e2b2f656c4b4e727079795146454867704e6e396e48316d67416a6d4e716d556e336f7141496e5871737a7a61756e73586e55654959384a304151423739664156354e4152504753764a332b61455350452f7355464a67456d434e43535846376b725a496f5662734c6f4d416d554e534a4167564f76343954633949754b4a4f615463443262626730526262787130473142655343434257786b4b4d44434f715346633331704f7549517444656741686b6c6b5869344643573245574a6b46776e5a43566c6938644d52477531775543577355655170657a692f483073585165423863664f686f624265387548707a70524346617257343235656b7850666e6a47326c4d5750586a6e396f53477a7348665072765179694f6148536b745538794a46334e3841307266774848385648694241596d544c47764564614767426a51424b4c6b664b3648526d467672792f6e57534b41496f55426a62543637306f794c7550452b7a53416133585368475377774353434472693547737a46415368496e53445a367a35306c55466b4535516468396550676b686736795164696531387a673444674d446978336e6339435a5a4b6f4941506467786b455873686333734b434149434c427575686f684a5747614345774449676c45356244496745584a7665696451687777725076414a4b6539714d446e4d3539705a33774b495541307441384f31414158484e3649466c325076662b554457546e58337a3356303761636a72703667695a4831626f656f33326f78434f766130593076326f77634170377641574e416b514b515349384679657573644b4567416e64586637326d6848766e6e3736716359667a7a376f55775648504e68305744556c48633531584459714b43574f456e6d6c4d416b413141352f4e714d6778464a5936646e725150456c68507132767064626874344957714269483154687152514341436267667a6b6c47554b45685a366d4c6c6942336e344e546c5a4f436b35424c59453464776535774d4c4c5958334b42417a42735161556a445976655a306a6357436b414b4c67754c7366564d665a747a2f4e4b494559763634596c2f4e42684e7838627874322b534141745848507a753641695337456467693762352b41385466547274713354426d416337796f76305a7871415753514a69564f72742f597779485178436c57483559664f5a6f7a457061473345714148666e4e4b4c46514a50767278326f77422f42585866426a46366b496c513668487565586f4943552b597a6674515747542f6b686a6158726d69734166774f47546f37724e5373644f664642494d4f77567232742f744344766857306b6737715169494d4530386b6d46327946686251694a49624179634e54684159424f6f3847356a7051357841734141534a445743425957794249505972484430667270696a36674c6a4478316968504e6a7a6d6c42427577486e6e6d6953736c5473747262784178546f787a6e6245552b4244626638587258655745442b375a3778765141696a6938797974515038414e43496f6747653371443079725534376d47636c543539657168736558386358536a774e2f6638414e6149734c382b6671395275365a58546e62576b357a70772f7072386e333638525478425a2f72764b393968524979486c38337475377a5134376172487167516976612b625762343352526a5461516c4f784539473869686b414559376d637a32666b55586d6149435a67434c7349326779584361436743444967416757455a4379556956325a41346d4149616c48515357306f4f70544964495752392f73526b69674267774b62746f596a4f5033766d5a6f514a434148723870434c627545614b594257364d62366e667549744779527a7251532f48622b582f704143556a586e4561596f2f764a644151557a7a6834617748503533564378416b506f5a473539394b496342325073786f55766d6954534634427a6769414c734957374d577a4e394e767a3770414a6836745a61555945673345325870764631346f4267556879646548595a51464a592f736b5a2b6d3743545232316854476c37574e51464166566a7276754f6f6f74637a777a42453375646f4a426f5a774159444d693541446b68796c7a64454d6a6841417962586b4273674c413253365558716765786a593365314167444f466e6b556775576132682b37554341474445572f4f797a74514141753266716952714563354e434441504f6561434d6d35583250327a47704e53644446694f6a636d4b614c506e42795162714a33486a6c36414d4149585856614876734c4a556e67786875514e6b425975437a4267304a436b4134424c6b4e794e6233325a51322f3053424a6d446e79696e64556c414b356c396a385936584a6250375a3130746e706570346f4d6c4c595a4b4a6941722b414c4e42634441776b5642654c7741596f5a45695570496735596d3848426773334658464d7475736d547979424a424a4564396f334c6268694b434359454e323347344857344c594e4167676879594a4856414c5345306c6d4b43474149574e4d5131595969454d785249517965697851306f562b66344b617a6e49712b4b59737333666a5554316f6735456e6d7452762f4f637a575a5935375031516d3937382f4b6b5377623650576238656141436f5a493252346e352b714d414d454e4f397669674b432f42635465695168434f4533314b4a776646466741516b4d794c756534426e4634517253486c6c5a6665654367417a727839382f416f3847424254592b6676704c4e426f534c36654e624b434a32715a6236684c7474527a4331524d79667354327a2b52515067456f51307a414639547543474652424543444279695437686e78496f4968786553626938367543626b4268696b73695152324543304b6476616f47416d534f6a6b712b796979634d3054782f6c41386964506d2f57684249616335464751514263385833517152526d34522f4b6d59443735623445476a4f45615248694e7144413835395764454247463036667a72616a7a444e787a70533155794f766539444143563335433965714541507935354475473648624c5a364d7463635a705267436835584e71595352496a4f6e62584a57314b793166612f4f386a4e48566b612f504e364b5a463237714165304e697756466f67515571785242576c774975476d716c43784d6636424f74354f6c4936345665415a5771455061676b4d49424e336531753632306f696e52596751636d5a636446745151494152746e4276616f41487a6c7a377145376f79414b65632f5651676c4647425a6755397a3975456e623574336f514d4e554541453135352b304e3751752b755672784767416e547874335a3048653451514e633335357a52427a755064766664347158376b39644d49644b6d614a436168363633746b365574634367434572794d704a484e72464e307246384e43617151325072546f64434b615a704a35727a5978546d4d3544457849484c5242434e414559476268754377626f4b786b35616f76615137757863766f536c4e6f516f4b624f5930686b5768356472525733515a335859642f794b4155536832327532387a38306b4352392f77422b38305577426e515466484232712b466a746e6d756e6b68425545353577554f4257426959514f4f437870314935705279394838746a544739454f7a4846397a4970375a7831744f333552534541523269436a61785a475452674167422b646674394c566344423839656e474b4e42476e64572f6d4d4433556f566d624e35487033416f49614242674454554c45524241754a46466b73334d5754462f4f766b4f49624451653067456a4252692b445257422b353674535a2b6b6a516b67414f2f67623773586f61786c49514639724d397164524446376e674f4e4c577545794f546557336e74324174526543784f737274795a6f69506c6c6a557662686f41413761382f6e7572495a397a7961414152326a4a473232484a365534416c6a7a7a4e57364551644b43684a463133562b5a7a51477962664c6e665562785151484b31685159327241463758357054705a4267584f6f376a702b48414a742f766a4f665663612f427254786e49686b39454f7942754c6c304b6e79415241336b575549464d3249785141524c5967417642496b486f52724159426156436d616d384167415a586730654b4346376955334a4a67457441703941694553534f6e42663764714f575448524a7550694e7a5351416f4372437767514d6746766531427843523954726332766c6e4e44754161616963663753566a63585667384b50415a6434414a6e763235754f346f784e763841356e587a75714a2f4a312b2b474b6b5a397635485248593445316251366632674445657646444c434b4651696563536f6f632f324c30554f5963744c662b6459715247423962666c364d4d62567154526d5579544668392b36496f516a306a6f6450616f7743742b2f7742336457346a67794d42384555414142356e6c355534745453675a304136787a364b414e4850766c71577445646939763841614c6d6a4f774776646f526c684770633044364131396a4e44444d4447556b747439364f693333754146716c5a666c43524137577a6e6956394b4941776b367672623767547159496a4d58396150587a6c30435479357a6567494a65396a773239304d6b437a77654b596c4c6e4e4b734851674d6d6563763930304a486a7071752b5056434f4146374a75746a6b7a535469422f527a745365574141444c4d4c7230427a714b4c657753686b796e3861336f49672f75756e386f47493553767939455153654c6e65786d6f6f6435576c2f7743782b55615a65654b50646e524a3454722b556a674873777a32344b4b6272766a67774d62326f7953432f77446b394d6475314541696c6a777a6d4a2f324b6873673667763150525a56706f7a534a47546a71763841627855304a622f50387461674934427a7759772f4e45674632387678744f4476544e4d686f5837753250564342696a51414d3835393031425771475a67364a34666d4a326f674c427a422b756471556744576648626b564f6d546762456b57317a367948546641743645503746436c34747a483278633370456d522b6d3758667a5577414d484e38645a6445497647332b6d3062305543624867477377734a55345348686a34512b4f39714b7251416a6f5167756e6e465841514d374563746670526a435854554f653353656c474a51412f68372f7743476c6f694462706a6e65346f53304f6335696e6f4c6a2f54487573615546694d6358356e74542b4b386f68656843676878705479777363347765674c696a5175786f664a6951396665337a594d4f68514e736d776162467a62306a4531655448774c5236426e33636e556742364e41387652356f7952594261364472534563352f4b4f4d6a3274346f57736e6d656d49486d67446d5a4f796f6159352b6a6e4d58385a5a4153634c41663738304a334165503533307030674e5259585949757951694373646c514e646d50786a37324b6f536e4c767150384159646c525765326e3965744d5549594c3438344b6c582b616959484842715a694a6f486139512f6c3976693254707346754f4d6d325a754b444869496b794a4969434d45647846364b47416a7254554a6c342b543534633273415830346f6f6f4149445a695663457968324f525342674f6c6f317556336d5a6d69704d4f3063504a745249576e57335835576c41474753436f63346770302f4c753869516232507547614a704a34344f4b6a492b31756d6e42526367422f756c4436687a6d74494d6a702b304d674362384850796741506e50474b494143594f7568454c5a6f50644c4141425741552b49764f526745324c47494279764244674854363170676a4c66335153673445664332514445784e4e51734c6a42627959415132674441465758464574615237444f56757852674945416733486533714b6345746274646d4d596d495a52596a77434149416b614461425957696b41555153436543427462496b61366a5241776165686a615438674a78567a424e48376d7733476c7471416b4558477643506441476a3670396a492f6835773149396e4f436835514e4148514641416d5642367a51624433355037546b3866372b5543576b304144592f732f70744f6b4d457544686f384178316d67414979746576666d3944754f67526e4a455a553275464e4b44434134772f64434d383232777842445a763955487375364d666c3643416b41594342444966397a66474b4836556c473138635053696c7732527470655956786c4e5a6f634d4e7567524c4b7949582b6978704b5276646841686245496e3261456a4579346e755934794539614e4143577346616765494d366f68554a6768615a457a5976543159356f33706850714431382b4e36635352484f6c45697a48555a2f324b547559636336326e576867424e3073356d2b7a48754b4f2b5a43415252656841414e6b37574b434b454455487238665069674c59372f41465031376f355276672b4e756656546977567a7672346f634a672f6666536849526d6b322b634e434e7159735463445458377451446f65632f4b4c43416b42704d54426535744b4f6468616b734b644f6f463576315530364f414e596a5533745061703066376e4a3034485668326239395653494563376330486751456d7a4c755266525777566b516436675467584c4b5753354d3769564e43543168414968425a61586c453479434f5a6d53795a5a5a52676f41434973454b42676b596a58774d36596f4359326f595a734d616162346e6f75687041477a626d3233716145326d2b33766b3730566f794a6b456e73694d4e5748696d42466b787338684f5a78525567416a726670696533696a69415562637a437034524a31332f4f476c59547a2b395067414153616943557a4f5a776473324435696a41477972424349542f6d306364464e685335674d394e395158304165743066505852787252793265774b4257306161693943456d486e546836316a633754387269696f6b4c5971785a4c6864784b5a54564d3476585a72763855375567516b414f69427943564a414a67736b384d54594541434145554d696b4847744f68444d47794d322b4c58685970452b7a37727651494a503666536a576c4e7a78306c6a592f77583139613039476a3157364c42373776656a4d67514e696c44755378466e336d677834724e447a4f2b345a687356445064684d4658595776594134315658386759557553474e5156696945797537386f454e46426961494755556c6f784a79774c6248655538775165653649776d383937666631516f5a497a41774c616d4c3067454e736f7a454a4a79775362674b6741684830445567515a7342305169433859426c6c427145395a664d596f50426c4443496d43446778703142735251556141674753665a66646d3570426d425a6947696250546f304270516b42416b42544d675862414633424152414578517641534243705749734d43344d6c464e6f6d774d6435365a4241455170436b5572416758625655546b4567583534785249684f443432327a767054415439784e732f5a5774484d4f67323961346665356767784954677942674573696e495135426f532f3445536b67384e4958677945674e43566f4a4178417743424e6b6e4c4b43696b516549646b43436b5169693579675251544449786853475451454532387944546c45506e696e6d556a6e586a6f787a57534c705457452f65616b544538626f4c476c32757650704a556f586b47694b536752496b43776e596c69544973485374514c326951466a62654d67414a436741455353396b456c65676f3577594b554f55494d6874416b5543536a636f497035434a4942386872742f6b58423957556f624a4a3776424c754c6f434147497569474d79535a616b34376b6f6e42737767647743414e5871564a495949615245424d4653456b676e426769536a7459347a6e493051644377544b446b43414a6f4c597a397a7a2b5664424f777a70724f4f30316848314f546a6e7167456865325537366336703441675a73475367594e30696448454f7261734d4a44574464737551594b75596e364a4a42596c6d6a496f41514a4641736a574d41444673694e5546324e455173477768684967504167415a5a4241707a5a516d7a57334b676f42546c514b484e7750652f534d3936306b6165732b45752f77424b6b41486f4336494133694d4269534668677841706e4249624c61447351633268584173344558634f7859766c52626341795153426f5a45466b41454d4f35414645533068676f4a4145736959684b574e524953346b454741494d536767325a51494a484e4343444162424d556259344a4a3771616c47346b796232506b6a637854776773424a34574e664c5a5a4e4145414162745a7562504f37316d676c5961725172594a61394f32335367434d4355526463514c764969445275696150564d5a45536b48674a7a6b3377614f455a4867377a74302f62786859423952453534496f6552393777373878464f594c41586c497749676c4856584b6f3563444a596b6f416f59436d626b4168414b6b4e684362557355527041774159474b62424367414245434e4e4f4a554643697a414c4553424a6748426a4636414446424477435a744c4c6b77494169496f684d632b63644e6145734b414344444532414a68494248587451556a4a71424a67585141377954486451414249444551316b6b736f534b4b57386944416754636f674147796f5a7336656768674c41534e6d55774754494146676f5575756a5167334a345153496a4d45554351694268336b706138416b51614a70694b4477726b536f444b43597a4e50474949596a477639366a5769444145433330424f4c6e4736724b4f346a30446c6962594f6c424f77643568374849477351534d556e4c44794c7579456d44437642764b634b69564a6d43475351554763433556674b4d4f4743494343434937796445434e714f4153494d41396b7274746d4b6c4a78767a6f42734d307067514553314c4e3955447571437367704a3341594942524a453542464348674e563741695837496d4b44684f706b764e3279574f7230704332534b526d39782b42577561447470633437364b67677a5a2b76325677554943483237614558314f4e78464367495167455143414b75444232706a58546d3863316772616b7a4e4a496b414175496841414735416e565546684361374c75774242636b416f41496767675a66424168616142535641514355725a4852542b4f38557438774e514f332b31455151736c6b526b353062737a516343526c4777707941516b55444d46796b55494f34733679414e4949466a684d554961415545573753756d33624b7070474e6a52475743776251413131466a5451694d726b41464151664a473241364a396938415350747276346f4d7744625a6867496d4153537a454a67574965536b6a5947323576745937696742734a2f73646273587474574c515147704b397265786a4e466f4945534a4d727a4a6c496755417a69684b4f55434552764e7052323070585153595639495069356d6254544c6c4177566d774c416c575a6f4d69694b576741516741494a52493957447a5136584147433968455a385559516b6f68474a597448775a78616c59514f37515a4735526b6f4176445253366f685275434746674a4d614873516a6a41524b5951426871344977794e484a4e783535437a696b623059523844382f4b6769446a6f37465a376d3837553044414d4535566774447567716d624e695353454249676935336741734342396873677a732b6c327149455a4367576751316536457349375643454756312f486266496f4968744f656d6c6d484b497345633051456a4b6557622b65797a54686b754c334a556a305666444a56457838674741514b4244426d3451515a5a6c5243574449434a6867414675464275346b4b5452574d35524639453343434d7747525475313054424a526a614176646b4d4b6843674f6476796849424b494d78736b4647434d4b386767746768684d4151416e67435145784a4a4a64364641415751534541577943444c494b524a6b6c41496541617955674b455a594a526b6b41544b416f634a415331325659676246515144435a75474678475634616a6f3645654c6c555241476938746c71414a6159514367457743435678434455456b424967674270756841477a727039323273706f5964674e4432656a693941436c43535558744c7863434d334641556b673235706b584673514d53417037722f41434b4c6e4d53305265454343474d45694f686759454343327a366d54747657733841735a4d414541414d7969494d4168334445525a56337a55335a55436d426c3358352f6832745a676b4a45554d3441694a427533366f4a4555416747434b42694c6d514833544644544942414355514347454b555a43416732756569456a4241615967465059343655496467674e3867413937514139695251426c67704e435542675774624555776d7a6e7a567234352b2f3269724d6d2b424b4c67687a685152646c6f6f654150554a546b6c68734b78733568437053456c4a7135676b3670774a7379364c675349594a45676b53746b376c525453343970577556303655784249784143726b4178644a6c4d6746476c6f3043307362506b61304941574674654c53504b6f706b5a694252516743536f51414d63785259787a6e4a4541795178703038794c536247513873385444643171316958694751694d414a52437379344d5147584c4e716b4a4541593158585239656c4b626a734758724764333764434f526e474d5a7954374c7768524158427234417647642f414b68574d6f773361443153476a4b79335252416978774e79424959736b774142455664496741477942434a62484f34464d71693559455a47447352624559744d756767695532684973706f4141456e596b514b76574a684a4c74613563524941714e723143486650546e4253417363776256466b69456c31444b45496b424f514e445255316a51496c616b674f3267425a51756d5672415354356c6c4f6d43493345466a706a79445144636f666264306571426f3770517a302b682b5770535957693845353859745153516747635a5145473057434164516b47506d614d73736b704a486552414e544b345035396679314448494f417375574a4569435a4c69786169482b6874636658375153436c495a69794a3142673277544354646d4e32564e726b454937534c554d59467a524e6a523930614941765079507941614b30794a2b487259436744774352574531356f355734574865367a6569347761525441494156634e46575942754151384c7234704a6d5376512f6151776456326f426e722b556362432b503553534544366f694941584139304d61647142584141485753515a7649336f515151313646433942555758597357544a49456f416f4949556b4355594243374173444a4b41416331707154774849696a6357496778684d305243674946416b415157495a36305155354d415a69567a4d554d525930445a6d51324941794a7362743054466936346f54457953437257594e49364859674a5345437775625a6d39662f2f45414359524141494241774d44425145424141414141414141414145524951417851564668384847426b614778776448683852442f3267414941514942415438514969394143556f5242464951694b67704b314f5651703172565241426e6a6f4e61654c33344b4e4e456e56612b4b6169463848462b3854444648474c4733596b4834696871594761614652474657366742506e78794b4966344644436a515451787a313357744a466c72516f69694b4163306c5149644a444e526d46763274756f306b355154374874376a4833684831473163717a517959624150564151346c6b477866567953484c314f706f6b4a424231656666724136346f51586547376e54744a7a6352514d44426167456c7462427a686b464f536f496f6a64596f776f6d596f416c67306f55514c4369416d635664413638487a51474b6a4e5337633577557147696c5261774557693946415361774e6561337041456c692b646432445a2b4778524757784f6451447232312b545361414c535a4d6178664c754e5a4e51516768597a71314975774778366b514241436932466a4f666d4c326f5246676c72534c376432397a44494d674f71524f766a547870414250666b615553424761734b654b5178566f4e4c4e45557761454445564b674652704c3042527944587a323532725237614e6e627950355171674f4d49646167774a7657396c69453966464842474e4e6476796a4d564276724c5552335457454b6535576a71526473424677644474563141726567684d444b4951704d5945437a64796a6d7744432b495a652b6f47323442594a76704c5076746831634a3232367550534d3033417765655261737433357a31706f564147782b36644d69614d6d443830476d6146714a557874514d52532f77414f794941734e387a6f746a51674676746e4b336f726f537a6439426e796e754b4b68457a4c4a74713531734274525a4d66434564674c50457a6d67477a4a4f536753426f4961475375397a4a424249424f4c786270327a69314862712b594776526e46477044535a505454494e6a347665464b2f4573594d774f70525769394462536870664f59756c5138456c664776424863554d77514935794b415747674a4c506e656b57713667433156344270497430534c55514a52502b47495351585248776473682b744d424d30494d6c6a6e665855733344713569356a4a36664f5863495576444f74687361694e7565632b714143596b4c45364d333036396936494d4b46687344695149423146334a736169465234323338504f314547435a69784c375a416f6f53786b67324163445a47526c673169574e4b645957497632326f2f494c5658754f7573434268484c706c45474c76366665485a756d5a6e7065327631304e474142694c7a4d6476416e665967683049536a7a6e7852496d696954566a6f78717431365553364a4e4638787436454854684f3147416d766c6e776a3859643755524254664d646c314a77306d6c676b424a38415939782f5336494d7a7a6f6661724165386642705959706848515a426777672b74414c78692b5150626d68576746703359316e4f594f46537735467741317575683664364c42324463583530647071574f77415230524551544d447651694d57436169433430636d7a4c74614b5967424b32344862612b4d576f386b4d5a753944386d4e685273536a363676547a51786f416d6d72306a6456714478514a6f6744687a6e745177677a7a684f39415067774339756e73644e4b5049797462543437713145784b506b4e665076554c51664a3546714b3553766e6e49704245644f6835385545414a2f644577575a42362b696f4c4c39353030464a50506a76774844426f4157524933672b4e687259336f7a68574471657672734d6d35626b6d5363546272596e54563045434f34446e514748346f4367414e6a4479567155566841754a685a6e774e7554704645676a5355424c4c6d394f536142797851476c444f684d43487a6e7252744d573938366271656a6f5a44494f6a39656f31586d6841494a4e2b3378765268674d3966484f6e594957416b394c326a612f72516d6c542b394d635650444675487255426830357a536d6b45527862306952556746514244794b43646f6367642f375a426f313038656f4c6b483878676e44594d6a6b4a415a6e365444714b516334456443696368695465303031724177656d6f3978676e52554d455a6a6e585773555369642b50725164687a6e576a4a6939524f69643855774f336744352b4141416b6f64394d36373630745461666f647262396e5242792f696650696741586a6c2f77433067435248754c622b2b3546714a434c4134732f644351365a494d64507462356f7477664c346675396a5143525831527143324f646154527448536c69584f6254625772362f672f373955615143514a6d596d57454755464f383066594d6a4a417a5a574375446f45453038594a31446769565078594e55524c646c726e4f31444b6944336f4b49484f59696959427a74637a2f61446a6e5079676f6b43344f6471786b4f6e38663937555267383763564d37577465413831533242356d566930306a41475250786272306d6767424d6e78714e39582b55344d4854625735304d3732734750396f755676496a356f5a513776626e5769495950705257374964454e64573143374843776b414433773530365837554b706448744e396c524143456646425543696945704d4855435045455659794754677143534f68436744575842574e6c437354625269647a306f44586f4c2f6d756d76656b574c476b54616745574b436144626d73554a557961476b5a497055386476792f6168467541763353692f7634634243447977336d61424179394650397a37306370326f3763313736686b6d635059596e78615263555342734442786f63734141786b344353416b79447068784747466c55465446336a506665356d78566738496d336a6d6c4141547276466a373664365a4653514549326c462b7167793769544b574a30416c336a584b3156426d61442f4f5a373053486339772b6152756b3332306572386a4e46464951574136797a664c6b794651626a424e6258763571374c692b4d703172567566766969426f555261784e3872546e7455464a65675154516777644254684646396f37394f43684141547a795839356f644c52416944626e437a4449732b627a5151654f63393659457751764f4d775577734c5630556b7664526157554d61394e4161416b5453374d70685978725367756e574233705254596a5333572f48637a4a355737386a2f4747482f465053376f37666e6358644645307a6a437a3854356f706b7335784274476e7068556843425073654176576b494a7866787a58656d49683864642f6167594c4d4163303655516b706c514f6e785130546d4f656355416368317765326e76526d47463668396a2b71686f46422b397557394b4d5137394b4c416a6b3837596d73756739506d394b67334a4b56727556414f4d6d5a4e4c494e464c43675646714151415332667a6d4e4471365674313646357662726d697543646951454c4d4636554d52474f522b525151574a496e7448636d3366705136465061497a3266616a43436633746c39357736555849656b38332b4b746366506d694569674159467141437055636e614866465059383569696d4142747a715062536974706149396a726f506c3049756e72794b4b41784a6f68777631744d52306e7546593062492b685a5058595737306370536d437473693652394b6a6245517a4c49746f55584d64364f4a472b505a39766169464a766e396f3453774f5a754f4b394449444159304a2f586530696a47496a647949494d4a504444487452346b713279677a746b6443366a47435572332b54685746434744654e4d6e56384e36455143447a376f6a724831794851534a7876467474767375706c47696964434e43534b4d3443447a326e385643684a3532327359576970414148652b39755a6f414844487a3849646853494c4d305945514372593434666b5575594244735466364846616a4a417349766f2f5757414941464572416a4d454b3077312b5a5644696948336b2b7446747a4c51356e3579514b41764a762b4e37332b6865555655585262726c615a4944306f4149416f47334c5236336730544349424b6a7670386461444e575056382b4b4969793838385544486e4f54524a455175376a54303659384369344b6b356764563578664d304c447a5268554a4f745650523738785169496d426b612f4f654b6842684733542b30516d52323250617261664d2b74456757584e2b6d5076574e4b4331397843765a45665067304145784e6b3173377871416252556c7878316465746e756a5451616c7437432b455a364b31364d46526e4b3937644e624739494c43527a6e5479414d6e6d6e6d6a42317a31756668306643645336664274363059626b7531392b644655516144417753755874316f724f4876507a59696c6b4b667237476f6268377a6a666d39474e7a4935355a6447477670486969556149424d5555706f4a69747a7252695a494f76443737314b7950386f474144656842724e372f4146524271346f784e35787a6d4f6c4668642f563667784433383055596b6e626e396f566432387a7a70316f444933726d4833524745514f374f6e612f56626969556c497576666e536e514352783878516d4568322b2f61614d6842663335696a7950372f6d504a3141327363333973554349523066506a6765776f46494b46474b4941306751504f636d6a4664775a6a70366475757448616a6e4e6670344e41586d454a354e2b6c5a6a6a374965743176574a6f47696d4446417a7855554b6f6a4c6e35526849614549755066317041514e7563343641595a4670675941512f635454774b434e4f73382f45525a4c4a782b38745172627271654c30726f6e7a316f4145796c57674c307961474642624a39656265617564546a4c387334512f6c3734703241454c442b65784732394469792f5830344f6c4c615533325a33326f514a4a735a357251554c6e50733938676f674a32713051474b42456338554d43525a39714578434f633961495846714c59627043532b5a707946776e6e5550306c3062645736486e786169414343354870354d564c536f4e425455664a316c7946316452614d63392b53364d6638514a4b7159704f5079653065394d51653462716d726e766568424c4d485451394b516f333936634851534c4f68505230316648525962446e31526e71342b3369724a754f633855416770704f524d374856626a664647466a7a6c71454a444367584f37587949392f776c4a703576566f422b423754395731696d684742303861654e2b314c495251375436626a49746f32524f45484b71304e45366a6e4f476f776779544872516873444b324a417a33534f46516b74744a31356b5770397939504e464645726e4d4769697968317838656d7656516b4d704f4842634f4b67693232317153676d6d795a6f35546f42415144484f4f6952456d744641576b4a65574f3372726167736d38325049587854537942484c3971754e4462613231366e57774c46776a777965794e4933496c6b34597a425a757252554147593147534f71306a35704b594632514d624754506830756a487a614a4e796e30494159564351463270424d61367076384144525145494735365558634b534f6a5a384b48516b3252747a2b55414430454859744966596f4c55766e704850536b416444354d5a4854585967326d566f37664a3655384a49754f34334a3275766968494e4343485438706b6d2f46745253436731376356414643656664415141714e567769534378615255455466462f796e306e7261386e702f61576537363977744b464968546733322b644b675976466a5079714d4749544a4f65484231696c4967466e6275596a5533336f566e644c497339637862614b4c5253496f4c5369443569566d30416236304d6e332b504853696d514c43686f5a47696b61486e4c3056704f6a626b42704f4e5a782b315a4636596b364348696f455471563537552f68326f65726e6639387a374965356f68696a436f67366d3875385463725232457445784f587437345838712b4f3248525649664f6130577551742b636d6b473138504f744275454d5833774c734d396768546c6d70434b5532306f356b416d51372b644475656c4d536a3966337451594d38357a634549446d503751786968434e696477765552504d555142496b744a333971675465686b456b4a304d4346444a64686a6d61444a322b6563696e576f366468376e326f4331496c67526a33472f77417a5268624f2b474756435173696952336446424a41574137546a5666744f6133317836657a306b4563312b4b4d554273392f5461317336556f653936443241385770484e436844675551752f785154466a514943494731316b3970336441676a347a7a676f6b47557868382b3644433577305a455a6b6a5836745165346431514c69424d2f6c454353317775744547513830776772765241336f7765343030756b2f576d69684563724865314a4d594f68536c7259694e42614c4b6a7559774e4c58622b6a4e43374167686f4f6d7238304270652b6d3556456a4d642b652f7657536d4d4777706771526f6a6c326e6e72527941426d6d4c433567383572534341474b5743546f414d5a703542724271326562564436505a755662474c534b4d4a5046674e3076736346694343714979624778692f55385147687239744752643836555341656e7851325647685a456c622b30516b4452724133472f507575724f64652b626134474b565354616262626250556b61703445424a5146345541623451364e304c4259417a6752486e34546c586774516b6775675933704a6f48576a4243364b2b75397149525066676f74322f7743664c6f49414463642f6e307457634f632b4a7342436b344d63584f74426d536d4c57424c47524545683436304a41686f694333654362594138706243414945756357426b42656e616a4345767173645a2b6530555963525930643336764e4e5a4236785054353270516b3850536a757a4b53764a796676576c4343576554792b4c30533543674344767461306d7769686d6b734c706f4f6b3549706f47516e726162587a4b624b31714143486a553237417767356f634542382b546965733051415170434576384646524d5148547a414a4d3735613636666c474a414739344a5572792f707541537943423356326a50663746364f534a79372f4d75684559464755354c734a746f37366d4275495268416d45747a43746679776d426f49786c744248425167336d56544f325a6446477a304f75467436554d307275394e76487672527548417a35526f4a4377726c477779646b472f574b57516e6f454469484b693358656a524a333866337055744c7135682f4d6e494570557058426c65467075666f7a4c7367416d3876534a4464744b504a416367797657523336554d6c415a7139646c76536b6f4130434771415555726242754d64664b377a72566c676e58534c4479587558634130586f46426a5a44322b364d316b6257324a6552497934526f636742422f4a57747635536b696a653378794b58496e613757344f647657695367614c42527867735858422f4634455555424d707343794961494d5777316969535141414f3658762b3049613348506f554942544b39766b61396141434179705069325466765256495a6451444f47494a7372336f524e6b694a764179593039784d4770424341504674596f6b7943614a567164424a33487a396542513657452f545a7a714b4754453079644351414c6f78417765634f4b414e6847765731766b426f6b52594d4b516c726d482b42397145535569556248616651327671364946774d4738625937354e4361616a664d723448696b494f534357554e706377516a4a4b4a6968535a49367638416d4f6c54514d58453335713650496c677278504c555a756a6e746271756b786572366b6a615257614f706d5349337077674233346a316f3442424c3578722b5174414259456f417a4872476c71414846675142726f377035384a756f43544741416d6535335143534451434a495232306f4f784870536f674c6b33476f33385557515378694c6b4a705a397330514d6a4e41444f6a78464147366843436c77376a686a35675542344d6b657a7662576745772f4f6364435a554373624c6a712f494d4a554d4161452b34416a436841456c756a67424d4a556c6c67544741596549715049784d4142594f4865414755586b3672435230676e516852635a6f515445523634715679414341414743326d6f454642636c466b696937474f42597564684d716751557551496834494a32316c51614c416434504b4550414d2b4369557142424a45697862424a6b376561476352737339593848746967334a705851456e476c6f306f306c6b67324f6d335248304332436351385432316650536a4631527a6f6732304749784b734241563643456565622f77417041415643437163654b65664235365567796f57596f594b4844366144326f5141426c386e6e366966705252676a306b614f31376236586f457947346c4d44444f633959563643424a6f33524977424b6c54475969686b4f6a596844575a5031534f6965312f57674d3069535353343264307343684e61773448516d4336746267716d3349496b41745563495242513178516e594d43484a677466495244525a594b5173366937692b716e51753574515a4f794778426b434a467a354546454755497647343236363747494d6a455351704d6451725850576b70674f6c784f624e7a7252615239586e6e4c30435441517a366849524a685944596d684267766846764550534a6a33455671455236314650507167444e44486568456c41775154593952665545557337666e4f586c595a6f597a6c312b5061697a5252767469645936715446467434315a3672566959446853485376417244332f596d49616f635949655a6c526f4a376d6c50466a444f49734c435156744c445654776d567057594144534443424d7450416c4b44464553554247784b7544793968577579574e797048575749326c416951336f474c4541744a6a45616773697a4c704b4341797a49446755795973454349544641474762646554375a6f7769462b2f4f546d686b4d656450716463305575544241734e66564e372f414f4271464d453272336a376d6e4a73394a636f7a4e4676342f526f4543463649794748386664416741796144667645555a493164486a7253654a65414c4934744d78527a69454f6b433172625546515949765135743138356f4134674253685141444162344547776b7a354e457953626b6f354a6b587659497444755451774b543876326b4d584770794b4f4c7341504e774a31694a715a34455a4e69446b54346f686b304d477365664e5773422b47762f45414351514151454241514542415145424151414242514541414145524954454151564668635947526f624842306644682f396f41434145424141452f454a677a4b324873576d666f7245513867592b30776168556b47414e2f417a7734704369505141434a32543941365975686b476f3043635769775362587863734946375056417741677679676556305130344965456730414e4b5877384b51324561554542445472566a55586331324851775858393744314144435445436b4f434544484845332b2b4f4542645545446f3075704e6662656d676743675561782f52344a756442313875506856624349644a416b41364d5549712b4248773643524b6168514b476b45457a314352566f51416c544b7054534c68573678566f54527630594d416f5634644b2b6d49614349467434696e7751532b6d7055614555734b522f39766958427130344667684a44495767386b5244676f43376431445670724743777a4b36475242786f4164627a43416f514b5a6f4d6c414c77612f675a6c43684b4547426f7946716c77386f784b5855716f78423946393856474e4a6269673672436a696749516d6d6244614542794d51696d7570343435336b6d476a395855303674395141676f54524367776573675077384e694c54516a455643704b39705033315377777063317462556934443465505a484f4d326862714931614176455662684a6841754f52584f4262397a773152646d46315030566c3057412b57686c694d32676747727233414b4957304975516b4934414668443562496a7049477a55504269614541453662385a6c7267586b6361417a31326f58526558374c7a6263547857514161743864314e5549584978324b68517a3556536347377542525351707465476f375873673679674c77625672714a6d516974594143714673646e3470446373534546544c6146522f4274387170797367325361395552787a797667494d4c6a5a55463359764b74444a564259616a726169367a51766a53723230757752612b4e433146306745625241574e786b523052305138435976474d714155436269554b49672b476963623849586930585645364f784871764430676f576c5350316e6963414a454e43436839455552663534552b7849636e707a575a6136366543516f6b6f474831464f65462b474a53736f32793430434a5a7975555139422b4a7753416777565950364365594439665752554955704947303950334336514971567955426b5347504c747053796f67685943523947784d556f4b50656848514248766d445567413879654b6e364e757651686b596e53586b6936564d69586a45424941414b654f726f653762595146726649653832466f4c59734577416578327851577848694d437756577a5a456353726444437051714a2b5075477341686f7271474f6e765070414d43667941754f68796364645079614e63414b673364302b6a4a35384a796d4849466f7169354f4f4e306b6d516764494f736f72535a63444c50555941716b5552416b437a2b764f755549645844616e2f3047664430714864676c51434e525657762f67397069473649685a3831526a4e4f7439615742514a4e52663841304969327035413151782f4361547350774a2f59716363706743423647745737394876785068434435775945556c6361616869445a5943415a5254436731512b374d535a68415153365547425161385446424b77684c46704d6f6c6650344d2b4a497572344a7a65544b5343776354684d4d42624e587a69646c5553584b6b434a78364a5133564a546755434234417764566b4a4936316f436f5941393135362b516e7a7056723341674444755a514a6b6d414636546253634e495473306949425231415879516b4944594a34494d703072426b7158344b59733350586935614641456779696547734337354b7652416175304a4d4b4341563058623152674d4559743639342f5077325974336b6447437453504742775638335961437a462b67594c6871664544783276303531506970632f417a363854474941476b4e424d506b464f6d65416864616e30414b6b6232553351384f34416936386b595851324b37683536456d444b44543950462f614f426139466f7834556978776f682b72766772465734517871304c55487868543037625362705a6953675934634d7a67736b6b53454d4c34534867534c46314170684441504f5437716e7449624c4653334944384e547331484f393541424367766d63384274515258437262667634366659304877744d776742437243706b435a4279414a67342f45736463576a517867305951675448672f4f76344b307a6b654f7a3163504c36757257646c414b574b5a7751515a7a6668424b454951514c314256306c315641687453686e495162756e6d313854775541735145464b7354412b434a65536542524d686b7055734c62627a2f414239464e634d467946434f33507767654c35754559596778536d4c4c636965664b523251593669706a38693950442f414c465659497344394f376147456441514d4342394f3748365263486e47304c51784b466c586d75385a67337171443269582b727271587636755a5273576749484449475937346b69516855324a454748456576467145476755517251674b4e46484a30454d4f6865426b415671337a495563384830556a646a7774374b656c49496c66536e366b574744524b5a474b4341764d54597635575745494267445836344747706444416f442f304647634b3770446c6c433072496f2b477846536134524d69674e41773939452b49465a684a6f66466c44334170785452456b382b316a734839317341457159676c6d654a6131394f677975436f443436754d417a417752477476785953567457413246596357414d42384e5a6b4a42424e2f7763474a7948723469302f4a6b455039562f555071655262774575696f4242726f534a564d6f6e69525332425834474230594555513959456444595268414b6945364c616a4239556b554c517169517a2f7934774d676746697447674a573869344e4934726a4f416f45516a63307658786e4a566a596f776a384c4d6a666d6b534950496b496f55466f2b5954676b51644f454a30425156364b5530686b6c424a746f734538554e6c6e695251704343424859337a3559727078436838494e387231716d6f4a2f6b457567414461445945556b44563147576569794f506151424d513455704249397942417a396443364b47337a69635a565930692b4246385178777a67654166574551492b66734b326e38467449745641396342576f416f675670326c386d703873673949707773784a4d517436634e514345727130385863576c4d36646f4c3842314b39766c68735378626f6f73456a2f71377241637546775a4c70574344552f54514c424d593555506c4b7239742f44774e3467415262414b6c514952374a68345a696d4e455979307346425566714770534373744f45596c2f4735434f74714769456b465243306643576f7577546346704571673949674369767262416b7a49436c7551695179423830376d5543564e44682f5148324c48364141774b744d6b743069424d6863444573433746437343713639344b357262437a70522b586836784c4942434b4e4d6f4e7669554c4b67414655424c443945364b2b71356e5642416c797162647644557355756848364a304578774e744e4478534e7779674f4a5368537747545162496730623275313851775a71693758464563416b4f586b427473696d556a4634385562724f3849626d6267306e5571573055706744596e7744756e4e5a6951516978704a505368454c41435664422f704a7478754d4b595a4344682b76676a314d466a485a7a596c4c6a54516d482f432b4b426a61415547427067436267544a75322b536b2b6d4f4f5069464655384e6a4d45574b4278514751454e506734486a32793078774246666f506d6c6e373852346d4636432b49344234414a48456c566175565662316f4b4c6b72315963677134514265486f674147414946555343454b7668327738415a7451434355466756654a4136436e4b69516949564b414c4f724f4f5349315a43496c457671436f45524947312b787442786b4a37707445742b7832546a4a2f6b416b5147576b7071717246414b476668494f555141566775727279534833775570317969615556365a56594a6e6e315641454241554b4f4f684e44305678764e32476f6c524268566554663665736e52774842703335442f64375a454571536c5165306c735842417a6b524d5161467742457562354d4442736b3534495a2b536f4c4b306b5754455a534f726963346b476d335072634f58795349425467646270596166754e394b476a59485147677455682b356a356156425542526855454850314154306c76494b5949336f4e646f52486c534e6f45444f34426f436c5730793938676d734d7856554d5057327a52504656516277414646524342684a70564479787767537053684174694561504c55785a523468526f6a4c41542b686441713241674b567866422f516547597572396248514f47734f6f6144434c49636a70507348564c34763832514f304b5149486b6d45315970454a334d4f7236576c4a41712b49316e4d6c77466e3046714d68564b693670594b5a564730704b4b53415667586d7548656745726f4564582f686c4178557759434c3965416f665965377654716a7a51396d6a6a466649556d794b514b36646f4a665278464872644d5035315a5149646b4b52324f4a4f4a6144326a63525947566c4731554158654969497147637a6242517866325863576b4d394a6263415a647072455269683055476e6f464a7279307a7a62677849766b4444615150686755664342785246736951456341567546384a4d4f365641416141434445744777416342674343414b69454f61566b5148784b4b4d4331537133384d526b4d34624e326c536b6b634836624f59627851694142613170722b50427638414952456f476d6b6b77754d4b68357a7543364741336a424648674151434256516b4166415257506f68734a764250494b41475641507243304541326f42414442425351546247497131694367774955425342614268445343794768704e4e384f54314f4f7856673751444841492f54675456535954396845725955655a466c6545705531775153386d78564852476a34524d526d795347474e7153413337476d4235366e355053554936313953644e3861725077516c4273754944417265464154764252714c6155625730687772584241464f447a77447969724542507856364e365a766d6f73684c386141664f67434c6c766d7459585330557759555276584a6e687441713577445a45427a2b345a496e566c426f5836562b484839486764464b42774c7a6f704374497866566b7767516c494b6742546b41714538713659414e6b5656376c70564171344269657050796c49474d65434e504b687379595653414836437a46554e6c7864424a326a41306e3056356271534736723779694645614d387a52717151354d30514e44416c69386a6c674369584163655876454264524e5252743655437035464e70693441414c4d527a373459584356584169712b6e455a554772674f6c714b4a5a51487248776a796847364b4f76395745475255546d3346794c784a34712b656b4b464366384149497849313046526245574d3130494d4b7672536c475257737a445655563468625a475549414f7178495a396461446348413636676f4c6c504e765078444343726f514b424a5170576941764d334b7041414e78585341504f41516a484549303544565a566f7035344c45736863735277303752714e44384e52544f7041774a3448556b436c554253714669774b756a487a6b614a41616c4769304f6b44394b5a3267744f4d4151416f776f5254687959674a672f7048394b4c37376d674b67466f58634878527666486d425251556a4641386667586353586b7746522b41416b53632b4d49426f542b51306f424a324b78553357776d495754513064416b5245654555434a7a42564551426f4342487a7a6878564d704b6a534f686c55504d51434679435454366f3155552f66464b794e4371614b635349374762354c6e64457176745a7a394b6f4f6a7a544a4478514b4635616a5a523638636f5164494c2f774230345476695659544d525267534936664c547753474c4f6b4f364f563769677849334f384751597639627561484b2b55455a4b6d6c4965556d6b644c6f49596d79776a5a4956472b393170324f347932396172624a62464c466133682f716a4f4c47714331456155776f3159666864654e706b4d5249526e455a2b6d6d4e5067625848696e5a4370754e4e312f574b31434554537359614e344d353159513057617246494174573555704673674241676e4544746f4464533938514a7843594645445738495941704e4b49416d4970527073414d524b756f587752696a674b6765717745344a6f4a4b46703066436f48575a66676d6259576c30514b455036516732424e4f367a71526f6a553042586e766e434770496f43656e663733792f34416c5952306739304d2b59696556564f424e4b6730446d6a624c3857786170664547672f686f4b5469733947504f554547776f66315542613050414a4e776f3764662b787a504534336647395167513170434f526d76625169477773534545385455696e474a576742314f534c7a5735734f5266786c56775656465542464779466c7256676a4369396448594a51582b694341455359492b6249457167776c45694467354c6670495574454d47585736584e61706f6f6a4c567242462f417864687338636d46704b6a456358526f64365479725a415749325a683155554553654d3469766231413067484e4c71486761527755686767626b6172493153652b46345a41757146744633497567644c6a4c52384e4c76353158666c41756a73724b7249634132767a78344f6d4137694648525558365074627a4e54434367676c66674c612b526c427446615969466853667a6a34455a4c734d666d734146516f364e4275713664647049673151723442563731704b546f7337414d6a344258687639414f6455554c426c5569467275436a534138584270557579336752494c4951416647374d69727839744543484b46367851384c57424c56796f45305a6f31384f6a52524942414c617272774650454c392f4450493868616c66772b2f56544367554e514a515564436555775354697a46716f59335a576d674971616e30355568476752444e71716d50746b52684732414b4a454242387446654430717a6e52706f6c4e624748594b734f5167472f446838473649526851697259446762632b78725945366b494d686f436838654e30742f4369424354635a43314a37666e75733752465641434f764234674a696751435951663052656c51516b3556677469687a63767a793538774d2b32744c554c56454c676b784b544b546769577741695656386d45584a416771735130694966337855574c34676b4941416749526241395534744a463169644f76634565674d426851415335434b576f526f796f653946674b5743674a644370515767485367465370344d745a61614263693268303345724b7a3734587a4841413076524e4e4438444733714a514d595754503449564e6b5a7558594c534f6849694b59774b6157524747414c716b717669517131674e6f7073434b6e4758734944423244474458384c2f4143344c4c435162485762384430643142394b67555862696e676f462f774147447a516c31496d477a56455257623067462b6771533751774333547542745a4857424c525345437941676c4d6c4f756239394c654a466f546d473433316b767548633846754e55532b574d703142616157674d694c5a68567a527a734a2b666e2f77416d38715a48365a524a7570676830587072415567694c534a42497a35337a4d666e776f42694b516a397a654a2b636e67527a424c68657970343059305a536d536875444d42414b545a6e6b364b4836424651654c583245534a64714c693851516a5877536345776f4a6f67746b6867436f493739454b6f676471784477704a536f55446956476b595a635a612f3442784a7a31747054424772505235737165332f41444b5145446a2b55494c30386c724571496d70426766434f3556464c4a45696c684a5855533339457a67424f7442696730523146756b6b4d47484341554a565a5969744c664243483462654a504275595255306a6f446c6e43687045694a443443754b6368697863476a6a4f704e475a365477476c7a58386a78554f6757353564536c4e6a30423744537851524b4544456d506f414143414350413965305549467741494b4d4b3261383759454d46474d4e4c38352f5466456c457a473366312b2b6a4e456d4f396c434b50466f704d6a436d313956656e795374366e316f2b563449644b437070615658652b536f6e4d58534d47564d4c644e4e554761386e49414a6b794664786f5733787054345445465845692b76706e74574b59324d48555751684349476a7343587144527630467a506e6a50735759492b424d714f5150532f434c696c682f4179744d76383866436b5441526d36414b72306937665168636c6a6b4e7359596a7274347157644869725730776f51426f4541474754456855514176384131525946596753674d4c37522b5941366b783836776e536d514757424736756a3551615a424a45344868586441584e387a6c674a52695a67696830645337414e6736746e5441456d494c4b7a7a43562b2b3577616f4d4b41395165526351414975576a774d46794e72784e34736c2b6f43486b6f34777a4967625362455251416c4e4567327867614d6c3942416b6a702f77444748447855526241714570774274503039316472475242697666466159587941535669595155524d43555942785455614737414a3431774c7145373561667168677734694b4f6b4972504234774747364d5364646d516b6f694c6c4561434653473430323872576e6d776f55634d796159735a6e6e504e63466e6f6755557461494644537a4c423054564333396e70584e41344a2f47357a2f414a2f7a7971744369685437437677694e432b43596b346c6f436d6941795732653163704b74346c6a33434158714967545a30356963477749455159775139636f705149574275776b69384658764e79544b6a41636d756a55672b3145646d5159367a4f4b46723544684b307343685537706349486b50374268456f5a516f496d744a347267686c555339732b6d4945554670394b725764494b707070526b58317451784e4f516853416f55616e79654d376365574846466e3951647a365a6933714141552f77722f766c383953577241414a516741416f39686b52454a635656546b2b4c5054736f4141496345554e436e345445624457556756495346702f6d6b36416e494b7a4d6859456f496a45312b486731363751514341692f595346594a536b362f5953756e3757445338676c51476e57313253795052446f6e6b6876595849466c454d4c65587a7a3055455639452b507432736b6d582f414c2f7a2f77412b5a644e4d7241726c56527267336f38556c7834474c554c4c42426c77673541354a4157466a5a736567587a557a536c77594851742b795554792b49634a5546775041514a705942324f434c6971305758454f45414e3741724251516b66736773523276416a4c567659434d562b7144305241636a3367415545593277722f724a77324f5673667677782f504132707563426b48383056722f414f4a73467469445736524d68347477675961755059526e6479496f6d6c38617164614243556f36646b6c62416f2b5337716857534e64544248686735636c41517858316776434b3961325141456749775254476434756566744b52465161496e62585453453878324d536d56714b66726433566445436d49366e4b374a6a387365506a514d4c494e4e4469375968616f5261754c6756452b4851722f415068374a56724654534655554154352f4e4a6e53373663684a466645486c595241524f6b496f626d3666766864554c624a496a3834557355366359666a525855416f4667774c38636e53763442576b674a79494f486d5857645041574a4a583044524e4446514d2f6746435551566f71446d4a506e69536b3749617164684a593954314b454b6f61342b5879735477476d56617a762f414b3550434143474d45657631754e346b2f3644686a464b4850384158724339397a75474d5550426f44524274456e72746b3245614257445a7a536858784656556d69474d64437946557170514d477356616768724c4146622b6b6b385241663974714b486f526851364e77735937716132454577436764316a7a4d414968655233385559387247756f364371485a3145494564345a4c314471316f33742b45534c7a66566a4d506b446143676c4d572f7744664275544e57416f31674958372b70675a49452b312b6f714f376a2f70375971706b77366468463948544e506875555a776f354a67565342434e41445139786967673054494f2b6d453679454b7051416b6c484b512b6b657878515542733751515859312b444c49696542326d6e7751677a6457434971446f4241567339617870734b6b394536416f6c5046637055304951574b716b4742394965434c5a766b456b344645725851506b544233476577704c456342374f316d67674c414543694a61727a78657431435237674155685146414e676f384b4a72454b6468454348534f64506651304f4565425434773867586d68306163494f355865694b53625941596b755a427155312f6e69455a467734713942674272386157716e7452633662626d4177676c46465971427955563354522f4a4b654f6769597a30324849596f6d634738515769677442635249474b422b46667044426746625164336242306d5a3631566869494346426757584d456344646d68435a4b4d66416155754a456c4b4e784a54744451454c756a496546714c4a49725942784f684b67385952705677495643665233376d744e5a316f58454a4a416c4c666970353758465341626167414f7038443571307a6e366a6b30596649734a324861316a493552364167306b63626c4d6b314e6c43784b45665978536b596d7a324a55612f426f52634b4553454449434e495a394e4d425255546961435146726762396d4b46674b41434a4a72395a57684678386e49414d45694877336755354b4243724c73456e523864486156684f69316f503933374a354f4477676358306a3456584f5a7a7949516968546741435267692f6638416c6a7943356f684974453631575756416256614f4b774355494a655449554647514f4541537836657477354342507748385152582b77665239594e7843436c65794658697a75757257717379716877496b44747a7037704f77494f436f494b6d46454254586d686b53554c50774734763670327667494b4e44595077432f434a2b6e4472486a4b6649314547764e4d6d6c61387769666863482b343744664877754b305a7151574c4950384146525454746e53344a474b7751536e35416e454148722b6d4c2b73655050623546395545526c6b67636a7a6e69484562564241483672452f43525673705143794d6c4a434a4561614775655575514e2b41614576634b4946464d57612f48346c4b476d5a61614469743373535045497276682b684453674c33366a4d78776b516f2f523043666948653947675351524750467a6f665a44544b31656969733153744c33453331704143365248524854364857704371454c4f5973666b444d2b553465566a48315241614f6f7254536e6a426331616d3247456f6a535a483173534a3841345443354c2f58774f7974614e4a565467314a38444c634c6275422f304e73412b4958655073673144506350692f7638417059385064795a6b5338755a6f4e6e352f49394b534d4e4337582b68447556757a77504b4d70756f6341514a48344d5a644b364a734a6b763337393370486178516c72564e365557364f4b674d6e4253705a4634554169694c47654e767267684469694b5a69336f6e6f3273614149306a454d4c47467042626d7254777564414375682f586c7332754d4246585645466f42474147454849526d696a366f69466c56515131687032737142685841386547576d6e2b3948414c5256366b6342676a5a442b7a4a64447a676e6b76504242476a7741414b425334346b672f6e38762b654d6a61595a6f2b754c797a39333549437969496675584d5033766653347059705a39564f69552b514f496f366d53684a4c7334684d493173706764555331624b79794d53686264674955306a7074565263542b766f414f315270653359574679734c756439785941464556434e6c54376661364d68464763574e534d724443506a386c635553354b663952637032583053574f78726a79667a2f41505879785344632f42366358564576697842696e5269614f354450382f505451534145693964363336556531414e3359754d636c5a5873326a343937705452716955365a4e74737370585042455153444b33676f2f5234477a683255366d3441444c6a7159754746586f434c2b56384271724a4647723941737a534b4c7879416f42414a7430714b564c7951474c376a344345676f4179484c6c384e535247556f544e76594e49536e3449594a366f6e716f6755736f30655a45372f77436177365939436b44534b4f7273434f2f416f765642524951756f5536414556556b6f464351426f6b75664b5a6e693467734c557049723943546952685a544764593151314f5146783943734d594f58575952794857674d4c54387458774c764556506e79442b45454a435a6f41714176696b4e62566e4559487245677a476e684e514c705852663059542b726a504557585241583951635a416e2b6d4f654a5341344c70577255466e4141433078635567576652305a78663873394a616b457571764d4d416174523941754d2b733673794f43506833426b2b6745304a4e6f6e32414e37494b55694c4242476b413236444c4630633545565841744a657677775a45576c723945796a34414b517149413570627874526f386451645748474f676944344553713146516a4b484b53674b4e2b41717751684e59665050397965645265684f745234576b6b2b5350536743414642537353767434303852334d6e496f496f507a524d482b7168467757553143734e646a592f6441324c52546b77593361687735504775734b31614d6852654c482b437354547469365856536669585273704251596751736442586a6f53364d46596f4a654a304c6f7a78694a4c704b46696756425977506c7a624a54674a70514767515659465661444f6b463064426f356832486c347537494b436c454e716d463433784a6e335a417270484743623667576145783564687150345150454c734d5547674b4a6446523841706156695a41597461504468345a59684568532b484268786765303739785045636254434b71683442566e646b31445774347367674d51354343524b614b59672b31654b414147336d4333674661456730496143645143423034394252414972613546613241624b6f4a6b555277334a4436476251506266476f424c6453616d684c6870504838433356475369634f45555a36787052776f5255454345596732764a6c78436942457779616a634e626d634c532b5a43685767565a6a4248775278795345686b6c496767577850557a39584376316b593442394972652f66764b51586e44586845766f35434944344349364e4538554f536366445541516c53765434375447394548524d51566c6e7751426c6e56597a4c3276454e616746526f51344e437a4a50654c34595351476b51676c35466b7a7950525757595452675a774554776b6744344a492f687a635877415063416149414d614479494151454b4266675979655078786f4b523746564b5170794236515042504c434b426f5a53514b4a38496a454368696a5156565966614b706d6e746661754951624159525542734d4b573156754b746f5233494f3032655631753035494f3957584f6447487847702b6a58364d496f7567483177544854694b4d73423751384d4762614c416a41684d5143657338474b5a6b7a564b494b797236697153434e4657694b5a2b6f51494542645242377747635554526f694c72395554354a69457552594b32495970494b78734562416d446277534f414363516d434d4969567673627a6b696d417443576734567a424e4e4d522f465879774b4e396c486b7a7856366d50367863337a77764e6f4b672b49655634723139714946436c6d474a4d66415272345a617041704d436a702f5170736852466b434734427838552b38697679774659686b416f384b6a7361554349394658734b72766b65756b6f6f697a424b45326a57366f4a6d556872583647356971432b4c4b6f4544484368546d4d66413837363330716442785a486f32352b41774c4539782b4b59414d315938444b3143436b576c4870447a6e6d6261534d71434275524661717a6c52696f51344174514a2b55765a4467656c4b4a554f6a794f46644369313148693559307042347258476f4e354169494c5668346f747363565273733855774730416c614550776344526355646e6d664867545a536658454558376a434153544b43723170524750692b7166454c437774535033447769764e4f7777695442455642367346414730626445726b49575462667572494c4551576c7651636e784f6330546e5946425a37546c504762455145526849436f3155756f65424b6c49366c42564551554542664a312f7652557754557136657667386e5a67624a3850376a4c386a2f73596b436a69757370386a2b396877486c3955476231453173414178454338654b4545714d6b624449716a7a69495178554741343868584c7364654e5145794d73473962486c69364144424e42765334453168456c5674446855623971433378504379754241744958344b554a7774575662544f78697651373150646538344d6f724345414d723665746143715a535855305a5a685648364673546e3373776b556c384670425757784558414d7a554e726f71577071447242527257794571364b434134332b5876505148387453435452616f42556e37546e426f416a524a4b57774939524c4e536f43514e41726672786d4c5059394f41626b2b6d423754756a3644676347435055415042444d544457476b583041592f49515436794d50794551644674456b6877484f31457359705958334c416b526f585345307a7a31746a414553316c62376b676a653946786b4646424b464e4436345934687153734b376f784b472b5a57597859506c727269787145336b636836304d48593251616c3068476d56684c535253546176786c477a7950344d684442383336466930777442416b6f6b616d656955305052514b3462456f3334694354584e4472476b306e435175654e3330484d6c4130376f43486949704f35617351484f514367384d4c3463536f33412b314b49524a33385162587170597142304335674d44334943554b48443032524a5143502f414d702f2b775579734444542f77424f543071687a41424752736e493145684a49534d594745515642734f44507a534774664551694343456e6b3851513877675a75474149434158326f53684b537446542b3546577755725837454246726849504c4355745563423048663465414661564774433945797041474f2b545772574f6868374535632b56435272664d305a31524468612f5932534278544b46426a793646447251516c6c43626c524d42344e42353351546a4e4a5279443630756f745641395a45415153454c5963322b69753338652f7742766e53426d4c444646553466326670386162583173683239626255563941765268444a3651577a57634977344b545330654256416a44474b54614f6859426549476d43304179414f614f39626349366d6f4b6646544238574b4e64634c68474950457669785039576a512b6962504a45784e50362f55663841382b6348435979622f7744772f77444867765a444246502f41482f33786d737659705076387131712b5138364c35587954587057554250416155514c754632553844545753686847686c3751524c3230446b57464e49452b2b35624258474e48372b434831437a3857394477673950624942774b514536465148464d46794f6768784f7a3872726b4444524351547044726e67364a494c4f634b644451656452326748684a55726161544b4a366d527949544a786567724b796548314f504f70574e4e473345415878617369475071346f62515269526e71307a745656352b62766b5146344369665a4834622b37354e464f43684952417a4573654e587a43436e456a317170777a50564f64496f7948305870482f7741654d3833653433426172315543776a754c464d62366c2f6f514d6b7a77734d7433366658766d4674535a2f332f41506e69514247446e38662f414b50576c59612b6b357632632f7948773834594953704569505852694c4143304b504b416b51684469516b6d654a7a2b69314779564652682b38505275514c41564a5567414e6b4a49655563356f4678554d4b727a783258782f75625169434a67414565324e38797332303363484778716f4343434b494c77307937343753794369414b4b6b4133706a6e694e68345244546f63553757723146514741686f6b3068765172353264646475545a7271326b4a773941356657454d496b7a417a4f5a34426e35304b53697072504f5830392f2f5a);

