--
--  demo.sql inserts fake data into an oscar database
--  Copyright Peter Hutten-Czapski 2012 released under the GPL v2
--

INSERT INTO `demographic` (`title`, `last_name`, `first_name`, `address`, `city`, `province`, `postal`, `phone`, `phone2`, `email`, `year_of_birth`, `month_of_birth`, `date_of_birth`, `hin`, `ver`, `roster_status`, `roster_date`, `patient_status`, `date_joined`, `chart_no`, `official_lang`, `sex`, `end_date`, `eff_date`, `pcn_indicator`, `hc_type`, `hc_renew_date`, `family_doctor`, `newsletter`, `anonymous`, `lastUpdateUser`, `lastUpdateDate`) VALUES
('MS', 'ANDERSON', 'PAMELA', '410 Esplanade', 'Ladysmith', 'BC', 'V9G1A2', '250-245-6400', '250-245-6400', 'pam@anderson.com',  '1967', '07', '01', '2222222222', 'AZ', 'RO', NULL, 'AC', '1999-12-31', '1', 'English', 'F', '2051-01-05', '1999-01-05', NULL, 'ON', '2051-01-05', '<rdohip>023456</rdohip><rd>ReferringLast1new,ReferringFirst1</rd>', '-1', NULL, '999998', '2012-07-19');
SET @demo_id = LAST_INSERT_ID();
INSERT INTO `admission` (`client_id`, `program_id`, `provider_no`, `admission_date`, `admission_from_transfer`, `admission_notes`, `temp_admission`, `discharge_date`, `discharge_from_transfer`, `discharge_notes`, `temp_admit_discharge`, `admission_status`, `team_id`, `temporary_admission_flag`, `radioDischargeReason`, `clientstatus_id`, `automatic_discharge`) VALUES
(@demo_id, 10016, '100', '2012-07-12 12:12:12', 0, NULL, NULL, NULL, 0, NULL, NULL, 'current', 0, 0, '0', 0, 0);
INSERT INTO `dxresearch` ( `demographic_no`, `start_date`, `update_date`, `status`, `dxresearch_code`, `coding_system`, `association`) VALUES
(@demo_id, '2012-07-04', '2012-07-04', 'A', '250', 'icd9', 0);
INSERT INTO `hl7TextInfo` (`id`, `lab_no`, `sex`, `health_no`, `result_status`, `final_result_count`, `obr_date`, `priority`, `requesting_client`, `discipline`, `last_name`, `first_name`, `report_status`, `accessionNum`) VALUES
(2, 2, 'F', '2222222222', NULL, 5, '2011-10-01 00:00:00', NULL, 'DR. OSCARDOC', 'RIA/MICROBIOLOGY', 'ANDERSON', 'PAMELA', 'F', 'ZK59632'),
(3, 3, 'M', '1008614305', 'A', 38, '2011-10-02 00:00:00', NULL, 'DR. NORMAN BETHUNE', 'CHEMISTRY/RIA/HEMATOLOGY/HEMATOLOGY/CHEMISTRY', 'CAREY', 'JIM', 'F', 'ZL84625'),
(4, 4, 'M', '1005615461', 'A', 20, '2011-10-02 00:00:00', NULL, 'DR. NORMAN BETHUNE', 'CHEMISTRY/RIA/HEMATOLOGY', 'MCLUHAN', 'MARSHALL', 'F', 'ZL84676'),
(5, 5, 'F', '1006938243', 'A', 9, '2011-10-05 00:00:00', NULL, 'DR. NORMAN BETHUNE', 'CHEMISTRY', 'BONDAR', 'ROBERTA', 'F', 'ZL84708'),
(6, 6, 'M', '6934959815', 'A', 1, '2011-10-05 00:00:00', NULL, 'DR. NORMAN BETHUNE', 'HEMATOLOGY', 'SMITH', 'ROBERT', 'F', 'ZL84759'),
(7, 7, 'M', '6013740631', 'A', 1, '2011-10-05 00:00:00', NULL, 'DR. NORMAN BETHUNE', 'HEMATOLOGY', 'ERB', 'ROBERT', 'F', 'ZL84763'),
(8, 8, 'M', '2342123052', 'A', 1, '2011-10-05 00:00:00', NULL, 'DR. NORMAN BETHUNE', 'HEMATOLOGY', 'PERREAULT', 'JEAN BAPTISTE', 'F', 'ZL84771'),
(9, 9, 'F', '1006938243', NULL, 1, '2011-10-05 00:00:00', NULL, 'DR. NORMAN BETHUNE', 'HEMATOLOGY', 'BONDAR', 'ROBERTA', 'F', 'ZL84773');
INSERT INTO `hl7TextMessage` (`lab_id`, `fileUploadCheck_id`, `message`, `type`, `serviceName`, `created`) VALUES
(2, 2, 'TVNIfF5+XCZ8UmVwb3J0c3xDTUx8fHwyMDA5MTAwNjA2NTEtNTAwfHxPUlVeUjAxfHwxfDIuMw0KUElEfDF8fHwyMjIyMjIyMjIyXkhDXk9OfEFOREVSU09OXlBBTUVMQXx8MTk2NzA3MDF8Rnx8fHx8NzA1NTg1MjQ2Mg0KT1JDfE5XfFpLNTk2MzJ8fHxGfHx8fHx8fDI5MDY5Ml5EUi4gTk9STUFOIEJFVEhVTkV8fHwyMDA5MTAwMQ0KT0JSfDF8Wks1OTYzMnx8NjY5XkNITEFNWURJQXx8MjAwOTEwMDF8MjAwOTEwMDF8fHx8fHx8fHwyOTA2OTJeRFIuIE5PUk1BTiBCRVRIVU5FfHx8fHx8fHx8Rg0KT0JYfDF8U1R8NDYwMF4gU09VUkNFfFJJQV5DSExBTVlESUEgTkEtSFlCUklESVpBVElPTl58Q0VSVklDQUx8fHx8fHxGfHw0NjVeMTAwNDYwMHx8NzANCk9CWHwyfFNUfDQ2MTBeIENITEFNWURJQXxSSUFeQ0hMQU1ZRElBIE5BLUhZQlJJRElaQVRJT05efE5FR0FUSVZFfHx8fHx8Rnx8NDY1XjEwMDQ2MTB8fDcwDQpPQlJ8MnxaSzU5NjMyfHw3MDBeRE9DVU1FTlRBVElPTiBGRUV8fDIwMDkxMDAxfDIwMDkxMDAxfHx8fHx8fHx8MjkwNjkyXkRSLiBOT1JNQU4gQkVUSFVORXx8fHx8fHx8fEYNCk9CUnwzfFpLNTk2MzJ8fDYyN15HQyBDVUxUVVJFfHwyMDA5MTAwMXwyMDA5MTAwMXx8fHx8fHx8fDI5MDY5Ml5EUi4gTk9STUFOIEJFVEhVTkV8fHx8fHx8fHxGDQpPQlh8MXxTVHw2MjcxMF5TT1VSQ0V8Xk1JQ1JPQklPTE9HWV5DVUxUVVJFIEZPUiBHQ3xDRVJWSUNBTHx8fHx8fEZ8fDY1MjBeMTA2MjcxMHx8NzANCk9CWHwyfFNUfDYyNzUxXlNUQVRVU3xeTUlDUk9CSU9MT0dZXkNVTFRVUkUgRk9SIEdDfEZJTkFMfHx8fHx8Rnx8NjUyMF4xMDYyNzUxfHw3MA0KT0JYfDN8U1R8NjI3NjFeQ1VMVFVSRXxeTUlDUk9CSU9MT0dZXkNVTFRVUkUgRk9SIEdDfHx8fHx8fEZ8fDY1MjBeMTA2Mjc2MXx8NzANCk5URXwxfEx8Tk8gTi4gR09OT1JSSE9FQUUgSVNPTEFURUQgQVQgNDggSE9VUlMuDQpOVEV8MnxMfCAgDQpOVEV8M3xMfElGIFRIRSBDVUxUVVJFIEJFQ09NRVMgUE9TSVRJVkUgSU4gVEhFIA0KTlRFfDR8THxORVhUIDI0IEhPVVJTIEEgRlVSVEhFUiBSRVBPUlQgV0lMTCBCRSAgICAgDQpOVEV8NXxMfElTU1VFRC4NCg==', 'CML', 'InsideLabUploadAction', '2012-07-05 23:12:51'),
(3, 2, 'TVNIfF5+XCZ8UmVwb3J0c3xDTUx8fHwyMDA5MTAwNjA2NTEtNTAwfHxPUlVeUjAxfHwxfDIuMw0KUElEfDJ8fHwxMDA4NjE0MzA1Xk1KXk9OfENBUkVZXkpJTXx8MTk2MjAxMTd8TXx8fHx8NzA1Njg4MDU2MQ0KT1JDfE5XfFpMODQ2MjV8fHxGfHx8fHx8fDI5MDY5Ml5EUi4gTk9STUFOIEJFVEhVTkV8fHwyMDA5MTAwMg0KT0JSfDF8Wkw4NDYyNXx8MTExRlNeR0xVQ09TRSBGQVNUSU5HLVNFUnx8MjAwOTEwMDJ8MjAwOTEwMDJ8fHx8fHx8fHwyOTA2OTJeRFIuIE5PUk1BTiBCRVRIVU5FfHx8fHx8fHx8Rg0KT0JYfDF8U1R8MzAwN15HTFVDT1NFIEZBU1RJTkctU0VSfENIRU1JU1RSWV5efDYuOXxNTU9ML0x8My4zLTYuMHxBfHx8Rnx8MzAzXjEwMDMwMDd8fDcwDQpPQlJ8MnxaTDg0NjI1fHwwOTNeSEVNT0dMT0JJTiBBMUN8fDIwMDkxMDAyfDIwMDkxMDAyfHx8fHx8fHx8MjkwNjkyXkRSLiBOT1JNQU4gQkVUSFVORXx8fHx8fHx8fEYNCk9CWHwxfFNUfDM3NjdeSEVNT0dMT0JJTiBBMUN8Q0hFTUlTVFJZXl58MC4wNTF8fDAuMDQwLTAuMDYwfHx8fEZ8fDMwM14xMDAzNzY3fHw3MA0KT0JSfDN8Wkw4NDYyNXx8MzQxXlNFTlNJVElWRSBUU0h8fDIwMDkxMDAyfDIwMDkxMDAyfHx8fHx8fHx8MjkwNjkyXkRSLiBOT1JNQU4gQkVUSFVORXx8fHx8fHx8fEYNCk9CWHwxfFNUfDQwMjVeVFNIfFJJQV5efDUuMzR8TVUvTHwwLjMwLTQuNzB8QXx8fEZ8fDQwMV4xMDA0MDI1fHw3MA0KT0JSfDR8Wkw4NDYyNXx8MDY3XkNSRUFUSU5JTkV8fDIwMDkxMDAyfDIwMDkxMDAyfHx8fHx8fHx8MjkwNjkyXkRSLiBOT1JNQU4gQkVUSFVORXx8fHx8fHx8fEYNCk9CWHwxfFNUfDMxODBeQ1JFQVRJTklORXxDSEVNSVNUUlleXnw5M3xVTU9ML0x8NjAtMTI3fHx8fEZ8fDMwM14xMDAzMTgwfHw3MA0KT0JYfDJ8U1R8MzE5MF5lR0ZSfENIRU1JU1RSWV5efDcxfHx8fHx8Rnx8MzAzXjEwMDMxOTB8fDcwDQpOVEV8MXxMfCAgICAgKioqKiAgICAgICAgICAqKioqICAgICAgICAgICoqKioNCk5URXwyfEx8Rm9yIHBhdGllbnRzIG9mIEFmcmljYW4gZGVzY2VudCwgdGhlIHJlcG9ydGVkDQpOVEV8M3xMfGVHRlIgbXVzdCBiZSBtdWx0aXBsaWVkIGJ5IGEgY29ycmVjdGlvbg0KTlRFfDR8THxmYWN0b3Igb2YgMS4yMS4NCk5URXw1fEx8ICAgICAqKioqICAgICAgICAgICoqKiogICAgICAgICAgKioqKg0KT0JSfDV8Wkw4NDYyNXx8MjI2XlNPRElVTXx8MjAwOTEwMDJ8MjAwOTEwMDJ8fHx8fHx8fHwyOTA2OTJeRFIuIE5PUk1BTiBCRVRIVU5FfHx8fHx8fHx8Rg0KT0JYfDF8U1R8MzIxMF5TT0RJVU18Q0hFTUlTVFJZXl58MTM2fE1NT0wvTHwxMzUtMTQ2fHx8fEZ8fDMwM14xMDAzMjEwfHw3MA0KT0JSfDZ8Wkw4NDYyNXx8MjA0XlBPVEFTU0lVTXx8MjAwOTEwMDJ8MjAwOTEwMDJ8fHx8fHx8fHwyOTA2OTJeRFIuIE5PUk1BTiBCRVRIVU5FfHx8fHx8fHx8Rg0KT0JYfDF8U1R8MzIyMF5QT1RBU1NJVU18Q0hFTUlTVFJZXl58My45fE1NT0wvTHwzLjUtNS4yfHx8fEZ8fDMwM14xMDAzMjIwfHw3MA0KT0JSfDd8Wkw4NDYyNXx8MjIzXlNHUFQgKEFMVCl8fDIwMDkxMDAyfDIwMDkxMDAyfHx8fHx8fHx8MjkwNjkyXkRSLiBOT1JNQU4gQkVUSFVORXx8fHx8fHx8fEYNCk9CWHwxfFNUfDMzODBeQUxUfENIRU1JU1RSWV5efDYwfFUvTHw0LTQzfEF8fHxGfHwzMDNeMTAwMzM4MHx8NzANCk9CUnw4fFpMODQ2MjV8fDE5MV5QSE9TUEhBVEFTRSBBTEtBTElORXx8MjAwOTEwMDJ8MjAwOTEwMDJ8fHx8fHx8fHwyOTA2OTJeRFIuIE5PUk1BTiBCRVRIVU5FfHx8fHx8fHx8Rg0KT0JYfDF8U1R8MzM2MF5BTEsgUEhPU3xDSEVNSVNUUlleXnwyMTd8VS9MfDMwLTExMHxBfHx8Rnx8MzAzXjEwMDMzNjB8fDcwDQpPQlJ8OXxaTDg0NjI1fHwwMzBeQklMUlVCSU4gVE9UQUx8fDIwMDkxMDAyfDIwMDkxMDAyfHx8fHx8fHx8MjkwNjkyXkRSLiBOT1JNQU4gQkVUSFVORXx8fHx8fHx8fEYNCk9CWHwxfFNUfDMzNDBeVE9UQUwgQklMSVJVQklOfENIRU1JU1RSWV5efDYyLjB8VU1PTC9MfDAuMC0yMy4wfEF8fHxGfHwzMDNeMTAwMzM0MHx8NzANCk5URXwxfEx8U1BFQ0lNRU4gSVMgSUNURVJJQw0KT0JSfDEwfFpMODQ2MjV8fDAwNV5BTEJVTUlOIFFVQU5UfHwyMDA5MTAwMnwyMDA5MTAwMnx8fHx8fHx8fDI5MDY5Ml5EUi4gTk9STUFOIEJFVEhVTkV8fHx8fHx8fHxGDQpPQlh8MXxTVHwzMjcwXkFMQlVNSU58Q0hFTUlTVFJZXl58MTguNHxHL0x8MzMuMC00Ni4wfEF8fHxGfHwzMDNeMTAwMzI3MHx8NzANCk9CUnwxMXxaTDg0NjI1fHwxMTdeSERML0xETHx8MjAwOTEwMDJ8MjAwOTEwMDJ8fHx8fHx8fHwyOTA2OTJeRFIuIE5PUk1BTiBCRVRIVU5FfHx8fHx8fHx8Rg0KT0JYfDF8U1R8MzEyMF5DSE9MRVNURVJPTHxDSEVNSVNUUlleXnwzLjAzfE1NT0wvTHxUQVJHRVQgPDUuMjB8fHx8Rnx8MzY1XjEwMDMxMjB8fDcwDQpPQlh8MnxTVHwzMTQwXlRSSUdMWUNFUklERVN8Q0hFTUlTVFJZXl58MS4xN3xNTU9ML0x8VEFSR0VUIDwxLjcxfHx8fEZ8fDM2NV4xMDAzMTQwfHw3MA0KT0JYfDN8U1R8MzkyM15IREwgQ0hPTEVTVEVST0x8Q0hFTUlTVFJZXl58MC45MXxNTU9ML0x8VEFSR0VUID4xLjI5fEF8fHxGfHwzNjVeMTAwMzkyM3x8NzANCk9CWHw0fFNUfDM5MzNeTERMIENIT0xFU1RFUk9MfENIRU1JU1RSWV5efDEuNTl8TU1PTC9MfFNlZSBUYXJnZXRzfHx8fEZ8fDM2NV4xMDAzOTMzfHw3MA0KT0JYfDV8U1R8MzkzOV5DSE9ML0hETCBSQVRJT3xDSEVNSVNUUlleXnwzLjMzfHxTZWUgVGFyZ2V0c3x8fHxGfHwzNjVeMTAwMzkzOXx8NzANCk5URXwxfEx8Ki0tLS0tLS0tLS0qLS0tLS0tLS0tLSotLS0tLS0tLS0tKi0tLS0tLS0tLS0qDQpOVEV8MnxMfENsaW5pY2FsIFJpc2sgU3RhdHVzOiAgVGFyZ2V0IExpcGlkIExldmVscw0KTlRFfDN8THwqLS0tLS0tLS0tLSotLS0tLS0tLS0tKi0tLS0tLS0tLS0qLS0tLS0tLS0tLSoNCk5URXw0fEx8IElmIFJpc2sgIDogTERMLUMgLS1UYXJnZXRzLS0gQ0hPTC9IREwgUmF0aW8NCk5URXw1fEx8IExvdyAgICAgIDogIDw1LjEgICAgIGFuZCAgICAgICA8Ni4wDQpOVEV8NnxMfCBNb2RlcmF0ZSA6ICA8My41ICAgICBhbmQgICAgICAgPDUuMA0KTlRFfDd8THwgSGlnaCAgICAgOiAgPDIuMCAgICAgYW5kICAgICAgIDw0LjANCk5URXw4fEx8Li4uYXMgcGVyIDIwMDYgQ2FuYWRpYW4gR3VpZGVsaW5lcw0KT0JSfDEyfFpMODQ2MjV8fDM5M15DT01QTEVURSBCTE9PRCBDT1VOVHx8MjAwOTEwMDJ8MjAwOTEwMDJ8fHx8fHx8fHwyOTA2OTJeRFIuIE5PUk1BTiBCRVRIVU5FfHx8fHx8fHx8Rg0KT0JYfDF8U1R8MjAxMF5IRU1PR0xPQklOfEhFTUFUT0xPR1leXnwxMzh8Ry9MfDEzNS0xODB8fHx8Rnx8MjAxXjEwMDIwMTB8fDcwDQpPQlh8MnxTVHwyMDEzXkhFTUFUT0NSSVR8SEVNQVRPTE9HWV5efDAuMzk1fEwvTHwwLjM3LTAuNTR8fHx8Rnx8MjAxXjEwMDIwMTN8fDcwDQpPQlh8M3xTVHwyMDE2XldCQyBDT1VOVHxIRU1BVE9MT0dZXl58NS42fFgxMCA5L0x8NC4wLTExLjB8fHx8Rnx8MjAxXjEwMDIwMTZ8fDcwDQpPQlh8NHxTVHwyMDE5XlJCQyBDT1VOVHxIRU1BVE9MT0dZXl58My42NXxYMTAgMTIvTHw0LjUwLTYuNTB8QXx8fEZ8fDIwMV4xMDAyMDE5fHw3MA0KT0JYfDV8U1R8MjAyMl5NQ1Z8SEVNQVRPTE9HWV5efDEwOC4yfEZMfDgwLTk3fEF8fHxGfHwyMDFeMTAwMjAyMnx8NzANCk9CWHw2fFNUfDIwMjVeTUNIfEhFTUFUT0xPR1leXnwzNy44fFBHfDI3LjAtMzIuMHxBfHx8Rnx8MjAxXjEwMDIwMjV8fDcwDQpPQlh8N3xTVHwyMDI4Xk1DSEN8SEVNQVRPTE9HWV5efDM0OXxHL0x8MzIwLTM2MHx8fHxGfHwyMDFeMTAwMjAyOHx8NzANCk9CWHw4fFNUfDIwMjleUkRXfEhFTUFUT0xPR1leXnwxOS4yfCV8MTEuMC0xNC41fEF8fHxGfHwyMDFeMTAwMjAyOXx8NzANCk9CWHw5fFNUfDIwMzBeUExBVEVMRVQgQ09VTlR8SEVNQVRPTE9HWV5efDQ1fFgxMCA5L0x8MTUwLTQwMHxBfHx8Rnx8MjAxXjEwMDIwMzB8fDcwDQpPQlh8MTB8U1R8MjE5MV5BQlNPTFVURTogIE5FVVRST1N8SEVNQVRPTE9HWV5efDIuNnxYMTAgOS9MfDIuMC03LjV8fHx8Rnx8MjAxXjEwMDIxOTF8fDcwDQpPQlh8MTF8U1R8MjE5M14gICAgIChBKSAgIExZTVBIfEhFTUFUT0xPR1leXnwxLjd8WDEwIDkvTHwxLjEtMy4zfHx8fEZ8fDIwMV4xMDAyMTkzfHw3MA0KT0JYfDEyfFNUfDIxOTZeICAgICAoQSkgICBNT05PfEhFTUFUT0xPR1leXnwwLjd8WDEwIDkvTHwwLjAtMC44fHx8fEZ8fDIwMV4xMDAyMTk2fHw3MA0KT0JYfDEzfFNUfDIxOTdeICAgICAoQSkgICBFT1N8SEVNQVRPTE9HWV5efDAuNHxYMTAgOS9MfDAuMC0wLjV8fHx8Rnx8MjAxXjEwMDIxOTd8fDcwDQpPQlh8MTR8U1R8MjE5OF4gICAgIChBKSAgIEJBU098SEVNQVRPTE9HWV5efDAuMXxYMTAgOS9MfDAuMC0wLjJ8fHx8Rnx8MjAxXjEwMDIxOTh8fDcwDQpPQlh8MTV8U1R8MjA4OV5NQUNST0NZVE9TSVN8SEVNQVRPTE9HWV5efDErfHx8QXx8fEZ8fDIwM14xMDAyMDg5fHw3MA0KT0JYfDE2fFNUfDIxMDFeVEFSR0VUIENFTExTfEhFTUFUT0xPR1leXnwxK3x8fEF8fHxGfHwyMDNeMTAwMjEwMXx8NzANCk9CWHwxN3xTVHwyMTExXlBMQVRFTEVUU3xIRU1BVE9MT0dZXl58TUtEIFJFRFVDRUR8fHxBfHx8Rnx8MjAzXjEwMDIxMTF8fDcwDQpPQlJ8MTN8Wkw4NDYyNXx8NDQ1XklOUiAoUFQpfHwyMDA5MTAwMnwyMDA5MTAwMnx8fHx8fHx8fDI5MDY5Ml5EUi4gTk9STUFOIEJFVEhVTkV8fHx8fHx8fHxGDQpPQlh8MXxTVHwyMTY1XiAgSS5OLlIufEhFTUFUT0xPR1leXkNPQUdVTEFUSU9OfDIuMnx8MC44LTEuMnxBfHx8Rnx8MjM1XjEwMDIxNjV8fDcwDQpOVEV8MXxMfCAgICAgICAgICAgICAgICAgICAgICAgICAgDQpOVEV8MnxMfCAgICAgIFJFQ09NTUVOREVEIEkuTi5SLiBSQU5HRQ0KTlRFfDN8THwtLS0tLS0tLS0tLS0tLS0tLS0tLS0tLS0tLS0tLS0tLS0tLS0NCk5URXw0fEx8VEhST01CT0VNQk9MSVNNIFJJU0sgICAgICAgMi4wIC0gMy4wDQpOVEV8NXxMfFBST1NUSEVUSUMgSEVBUlQgVkFMVkUgICAgIDIuNSAtIDMuNQ0KTlRFfDZ8THwgICAgICAgICAgICAgICAgICAgICAgIA0KT0JSfDE0fFpMODQ2MjV8fDAwNVJVXk1JQ1JPQUxCVU1JTi1SQU5ET018fDIwMDkxMDAyfDIwMDkxMDAyfHx8fHx8fHx8MjkwNjkyXkRSLiBOT1JNQU4gQkVUSFVORXx8fHx8fHx8fEYNCk9CWHwxfFNUfDM1MzJeTUlDUk9BTEJVTUlOIChSVVIpfENIRU1JU1RSWV5eVVJJTkUgQ0hFTUlTVFJZOnw1Ljh8TUcvTHxCRUxPVyAxNXx8fHxGfHwzMTNeMTAwMzUzMnx8NzANCk9CUnwxNXxaTDg0NjI1fHwzNjcwXk1JQ1JPQUxCOkNSRUFULVJVfHwyMDA5MTAwMnwyMDA5MTAwMnx8fHx8fHx8fDI5MDY5Ml5EUi4gTk9STUFOIEJFVEhVTkV8fHx8fHx8fHxGDQpPQlh8MXxTVHwzNTM1XkNSRUFUSU5JTkUgKFJVUil8Q0hFTUlTVFJZXl5VUklORSBDSEVNSVNUUlk6fDI0LjR8TU1PTC9MfDUuMC0xMy4wfEF8fHxGfHwzMTNeMTAwMzUzNXx8NzANCk9CWHwyfFNUfDM1MzZeTUlDUk9BTEIvQ1JFQVQufENIRU1JU1RSWV5eVVJJTkUgQ0hFTUlTVFJZOnwwLjJ8fDwgMi4wfHx8fEZ8fDMxM14xMDAzNTM2fHw3MA0KT0JSfDE2fFpMODQ2MjV8fDcwMF5ET0NVTUVOVEFUSU9OIEZFRXx8MjAwOTEwMDJ8MjAwOTEwMDJ8fHx8fHx8fHwyOTA2OTJeRFIuIE5PUk1BTiBCRVRIVU5FfHx8fHx8fHx8Rg0KT0JSfDE3fFpMODQ2MjV8fDgwMF5CTE9PRCBGSUxNIElOVEVSUFJFVEFUSU9OfHwyMDA5MTAwMnwyMDA5MTAwMnx8fHx8fHx8fDI5MDY5Ml5EUi4gTk9STUFOIEJFVEhVTkV8fHx8fHx8fHxGDQpPQlh8MXxTVHwyMTEyXkJMRCBGSUxNIEVYQU18SEVNQVRPTE9HWV5efHx8fHx8fEZ8fDIyMV4xMDAyMTEyfHw3MHxeQS4gU0VJREVORkVMRCwgTS5ELl5GLlIuQy5QLihDKQ0KTlRFfDF8THxNSUxEIE1BQ1JPQ1lUT1NJUywgTUFSS0VEIFRIUk9NQk9DWVRPUEVOSUENCk5URXwyfEx8UlVMRSBPVVQgTElWRVIgRElTRUFTRSwgQjEyL0ZPTEFURQ0KTlRFfDN8THxERUZJQ0lFTkNZLCBEUlVHIEVGRkVDVCwgVklSQUwgRElTRUFTRSwNCk5URXw0fEx8SU1NVU5FIERJU0VBU0UsIElUUA0K', 'CML', 'InsideLabUploadAction', '2012-07-05 23:12:51'),
(4, 2, 'TVNIfF5+XCZ8UmVwb3J0c3xDTUx8fHwyMDA5MTAwNjA2NTEtNTAwfHxPUlVeUjAxfHwxfDIuMw0KUElEfDN8fHwxMDA1NjE1NDYxXlFDXk9OfE1DTFVIQU5eTUFSU0hBTEx8fDE5MTEwNzIxfE18fHx8fDcwNTUyMTAwMzgNCk9SQ3xOV3xaTDg0Njc2fHx8Rnx8fHx8fHwyNzM4MTNeRFIuIEsuIFMuIFRJTEJFfHx8MjAwOTEwMDINCk9CUnwxfFpMODQ2NzZ8fDIyNl5TT0RJVU18fDIwMDkxMDAyfDIwMDkxMDAyfHx8fHx8fHx8MjczODEzXkRSLiBLLiBTLiBUSUxCRXx8fHx8fHx8fEZ8fHwyOTA2OTJeRFIuIE5PUk1BTiBCRVRIVU5FDQpPQlh8MXxTVHwzMjEwXlNPRElVTXxDSEVNSVNUUlleXnwxMzl8TU1PTC9MfDEzNS0xNDZ8fHx8Rnx8MzAzXjEwMDMyMTB8fDcwDQpPQlJ8MnxaTDg0Njc2fHwyMDReUE9UQVNTSVVNfHwyMDA5MTAwMnwyMDA5MTAwMnx8fHx8fHx8fDI3MzgxM15EUi4gSy4gUy4gVElMQkV8fHx8fHx8fHxGfHx8MjkwNjkyXkRSLiBOT1JNQU4gQkVUSFVORQ0KT0JYfDF8U1R8MzIyMF5QT1RBU1NJVU18Q0hFTUlTVFJZXl58My42fE1NT0wvTHwzLjUtNS4yfHx8fEZ8fDMwM14xMDAzMjIwfHw3MA0KT0JSfDN8Wkw4NDY3Nnx8MDUzXkNITE9SSURFfHwyMDA5MTAwMnwyMDA5MTAwMnx8fHx8fHx8fDI3MzgxM15EUi4gSy4gUy4gVElMQkV8fHx8fHx8fHxGfHx8MjkwNjkyXkRSLiBOT1JNQU4gQkVUSFVORQ0KT0JYfDF8U1R8MzIzMF5DSExPUklERXxDSEVNSVNUUlleXnw5N3xNTU9ML0x8OTUtMTA4fHx8fEZ8fDMwM14xMDAzMjMwfHw3MA0KT0JSfDR8Wkw4NDY3Nnx8MzI5XkZFUlJJVElOfHwyMDA5MTAwMnwyMDA5MTAwMnx8fHx8fHx8fDI3MzgxM15EUi4gSy4gUy4gVElMQkV8fHx8fHx8fHxGfHx8MjkwNjkyXkRSLiBOT1JNQU4gQkVUSFVORQ0KT0JYfDF8U1R8NDA1MF5GRVJSSVRJTnxSSUFeXnw0NnxVRy9MfDI3LTIyMHx8fHxGfHw0MDJeMTAwNDA1MHx8NzANCk9CUnw1fFpMODQ2NzZ8fDM5M15DT01QTEVURSBCTE9PRCBDT1VOVHx8MjAwOTEwMDJ8MjAwOTEwMDJ8fHx8fHx8fHwyNzM4MTNeRFIuIEsuIFMuIFRJTEJFfHx8fHx8fHx8Rnx8fDI5MDY5Ml5EUi4gTk9STUFOIEJFVEhVTkUNCk9CWHwxfFNUfDIwMTBeSEVNT0dMT0JJTnxIRU1BVE9MT0dZXl58MTQ1fEcvTHwxMzUtMTgwfHx8fEZ8fDIwMV4xMDAyMDEwfHw3MA0KT0JYfDJ8U1R8MjAxM15IRU1BVE9DUklUfEhFTUFUT0xPR1leXnwwLjQzMnxML0x8MC4zNy0wLjU0fHx8fEZ8fDIwMV4xMDAyMDEzfHw3MA0KT0JYfDN8U1R8MjAxNl5XQkMgQ09VTlR8SEVNQVRPTE9HWV5efDguMnxYMTAgOS9MfDQuMC0xMS4wfHx8fEZ8fDIwMV4xMDAyMDE2fHw3MA0KT0JYfDR8U1R8MjAxOV5SQkMgQ09VTlR8SEVNQVRPTE9HWV5efDUuMTZ8WDEwIDEyL0x8NC41MC02LjUwfHx8fEZ8fDIwMV4xMDAyMDE5fHw3MA0KT0JYfDV8U1R8MjAyMl5NQ1Z8SEVNQVRPTE9HWV5efDgzLjZ8Rkx8ODAtOTd8fHx8Rnx8MjAxXjEwMDIwMjJ8fDcwDQpPQlh8NnxTVHwyMDI1Xk1DSHxIRU1BVE9MT0dZXl58MjguMHxQR3wyNy4wLTMyLjB8fHx8Rnx8MjAxXjEwMDIwMjV8fDcwDQpPQlh8N3xTVHwyMDI4Xk1DSEN8SEVNQVRPTE9HWV5efDMzNXxHL0x8MzIwLTM2MHx8fHxGfHwyMDFeMTAwMjAyOHx8NzANCk9CWHw4fFNUfDIwMjleUkRXfEhFTUFUT0xPR1leXnwxMy43fCV8MTEuMC0xNC41fHx8fEZ8fDIwMV4xMDAyMDI5fHw3MA0KT0JYfDl8U1R8MjAzMF5QTEFURUxFVCBDT1VOVHxIRU1BVE9MT0dZXl58MzY1fFgxMCA5L0x8MTUwLTQwMHx8fHxGfHwyMDFeMTAwMjAzMHx8NzANCk9CWHwxMHxTVHwyMTkxXkFCU09MVVRFOiAgTkVVVFJPU3xIRU1BVE9MT0dZXl58Ni44fFgxMCA5L0x8Mi4wLTcuNXx8fHxGfHwyMDFeMTAwMjE5MXx8NzANCk9CWHwxMXxTVHwyMTkzXiAgICAgKEEpICAgTFlNUEh8SEVNQVRPTE9HWV5efDEuMXxYMTAgOS9MfDEuMS0zLjN8fHx8Rnx8MjAxXjEwMDIxOTN8fDcwDQpPQlh8MTJ8U1R8MjE5Nl4gICAgIChBKSAgIE1PTk98SEVNQVRPTE9HWV5efDAuM3xYMTAgOS9MfDAuMC0wLjh8fHx8Rnx8MjAxXjEwMDIxOTZ8fDcwDQpPQlh8MTN8U1R8MjE5N14gICAgIChBKSAgIEVPU3xIRU1BVE9MT0dZXl58MC4xfFgxMCA5L0x8MC4wLTAuNXx8fHxGfHwyMDFeMTAwMjE5N3x8NzANCk9CWHwxNHxTVHwyMTk4XiAgICAgKEEpICAgQkFTT3xIRU1BVE9MT0dZXl58MC4wfFgxMCA5L0x8MC4wLTAuMnx8fHxGfHwyMDFeMTAwMjE5OHx8NzANCk9CUnw2fFpMODQ2NzZ8fDQ1MV5TRURJTUVOVEFUSU9OIFJBVEV8fDIwMDkxMDAyfDIwMDkxMDAyfHx8fHx8fHx8MjczODEzXkRSLiBLLiBTLiBUSUxCRXx8fHx8fHx8fEZ8fHwyOTA2OTJeRFIuIE5PUk1BTiBCRVRIVU5FDQpPQlh8MXxTVHwyMTEzXkVTUnxIRU1BVE9MT0dZXl58NDJ8TU0vSHwwLTE0fEF8fHxGfHwyMzBeMTAwMjExM3x8NzANCk9CUnw3fFpMODQ2NzZ8fDY2NUhTXmhzLUNSUHx8MjAwOTEwMDJ8MjAwOTEwMDJ8fHx8fHx8fHwyNzM4MTNeRFIuIEsuIFMuIFRJTEJFfHx8fHx8fHx8Rnx8fDI5MDY5Ml5EUi4gTk9STUFOIEJFVEhVTkUNCk9CWHwxfFNUfDI1MTBeaHMtQ1JQfEhFTUFUT0xPR1leXnwyOS42fE1HL0x8fEF8fHxGfHwyNzBeMTAwMjUxMHx8NzANCk5URXwxfEx8Q1VUIFBPSU5UUyBGT1IgQ0FSRElBQyBSSVNLIEFTU0VTU01FTlQgQVJFOg0KTlRFfDJ8THxMT1cgUklTSyBMRVZFTCAgICAgIDwxLjAgTUcvTA0KTlRFfDN8THxBVkVSQUdFIFJJU0sgTEVWRUwgIDEuMCAtIDMuMCBNRy9MDQpOVEV8NHxMfEhJR0ggUklTSyBMRVZFTCAgICAgPjMuMCBNRy9MDQpOVEV8NXxMfFZBTFVFUyA+OC4wIE1HL0wgSU5ESUNBVEUgSU5GTEFNTUFUT1JZDQpOVEV8NnxMfENPTkRJVElPTlMgQU5EIE1BWSBOT1QgUFJFRElDVCBDQVJESUFDIFJJU0sNCk5URXw3fEx8Lg0KT0JSfDh8Wkw4NDY3Nnx8NzAwXkRPQ1VNRU5UQVRJT04gRkVFfHwyMDA5MTAwMnwyMDA5MTAwMnx8fHx8fHx8fDI3MzgxM15EUi4gSy4gUy4gVElMQkV8fHx8fHx8fHxGfHx8MjkwNjkyXkRSLiBOT1JNQU4gQkVUSFVORQ0K', 'CML', 'InsideLabUploadAction', '2012-07-05 23:12:52'),
(5, 2, 'TVNIfF5+XCZ8UmVwb3J0c3xDTUx8fHwyMDA5MTAwNjA2NTEtNTAwfHxPUlVeUjAxfHwxfDIuMw0KUElEfDR8fHwxMDA2OTM4MjQzXlhYXk9OfEJPTkRBUl5ST0JFUlRBfHwxOTQ1MTIwNHxGfHx8fHw3MDU1MjI4ODI0DQpPUkN8Tld8Wkw4NDcwOHx8fEZ8fHx8fHx8MjkwNjkyXkRSLiBOT1JNQU4gQkVUSFVORXx8fDIwMDkxMDA1DQpPQlJ8MXxaTDg0NzA4fHwwNjZeQ1JFQVRJTkUgUEhPU1BIT0tJTkFTRXx8MjAwOTEwMDV8MjAwOTEwMDV8fHx8fHx8fHwyOTA2OTJeRFIuIE5PUk1BTiBCRVRIVU5FfHx8fHx8fHx8Rg0KT0JYfDF8U1R8MzQwMF5DS3xDSEVNSVNUUlleXnw2MHxVL0x8QkVMT1cgMTcwfHx8fEZ8fDMwM14xMDAzNDAwfHw3MA0KT0JSfDJ8Wkw4NDcwOHx8MjIzXlNHUFQgKEFMVCl8fDIwMDkxMDA1fDIwMDkxMDA1fHx8fHx8fHx8MjkwNjkyXkRSLiBOT1JNQU4gQkVUSFVORXx8fHx8fHx8fEYNCk9CWHwxfFNUfDMzODBeQUxUfENIRU1JU1RSWV5efDIzfFUvTHw0LTQzfHx8fEZ8fDMwM14xMDAzMzgwfHw3MA0KT0JSfDN8Wkw4NDcwOHx8MTkxXlBIT1NQSEFUQVNFIEFMS0FMSU5FfHwyMDA5MTAwNXwyMDA5MTAwNXx8fHx8fHx8fDI5MDY5Ml5EUi4gTk9STUFOIEJFVEhVTkV8fHx8fHx8fHxGDQpPQlh8MXxTVHwzMzYwXkFMSyBQSE9TfENIRU1JU1RSWV5efDY1fFUvTHwzMC0xMTB8fHx8Rnx8MzAzXjEwMDMzNjB8fDcwDQpPQlJ8NHxaTDg0NzA4fHwwMzBeQklMUlVCSU4gVE9UQUx8fDIwMDkxMDA1fDIwMDkxMDA1fHx8fHx8fHx8MjkwNjkyXkRSLiBOT1JNQU4gQkVUSFVORXx8fHx8fHx8fEYNCk9CWHwxfFNUfDMzNDBeVE9UQUwgQklMSVJVQklOfENIRU1JU1RSWV5efDEzLjB8VU1PTC9MfDAuMC0yMy4wfHx8fEZ8fDMwM14xMDAzMzQwfHw3MA0KT0JSfDV8Wkw4NDcwOHx8MTE3XkhETC9MREx8fDIwMDkxMDA1fDIwMDkxMDA1fHx8fHx8fHx8MjkwNjkyXkRSLiBOT1JNQU4gQkVUSFVORXx8fHx8fHx8fEYNCk9CWHwxfFNUfDMxMjBeQ0hPTEVTVEVST0x8Q0hFTUlTVFJZXl58Mi40NnxNTU9ML0x8VEFSR0VUIDw1LjIwfHx8fEZ8fDM2NV4xMDAzMTIwfHw3MA0KT0JYfDJ8U1R8MzE0MF5UUklHTFlDRVJJREVTfENIRU1JU1RSWV5efDEuMzZ8TU1PTC9MfFRBUkdFVCA8MS43MXx8fHxGfHwzNjVeMTAwMzE0MHx8NzANCk9CWHwzfFNUfDM5MjNeSERMIENIT0xFU1RFUk9MfENIRU1JU1RSWV5efDAuOTJ8TU1PTC9MfFRBUkdFVCA+MS4yOXxBfHx8Rnx8MzY1XjEwMDM5MjN8fDcwDQpPQlh8NHxTVHwzOTMzXkxETCBDSE9MRVNURVJPTHxDSEVNSVNUUlleXnwwLjkyfE1NT0wvTHxTZWUgVGFyZ2V0c3x8fHxGfHwzNjVeMTAwMzkzM3x8NzANCk9CWHw1fFNUfDM5MzleQ0hPTC9IREwgUkFUSU98Q0hFTUlTVFJZXl58Mi42N3x8U2VlIFRhcmdldHN8fHx8Rnx8MzY1XjEwMDM5Mzl8fDcwDQpOVEV8MXxMfCotLS0tLS0tLS0tKi0tLS0tLS0tLS0qLS0tLS0tLS0tLSotLS0tLS0tLS0tKg0KTlRFfDJ8THxDbGluaWNhbCBSaXNrIFN0YXR1czogIFRhcmdldCBMaXBpZCBMZXZlbHMNCk5URXwzfEx8Ki0tLS0tLS0tLS0qLS0tLS0tLS0tLSotLS0tLS0tLS0tKi0tLS0tLS0tLS0qDQpOVEV8NHxMfCBJZiBSaXNrICA6IExETC1DIC0tVGFyZ2V0cy0tIENIT0wvSERMIFJhdGlvDQpOVEV8NXxMfCBMb3cgICAgICA6ICA8NS4xICAgICBhbmQgICAgICAgPDYuMA0KTlRFfDZ8THwgTW9kZXJhdGUgOiAgPDMuNSAgICAgYW5kICAgICAgIDw1LjANCk5URXw3fEx8IEhpZ2ggICAgIDogIDwyLjAgICAgIGFuZCAgICAgICA8NC4wDQpOVEV8OHxMfC4uLmFzIHBlciAyMDA2IENhbmFkaWFuIEd1aWRlbGluZXMNCk9CUnw2fFpMODQ3MDh8fDcwMF5ET0NVTUVOVEFUSU9OIEZFRXx8MjAwOTEwMDV8MjAwOTEwMDV8fHx8fHx8fHwyOTA2OTJeRFIuIE5PUk1BTiBCRVRIVU5FfHx8fHx8fHx8Rg0K', 'CML', 'InsideLabUploadAction', '2012-07-05 23:12:52'),
(6, 2, 'TVNIfF5+XCZ8UmVwb3J0c3xDTUx8fHwyMDA5MTAwNjA2NTEtNTAwfHxPUlVeUjAxfHwxfDIuMw0KUElEfDV8fHw2OTM0OTU5ODE1XktWXk9OfFNNSVRIXlJPQkVSVHx8MTkzNTAyMDh8TXx8fHx8NzA1NTIyMDQ3OA0KT1JDfE5XfFpMODQ3NTl8fHxGfHx8fHx8fDI5MDY5Ml5EUi4gTk9STUFOIEJFVEhVTkV8fHwyMDA5MTAwNQ0KT0JSfDF8Wkw4NDc1OXx8NDQ1XklOUiAoUFQpfHwyMDA5MTAwNXwyMDA5MTAwNXx8fHx8fHx8fDI5MDY5Ml5EUi4gTk9STUFOIEJFVEhVTkV8fHx8fHx8fHxGDQpPQlh8MXxTVHwyMTY1XiAgSS5OLlIufEhFTUFUT0xPR1leXkNPQUdVTEFUSU9OfDIuMnx8MC44LTEuMnxBfHx8Rnx8MjM1XjEwMDIxNjV8fDcwDQpOVEV8MXxMfCAgICAgICAgICAgICAgICAgICAgICAgICAgDQpOVEV8MnxMfCAgICAgIFJFQ09NTUVOREVEIEkuTi5SLiBSQU5HRQ0KTlRFfDN8THwtLS0tLS0tLS0tLS0tLS0tLS0tLS0tLS0tLS0tLS0tLS0tLS0NCk5URXw0fEx8VEhST01CT0VNQk9MSVNNIFJJU0sgICAgICAgMi4wIC0gMy4wDQpOVEV8NXxMfFBST1NUSEVUSUMgSEVBUlQgVkFMVkUgICAgIDIuNSAtIDMuNQ0KTlRFfDZ8THwgICAgICAgICAgICAgICAgICAgICAgIA0KT0JSfDJ8Wkw4NDc1OXx8NzAwXkRPQ1VNRU5UQVRJT04gRkVFfHwyMDA5MTAwNXwyMDA5MTAwNXx8fHx8fHx8fDI5MDY5Ml5EUi4gTk9STUFOIEJFVEhVTkV8fHx8fHx8fHxGDQo=', 'CML', 'InsideLabUploadAction', '2012-07-05 23:12:52'),
(7, 2, 'TVNIfF5+XCZ8UmVwb3J0c3xDTUx8fHwyMDA5MTAwNjA2NTEtNTAwfHxPUlVeUjAxfHwxfDIuMw0KUElEfDZ8fHw2MDEzNzQwNjMxXllXXk9OfEVSQl5ST0JFUlR8fDE5MzgwNjA4fE18fHx8fDcwNTUyMjIyMDkNCk9SQ3xOV3xaTDg0NzYzfHx8Rnx8fHx8fHwyOTA2OTJeRFIuIE5PUk1BTiBCRVRIVU5FfHx8MjAwOTEwMDUNCk9CUnwxfFpMODQ3NjN8fDQ0NV5JTlIgKFBUKXx8MjAwOTEwMDV8MjAwOTEwMDV8fHx8fHx8fHwyOTA2OTJeRFIuIE5PUk1BTiBCRVRIVU5FfHx8fHx8fHx8Rg0KT0JYfDF8U1R8MjE2NV4gIEkuTi5SLnxIRU1BVE9MT0dZXl5DT0FHVUxBVElPTnwyLjF8fDAuOC0xLjJ8QXx8fEZ8fDIzNV4xMDAyMTY1fHw3MA0KTlRFfDF8THwgICAgICAgICAgICAgICAgICAgICAgICAgIA0KTlRFfDJ8THwgICAgICBSRUNPTU1FTkRFRCBJLk4uUi4gUkFOR0UNCk5URXwzfEx8LS0tLS0tLS0tLS0tLS0tLS0tLS0tLS0tLS0tLS0tLS0tLS0tDQpOVEV8NHxMfFRIUk9NQk9FTUJPTElTTSBSSVNLICAgICAgIDIuMCAtIDMuMA0KTlRFfDV8THxQUk9TVEhFVElDIEhFQVJUIFZBTFZFICAgICAyLjUgLSAzLjUNCk5URXw2fEx8ICAgICAgICAgICAgICAgICAgICAgICANCk9CUnwyfFpMODQ3NjN8fDcwMF5ET0NVTUVOVEFUSU9OIEZFRXx8MjAwOTEwMDV8MjAwOTEwMDV8fHx8fHx8fHwyOTA2OTJeRFIuIE5PUk1BTiBCRVRIVU5FfHx8fHx8fHx8Rg0K', 'CML', 'InsideLabUploadAction', '2012-07-05 23:12:52'),
(8, 2, 'TVNIfF5+XCZ8UmVwb3J0c3xDTUx8fHwyMDA5MTAwNjA2NTEtNTAwfHxPUlVeUjAxfHwxfDIuMw0KUElEfDd8fHwyMzQyMTIzMDUyXkNIXk9OfFBFUlJFQVVMVF5KRUFOIEJBUFRJU1RFfHwxOTI4MDYyNHxNfHx8fHw3MDU2NzM3NjAyDQpPUkN8Tld8Wkw4NDc3MXx8fEZ8fHx8fHx8MjkwNjkyXkRSLiBOT1JNQU4gQkVUSFVORXx8fDIwMDkxMDA1DQpPQlJ8MXxaTDg0NzcxfHw0NDVeSU5SIChQVCl8fDIwMDkxMDA1fDIwMDkxMDA1fHx8fHx8fHx8MjkwNjkyXkRSLiBOT1JNQU4gQkVUSFVORXx8fHx8fHx8fEYNCk9CWHwxfFNUfDIxNjVeICBJLk4uUi58SEVNQVRPTE9HWV5eQ09BR1VMQVRJT058Mi40fHwwLjgtMS4yfEF8fHxGfHwyMzVeMTAwMjE2NXx8NzANCk5URXwxfEx8ICAgICAgICAgICAgICAgICAgICAgICAgICANCk5URXwyfEx8ICAgICAgUkVDT01NRU5ERUQgSS5OLlIuIFJBTkdFDQpOVEV8M3xMfC0tLS0tLS0tLS0tLS0tLS0tLS0tLS0tLS0tLS0tLS0tLS0tLQ0KTlRFfDR8THxUSFJPTUJPRU1CT0xJU00gUklTSyAgICAgICAyLjAgLSAzLjANCk5URXw1fEx8UFJPU1RIRVRJQyBIRUFSVCBWQUxWRSAgICAgMi41IC0gMy41DQpOVEV8NnxMfCAgICAgICAgICAgICAgICAgICAgICAgDQpPQlJ8MnxaTDg0NzcxfHw3MDBeRE9DVU1FTlRBVElPTiBGRUV8fDIwMDkxMDA1fDIwMDkxMDA1fHx8fHx8fHx8MjkwNjkyXkRSLiBOT1JNQU4gQkVUSFVORXx8fHx8fHx8fEYNCg==', 'CML', 'InsideLabUploadAction', '2012-07-05 23:12:52'),
(9, 2, 'TVNIfF5+XCZ8UmVwb3J0c3xDTUx8fHwyMDA5MTAwNjA2NTEtNTAwfHxPUlVeUjAxfHwxfDIuMw0KUElEfDh8fHwxMDA2OTM4MjQzXlhYXk9OfEJPTkRBUl5ST0JFUlRBfHwxOTQ1MTIwNHxGfHx8fHw3MDU2NzU3OTg5DQpPUkN8Tld8Wkw4NDc3M3x8fEZ8fHx8fHx8MjQ5NTgxXkRSLiBLLiBERUJMQUNBTXx8fDIwMDkxMDA1DQpPQlJ8MXxaTDg0NzczfHw0NDVeSU5SIChQVCl8fDIwMDkxMDA1fDIwMDkxMDA1fHx8fHx8fHx8MjQ5NTgxXkRSLiBLLiBERUJMQUNBTXx8fHx8fHx8fEZ8fHwyOTA2OTJeRFIuIE5PUk1BTiBCRVRIVU5FDQpPQlh8MXxTVHwyMTY1XiAgSS5OLlIufEhFTUFUT0xPR1leXkNPQUdVTEFUSU9OfDEuMXx8MC44LTEuMnx8fHxGfHwyMzVeMTAwMjE2NXx8NzANCk5URXwxfEx8ICAgICAgICAgICAgICAgICAgICAgICAgICANCk5URXwyfEx8ICAgICAgUkVDT01NRU5ERUQgSS5OLlIuIFJBTkdFDQpOVEV8M3xMfC0tLS0tLS0tLS0tLS0tLS0tLS0tLS0tLS0tLS0tLS0tLS0tLQ0KTlRFfDR8THxUSFJPTUJPRU1CT0xJU00gUklTSyAgICAgICAyLjAgLSAzLjANCk5URXw1fEx8UFJPU1RIRVRJQyBIRUFSVCBWQUxWRSAgICAgMi41IC0gMy41DQpOVEV8NnxMfCAgICAgICAgICAgICAgICAgICAgICAgDQpPQlJ8MnxaTDg0NzczfHw3MDBeRE9DVU1FTlRBVElPTiBGRUV8fDIwMDkxMDA1fDIwMDkxMDA1fHx8fHx8fHx8MjQ5NTgxXkRSLiBLLiBERUJMQUNBTXx8fHx8fHx8fEZ8fHwyOTA2OTJeRFIuIE5PUk1BTiBCRVRIVU5FDQpGVFN8OA0K', 'CML', 'InsideLabUploadAction', '2012-07-05 23:12:52');
INSERT INTO `measurements` (`id`, `type`, `demographicNo`, `providerNo`, `dataField`, `measuringInstruction`, `dateObserved`, `dateEntered`) VALUES
(1, NULL, @demo_id, '0', 'CERVICAL', NULL,  '2011-10-01 00:00:00', '2012-07-05 11:12:51'),
(2, NULL, @demo_id, '0', 'NEGATIVE', NULL,  '2011-10-01 00:00:00', '2012-07-05 11:12:51'),
(3, NULL, @demo_id, '0', 'CERVICAL', NULL,  '2011-10-01 00:00:00', '2012-07-05 11:12:51'),
(4, NULL, @demo_id, '0', 'FINAL', NULL,  '2011-10-01 00:00:00', '2012-07-05 11:12:51'),
(5, 'INR', @demo_id, '0', '2.2', 'INR Blood Work',  '2011-10-05 00:00:00', '2012-07-13 07:45:17'),
(6, NULL, @demo_id, '0', '60', NULL,  '2011-10-05 00:00:00', '2012-07-13 08:36:09'),
(7, 'ALT', @demo_id, '0', '23', NULL,  '2011-10-05 00:00:00', '2012-07-13 08:36:09'),
(8, NULL, @demo_id, '0', '65', NULL,  '2011-10-05 00:00:00', '2012-07-13 08:36:09'),
(9, NULL, @demo_id, '0', '13.0', NULL,  '2011-10-05 00:00:00', '2012-07-13 08:36:09'),
(10, 'TCHL', @demo_id, '0', '2.46', 'in mmol/L (nn.n) Range:2.0-12.0', '2011-10-05 00:00:00', '2012-07-13 08:36:09'),
(11, 'TG', @demo_id, '0', '1.36', 'monitor every 1-3 year', '2011-10-05 00:00:00', '2012-07-13 08:36:09'),
(12, 'HDL', @demo_id, '0', '0.92', 'in mmol/L (n.n) Range:0.4-4.0', '2011-10-05 00:00:00', '2012-07-13 08:36:09'),
(13, 'LDL', @demo_id, '0', '0.92', 'monitor every 1-3 year', '2011-10-05 00:00:00', '2012-07-13 08:36:09'),
(14, 'TCHD', @demo_id, '0', '2.67', 'monitor every 1-3 year', '2011-10-05 00:00:00', '2012-07-13 08:36:09'),
(15, 'INR', @demo_id, '0', '2.1', 'INR Blood Work',  '2011-10-05 00:00:00', '2012-07-13 08:37:20'),
(16, 'INR', @demo_id, '0', '1.1', 'INR Blood Work',  '2011-10-05 00:00:00', '2012-07-13 08:41:54');
INSERT INTO `measurementsExt` (`measurement_id`, `keyval`, `val`) VALUES
(1, 'lab_no', '2'),
(1, 'abnormal', 'N'),
(1, 'identifier', '4600'),
(1, 'name', 'SOURCE'),
(1, 'labname', 'CML'),
(1, 'accession', 'ZK59632'),
(1, 'datetime', '2011-10-01'),
(2, 'lab_no', '2'),
(2, 'abnormal', 'N'),
(2, 'identifier', '4610'),
(2, 'name', 'CHLAMYDIA'),
(2, 'labname', 'CML'),
(2, 'accession', 'ZK59632'),
(2, 'datetime', '2011-10-01'),
(3, 'lab_no', '2'),
(3, 'abnormal', 'N'),
(3, 'identifier', '62710'),
(3, 'name', 'SOURCE'),
(3, 'labname', 'CML'),
(3, 'accession', 'ZK59632'),
(3, 'datetime', '2011-10-01'),
(4, 'lab_no', '2'),
(4, 'abnormal', 'N'),
(4, 'identifier', '62751'),
(4, 'name', 'STATUS'),
(4, 'labname', 'CML'),
(4, 'accession', 'ZK59632'),
(4, 'datetime', '2011-10-01'),
(5, 'lab_no', '6'),
(5, 'abnormal', 'A'),
(5, 'identifier', '2165'),
(5, 'name', 'I.N.R.'),
(5, 'labname', 'CML'),
(5, 'accession', 'ZL84759'),
(5, 'datetime', '2011-10-05'),
(5, 'minimum', '0.8'),
(5, 'maximum', '1.2'),
(5, 'comments', 'RECOMMENDED I.N.R. RANGE\n------------------------------------\nTHROMBOEMBOLISM RISK       2.0 - 3.0\nPROSTHETIC HEART VALVE     2.5 - 3.5\n'),
(6, 'lab_no', '5'),
(6, 'abnormal', 'N'),
(6, 'identifier', '3400'),
(6, 'name', 'CK'),
(6, 'labname', 'CML'),
(6, 'accession', 'ZL84708'),
(6, 'datetime', '2011-10-05'),
(6, 'unit', 'U/L'),
(6, 'range', 'BELOW 170'),
(7, 'lab_no', '5'),
(7, 'abnormal', 'N'),
(7, 'identifier', '3380'),
(7, 'name', 'ALT'),
(7, 'labname', 'CML'),
(7, 'accession', 'ZL84708'),
(7, 'datetime', '2011-10-05'),
(7, 'unit', 'U/L'),
(7, 'minimum', '4'),
(7, 'maximum', '43'),
(8, 'lab_no', '5'),
(8, 'abnormal', 'N'),
(8, 'identifier', '3360'),
(8, 'name', 'ALK PHOS'),
(8, 'labname', 'CML'),
(8, 'accession', 'ZL84708'),
(8, 'datetime', '2011-10-05'),
(8, 'unit', 'U/L'),
(8, 'minimum', '30'),
(8, 'maximum', '110'),
(9, 'lab_no', '5'),
(9, 'abnormal', 'N'),
(9, 'identifier', '3340'),
(9, 'name', 'TOTAL BILIRUBIN'),
(9, 'labname', 'CML'),
(9, 'accession', 'ZL84708'),
(9, 'datetime', '2011-10-05'),
(9, 'unit', 'UMOL/L'),
(9, 'minimum', '0.0'),
(9, 'maximum', '23.0'),
(10, 'lab_no', '5'),
(10, 'abnormal', 'N'),
(10, 'identifier', '3120'),
(10, 'name', 'CHOLESTEROL'),
(10, 'labname', 'CML'),
(10, 'accession', 'ZL84708'),
(10, 'datetime', '2011-10-05'),
(10, 'unit', 'MMOL/L'),
(10, 'range', 'TARGET <5.20'),
(11, 'lab_no', '5'),
(11, 'abnormal', 'N'),
(11, 'identifier', '3140'),
(11, 'name', 'TRIGLYCERIDES'),
(11, 'labname', 'CML'),
(11, 'accession', 'ZL84708'),
(11, 'datetime', '2011-10-05'),
(11, 'unit', 'MMOL/L'),
(11, 'range', 'TARGET <1.71'),
(12, 'lab_no', '5'),
(12, 'abnormal', 'A'),
(12, 'identifier', '3923'),
(12, 'name', 'HDL CHOLESTEROL'),
(12, 'labname', 'CML'),
(12, 'accession', 'ZL84708'),
(12, 'datetime', '2011-10-05'),
(12, 'unit', 'MMOL/L'),
(12, 'range', 'TARGET >1.29'),
(13, 'lab_no', '5'),
(13, 'abnormal', 'N'),
(13, 'identifier', '3933'),
(13, 'name', 'LDL CHOLESTEROL'),
(13, 'labname', 'CML'),
(13, 'accession', 'ZL84708'),
(13, 'datetime', '2011-10-05'),
(13, 'unit', 'MMOL/L'),
(13, 'range', 'See Targets'),
(14, 'lab_no', '5'),
(14, 'abnormal', 'N'),
(14, 'identifier', '3939'),
(14, 'name', 'CHOL/HDL RATIO'),
(14, 'labname', 'CML'),
(14, 'accession', 'ZL84708'),
(14, 'datetime', '2011-10-05'),
(14, 'range', 'See Targets'),
(14, 'comments', '*----------*----------*----------*----------*\nClinical Risk Status:  Target Lipid Levels\n*----------*----------*----------*----------*\nIf Risk  : LDL-C --Targets-- CHOL/HDL Ratio\nLow      :  <5.1     and       <6.0\nModerate :  <3.5     and       <5.0\nHigh     :  <2.0     and       <4.0\n...as per 2006 Canadian Guidelines'),
(15, 'lab_no', '7'),
(15, 'abnormal', 'A'),
(15, 'identifier', '2165'),
(15, 'name', 'I.N.R.'),
(15, 'labname', 'CML'),
(15, 'accession', 'ZL84763'),
(15, 'datetime', '2011-10-05'),
(15, 'minimum', '0.8'),
(15, 'maximum', '1.2'),
(15, 'comments', 'RECOMMENDED I.N.R. RANGE\n------------------------------------\nTHROMBOEMBOLISM RISK       2.0 - 3.0\nPROSTHETIC HEART VALVE     2.5 - 3.5\n'),
(16, 'lab_no', '9'),
(16, 'abnormal', 'N'),
(16, 'identifier', '2165'),
(16, 'name', 'I.N.R.'),
(16, 'labname', 'CML'),
(16, 'accession', 'ZL84773'),
(16, 'datetime', '2011-10-05'),
(16, 'minimum', '0.8'),
(16, 'maximum', '1.2'),
(16, 'comments', 'RECOMMENDED I.N.R. RANGE\n------------------------------------\nTHROMBOEMBOLISM RISK       2.0 - 3.0\nPROSTHETIC HEART VALVE     2.5 - 3.5\n');
INSERT INTO `patientLabRouting` (`demographic_no`, `lab_no`, `lab_type`, `id`) VALUES
(0, 1, 'HL7', 1),
(@demo_id, 2, 'HL7', 2),
(0, 3, 'HL7', 3),
(0, 4, 'HL7', 4),
(0, 5, 'HL7', 5),
(0, 6, 'HL7', 6),
(0, 7, 'HL7', 7),
(0, 8, 'HL7', 8),
(@demo_id, 9, 'HL7', 9);
INSERT INTO `providerLabRouting` (`provider_no`, `lab_no`, `status`, `timestamp`, `lab_type`, `id`) VALUES
('100', 1, 'N',  '2012-07-05 23:12:33', 'HL7', 1),
('999998', 2, 'N',  '2012-07-05 23:15:04', 'HL7', 2),
('100', 3, 'N',  '2012-07-05 23:12:51', 'HL7', 3),
('100', 4, 'N',  '2012-07-05 23:12:52', 'HL7', 4),
('100', 5, 'A', '2012-07-13 20:36:26', 'HL7', 5),
('100', 6, 'N',  '2012-07-13 20:35:30', 'HL7', 6),
('100', 7, 'N',  '2012-07-13 20:37:25', 'HL7', 7),
('100', 8, 'N',  '2012-07-05 23:12:52', 'HL7', 8),
('100', 9, 'N',  '2012-07-13 20:42:02', 'HL7', 9);
UPDATE `provider` SET `ohip_no`=123456 WHERE `provider_no`=999998;
INSERT INTO `drugs` (`drugid`, `provider_no`, `demographic_no`, `rx_date`, `end_date`, `written_date`, `pickup_datetime`, `BN`, `GCN_SEQNO`, `customName`, `takemin`, `takemax`, `freqcode`, `duration`, `durunit`, `quantity`, `repeat`, `last_refill_date`, `nosubs`, `prn`, `special`, `special_instruction`, `archived`, `GN`, `ATC`, `script_no`, `regional_identifier`, `unit`, `method`, `route`, `drug_form`, `create_date`, `dosage`, `custom_instructions`, `unitName`, `custom_note`, `long_term`, `non_authoritative`, `past_med`, `patient_compliance`, `outside_provider_name`, `outside_provider_ohip`, `archived_reason`, `archived_date`, `hide_from_drug_profile`, `eTreatmentType`, `rxStatus`, `dispense_interval`, `refill_duration`, `refill_quantity`, `hide_cpp`, `position`, `comment`, `start_date_unknown`, `lastUpdateDate`) VALUES
(1, '999998', 1, '2012-09-08', '2013-09-03', '2012-09-08', NULL, 'DABIGATRAN ETEXILATE  110MG CAPSULE', '77802', NULL, 1, 1, 'bid', '90', 'D', '180', 3, NULL, 0, 0, 'DABIGATRAN ETEXILATE  110MG CAPSULE\nTake 1 po bid for 90 days\nQty:180 Repeats:3', NULL, 0, 'DABIGATRAN ETEXILATE (DABIGATRAN ETEXILATE MESILATE)', 'B01AE07', 1, '02312441', 'MG', 'Take', 'po', 'CAPSULE', '2012-09-08 12:49:10', '110.0 MG', 0, NULL, 0, 1, 0, 0, NULL, NULL, NULL, NULL, NULL, NULL, NULL, NULL, 0, 0, 0, 0, 1, NULL, 0, '2012-09-08 12:49:10');
INSERT INTO `preventions` ( `demographic_no`, `creation_date`, `prevention_date`, `provider_no`, `prevention_type`, `deleted`, `refused`, `next_date`, `never`, `creator`) VALUES
( @demo_id, '2012-08-12 12:12:12', '2012-08-12', '100', 'PAP', '0', '2', '2017-07-12', '1', 100);
INSERT INTO `professionalSpecialists` ( `fName`, `lName`, `proLetters`, `address`, `phone`, `fax`,  `specType`,  `lastUpdated`, `annotation`) VALUES
('Sam', 'Spade', 'FRCP', '123 Hearts way', '613-234-3344', '613-234-3345','Cardiology','2012-07-04 21:55:24', 'He will investigate to the patients death');
INSERT INTO `serviceSpecialists` (`serviceId`, `specId`) VALUES ('53','1');
INSERT INTO `messagelisttbl` (`id`, `message`, `provider_no`, `status`, `remoteLocation`) VALUES
(1, 1, '999998', 'new', 145);
INSERT INTO `messagetbl` (`messageid`, `thedate`, `theime`, `themessage`, `thesubject`, `sentby`, `sentto`, `sentbyNo`, `sentByLocation`) VALUES
(1, '2012-08-25', '15:48:27', 'I would like to thank you for installing Oscar McMaster.\r\n\r\nDavid', 'Welcome to Oscar!', 'Dr David Chan', ' doctor oscardoc.', '000000', 145);
