alter table REPORT disable all triggers;
alter table REPORT_DATE_SP disable all triggers;
alter table REPORT_DOCUMENT disable all triggers;
alter table REPORT_FILTER disable all triggers;
alter table REPORT_LK_REPORTGROUP disable all triggers;
alter table REPORT_OPTION disable all triggers;
alter table REPORT_QGVIEWFIELD disable all triggers;
alter table REPORT_QGVIEWSUMMARY disable all triggers;
alter table REPORT_ROLE disable all triggers;
alter table REPORT_TEMPLATE disable all triggers;
alter table REPORT_TEMPLATE_CRITERIA disable all triggers;
alter table REPORT_TEMPLATE_ORG disable all triggers;

insert into REPORT (REPORTNO, TITLE, DESCRIPTION, ORGAPPLICABLE, REPORTTYPE, DATEOPTION, DATEPART, REPORTGROUP, NOTES, TABLENAME, UPDATEDBY, UPDATEDDATE, SPTORUN)
values (81, 'Shelter Bed Logs', 'Bed Logs in a given shelter on given dates ', 1, 'RPT', 'B', 'D', 15, null, 'V_REP_BEDLOG', 'oscardoc', to_date('12-07-2007 09:37:47', 'dd-mm-yyyy hh24:mi:ss'), null);
insert into REPORT (REPORTNO, TITLE, DESCRIPTION, ORGAPPLICABLE, REPORTTYPE, DATEOPTION, DATEPART, REPORTGROUP, NOTES, TABLENAME, UPDATEDBY, UPDATEDDATE, SPTORUN)
values (82, 'Client List', 'Under designing, please do not test', 1, 'RPT', 'N', null, 5, null, null, 'mespina', to_date('12-07-2007 09:37:47', 'dd-mm-yyyy hh24:mi:ss'), null);
insert into REPORT (REPORTNO, TITLE, DESCRIPTION, ORGAPPLICABLE, REPORTTYPE, DATEOPTION, DATEPART, REPORTGROUP, NOTES, TABLENAME, UPDATEDBY, UPDATEDDATE, SPTORUN)
values (83, 'Case List', 'Under designing, please do not test', 1, 'RPT', 'N', null, 10, null, null, 'mespina', to_date('12-07-2007 09:37:47', 'dd-mm-yyyy hh24:mi:ss'), null);
insert into REPORT (REPORTNO, TITLE, DESCRIPTION, ORGAPPLICABLE, REPORTTYPE, DATEOPTION, DATEPART, REPORTGROUP, NOTES, TABLENAME, UPDATEDBY, UPDATEDDATE, SPTORUN)
values (200594, 'User List', 'List of Users', 1, 'RPT', 'L', 'M', 90, null, 'V_REP_USERLIST', 'oscardoc', to_date('22-02-2008 23:19:44', 'dd-mm-yyyy hh24:mi:ss'), null);
commit;
insert into REPORT_DATE_SP (REPORTNO, STARTDATE, ENDDATE, ASOFDATE, STARTDATE_S, ENDDATE_S, ASOFDATE_S, SPTORUN)
values (88, to_date('06-12-2007', 'dd-mm-yyyy'), to_date('08-02-2008', 'dd-mm-yyyy'), to_date('06-12-2007', 'dd-mm-yyyy'), '20071206', '20080208', '20071206', 'sp_cr_insert_empreghrs_tbl');
commit;
insert into REPORT_DOCUMENT (DOCID, SUBJECT, PRIVACYCD, OWNERID, CHECKOUTYN, CHECKOUTUSERID, CHECKOUTDATE, DOCTYPE, FILENAME, MODULEID, REFNO, FILETYPE, VIEWID, VIEWREFNO, REVDATETIME)
values (200696, 'List Of Users', 'P', 'oscardoc', '0', null, null, 'RPT', 'CR_USER_LIST.rpt', 'REPORT', null, null, null, null, to_date('27-02-2008 14:36:13', 'dd-mm-yyyy hh24:mi:ss'));
commit;
insert into REPORT_FILTER (REPORTNO, FIELDNO, FIELDNAME, FIELDDESC, FIELDTYPE, LOOKUP_TABLE, ISCROSSTABHEADERS, OPERATOR, LOOKUP_TREE, FIELDSQL, LOOKUP_SCRIPT, NOTE, VALUEFORMAT)
values (200594, 200618, 'ROLE_NAME', null, 'S', 'ROL', null, 'C', null, 'ROLE_NAME', null, null, null);
insert into REPORT_FILTER (REPORTNO, FIELDNO, FIELDNAME, FIELDDESC, FIELDTYPE, LOOKUP_TABLE, ISCROSSTABHEADERS, OPERATOR, LOOKUP_TREE, FIELDSQL, LOOKUP_SCRIPT, NOTE, VALUEFORMAT)
values (200594, 200599, 'FIRST_NAME', null, 'S', null, null, 'CL', null, 'FIRST_NAME', null, null, null);
insert into REPORT_FILTER (REPORTNO, FIELDNO, FIELDNAME, FIELDDESC, FIELDTYPE, LOOKUP_TABLE, ISCROSSTABHEADERS, OPERATOR, LOOKUP_TREE, FIELDSQL, LOOKUP_SCRIPT, NOTE, VALUEFORMAT)
values (200594, 200600, 'Last Name', null, 'S', null, null, 'CL', null, 'LAST_NAME', null, null, null);
insert into REPORT_FILTER (REPORTNO, FIELDNO, FIELDNAME, FIELDDESC, FIELDTYPE, LOOKUP_TABLE, ISCROSSTABHEADERS, OPERATOR, LOOKUP_TREE, FIELDSQL, LOOKUP_SCRIPT, NOTE, VALUEFORMAT)
values (81, 1, 'Last Name', 'Client Last Name', 'S', 'BED', 'N', 'CL', null, 'LAST_NAME', null, null, null);
insert into REPORT_FILTER (REPORTNO, FIELDNO, FIELDNAME, FIELDDESC, FIELDTYPE, LOOKUP_TABLE, ISCROSSTABHEADERS, OPERATOR, LOOKUP_TREE, FIELDSQL, LOOKUP_SCRIPT, NOTE, VALUEFORMAT)
values (81, 2, 'First Name', 'Client First Name', 'S', 'BED', 'N', 'CL', null, 'FIRST_NAME', null, null, null);
insert into REPORT_FILTER (REPORTNO, FIELDNO, FIELDNAME, FIELDDESC, FIELDTYPE, LOOKUP_TABLE, ISCROSSTABHEADERS, OPERATOR, LOOKUP_TREE, FIELDSQL, LOOKUP_SCRIPT, NOTE, VALUEFORMAT)
values (81, 3, 'Room Name', 'Room Name', 'S', null, 'N', 'CL', null, 'ROOM_NAME', null, null, null);
commit;
insert into REPORT_LK_REPORTGROUP (ID, DESCRIPTION, SHORTDESC, ACTIVEYN, ORDERBYINDEX, NOTE)
values (90, 'System Reserved', 'System', 'Y', 1500, 'This code is reserved for QGView use');
insert into REPORT_LK_REPORTGROUP (ID, DESCRIPTION, SHORTDESC, ACTIVEYN, ORDERBYINDEX, NOTE)
values (5, 'Client Management', 'Client', 'Y', 1240, null);
insert into REPORT_LK_REPORTGROUP (ID, DESCRIPTION, SHORTDESC, ACTIVEYN, ORDERBYINDEX, NOTE)
values (10, 'Case Management', 'Case', 'Y', 1241, null);
insert into REPORT_LK_REPORTGROUP (ID, DESCRIPTION, SHORTDESC, ACTIVEYN, ORDERBYINDEX, NOTE)
values (15, 'Facility Management', 'Facility', 'Y', 1246, null);
commit;
insert into REPORT_OPTION (REPORTNO, REPORTOPTIONID, OPTIONTITLE, LONGDESC, ACTIVEYN, DEFAULTYN, DATEFIELD, DATEFIELDDESC, SQLWHERE, SQLORDERBY, RPTFILENAME, RPTFILENO, RPTVERSION, DATEFIELDTYPE)
values (81, 2, 'Bed log by data not works', 'Bed Log by data not works', 1, 0, 'ADMISSION_DATE', 'Admission Date', null, null, 'CR_SHEL_BEDLOG.rpt', 0, null, null);
insert into REPORT_OPTION (REPORTNO, REPORTOPTIONID, OPTIONTITLE, LONGDESC, ACTIVEYN, DEFAULTYN, DATEFIELD, DATEFIELDDESC, SQLWHERE, SQLORDERBY, RPTFILENAME, RPTFILENO, RPTVERSION, DATEFIELDTYPE)
values (81, 1, 'Bed log by date', 'Bed Log by date', 1, 1, 'ADMISSION_DATE', 'Admission Date', null, null, 'CR_SHEL_BEDLOG.rpt', 0, null, null);
insert into REPORT_OPTION (REPORTNO, REPORTOPTIONID, OPTIONTITLE, LONGDESC, ACTIVEYN, DEFAULTYN, DATEFIELD, DATEFIELDDESC, SQLWHERE, SQLORDERBY, RPTFILENAME, RPTFILENO, RPTVERSION, DATEFIELDTYPE)
values (200594, 200595, 'List Of Users', 'List f Users', 1, 1, 'PROVIDER_NO', null, null, null, 'CR_USER_LIST.rpt', 200696, null, null);
commit;
insert into REPORT_QGVIEWFIELD (QGVIEWNO, FIELDNAME, FIELDNO, DESCRIPTION, FIELDTYPECODE, NUMBERMASK, FIELDLENGTH, SOURCETXT, NOTE, GROUPRANK, LOOKUPTABLE)
values (200549, 'CLIENT_ID', 1, null, 'N', null, null, 'CLIENT_ID', 'initial set up', null, null);
insert into REPORT_QGVIEWFIELD (QGVIEWNO, FIELDNAME, FIELDNO, DESCRIPTION, FIELDTYPECODE, NUMBERMASK, FIELDLENGTH, SOURCETXT, NOTE, GROUPRANK, LOOKUPTABLE)
values (200549, 'ADMISSION_DATE', 2, null, 'D', null, null, 'ADMISSION_DATE', 'initial set up', null, null);
insert into REPORT_QGVIEWFIELD (QGVIEWNO, FIELDNAME, FIELDNO, DESCRIPTION, FIELDTYPECODE, NUMBERMASK, FIELDLENGTH, SOURCETXT, NOTE, GROUPRANK, LOOKUPTABLE)
values (200549, 'DISCHARGE_DATE', 3, null, 'D', null, null, 'DISCHARGE_DATE', 'initial set up', null, null);
insert into REPORT_QGVIEWFIELD (QGVIEWNO, FIELDNAME, FIELDNO, DESCRIPTION, FIELDTYPECODE, NUMBERMASK, FIELDLENGTH, SOURCETXT, NOTE, GROUPRANK, LOOKUPTABLE)
values (200549, 'PROGRAM_NAME', 4, null, 'S', null, null, 'PROGRAM_NAME', 'initial set up', null, null);
insert into REPORT_QGVIEWFIELD (QGVIEWNO, FIELDNAME, FIELDNO, DESCRIPTION, FIELDTYPECODE, NUMBERMASK, FIELDLENGTH, SOURCETXT, NOTE, GROUPRANK, LOOKUPTABLE)
values (200549, 'PROGRAM_DESCRIPTION', 5, null, 'S', null, null, 'PROGRAM_DESCRIPTION', 'initial set up', null, null);
insert into REPORT_QGVIEWFIELD (QGVIEWNO, FIELDNAME, FIELDNO, DESCRIPTION, FIELDTYPECODE, NUMBERMASK, FIELDLENGTH, SOURCETXT, NOTE, GROUPRANK, LOOKUPTABLE)
values (200549, 'BED_ID', 6, null, 'N', null, null, 'BED_ID', 'initial set up', null, null);
insert into REPORT_QGVIEWFIELD (QGVIEWNO, FIELDNAME, FIELDNO, DESCRIPTION, FIELDTYPECODE, NUMBERMASK, FIELDLENGTH, SOURCETXT, NOTE, GROUPRANK, LOOKUPTABLE)
values (200549, 'BED_NAME', 7, null, 'S', null, null, 'BED_NAME', 'initial set up', null, null);
insert into REPORT_QGVIEWFIELD (QGVIEWNO, FIELDNAME, FIELDNO, DESCRIPTION, FIELDTYPECODE, NUMBERMASK, FIELDLENGTH, SOURCETXT, NOTE, GROUPRANK, LOOKUPTABLE)
values (200549, 'ROOM_ID', 8, null, 'N', null, null, 'ROOM_ID', 'initial set up', null, null);
insert into REPORT_QGVIEWFIELD (QGVIEWNO, FIELDNAME, FIELDNO, DESCRIPTION, FIELDTYPECODE, NUMBERMASK, FIELDLENGTH, SOURCETXT, NOTE, GROUPRANK, LOOKUPTABLE)
values (200549, 'ROOM_NAME', 9, null, 'S', null, null, 'ROOM_NAME', 'initial set up', null, null);
insert into REPORT_QGVIEWFIELD (QGVIEWNO, FIELDNAME, FIELDNO, DESCRIPTION, FIELDTYPECODE, NUMBERMASK, FIELDLENGTH, SOURCETXT, NOTE, GROUPRANK, LOOKUPTABLE)
values (200549, 'CLIENT_PROG_ST_NAME', 10, null, 'S', null, null, 'CLIENT_PROG_ST_NAME', 'initial set up', null, null);
insert into REPORT_QGVIEWFIELD (QGVIEWNO, FIELDNAME, FIELDNO, DESCRIPTION, FIELDTYPECODE, NUMBERMASK, FIELDLENGTH, SOURCETXT, NOTE, GROUPRANK, LOOKUPTABLE)
values (200549, 'LAST_NAME', 11, null, 'S', null, null, 'LAST_NAME', 'initial set up', null, null);
insert into REPORT_QGVIEWFIELD (QGVIEWNO, FIELDNAME, FIELDNO, DESCRIPTION, FIELDTYPECODE, NUMBERMASK, FIELDLENGTH, SOURCETXT, NOTE, GROUPRANK, LOOKUPTABLE)
values (200549, 'FIRST_NAME', 12, null, 'S', null, null, 'FIRST_NAME', 'initial set up', null, null);
insert into REPORT_QGVIEWFIELD (QGVIEWNO, FIELDNAME, FIELDNO, DESCRIPTION, FIELDTYPECODE, NUMBERMASK, FIELDLENGTH, SOURCETXT, NOTE, GROUPRANK, LOOKUPTABLE)
values (200549, 'ORGCD', 13, null, 'N', null, null, 'ORGCD', 'initial set up', null, null);
insert into REPORT_QGVIEWFIELD (QGVIEWNO, FIELDNAME, FIELDNO, DESCRIPTION, FIELDTYPECODE, NUMBERMASK, FIELDLENGTH, SOURCETXT, NOTE, GROUPRANK, LOOKUPTABLE)
values (200554, 'PROVIDER_NO', 1, null, 'S', null, 0, 'PROVIDER.PROVIDER_NO', null, 0, null);
insert into REPORT_QGVIEWFIELD (QGVIEWNO, FIELDNAME, FIELDNO, DESCRIPTION, FIELDTYPECODE, NUMBERMASK, FIELDLENGTH, SOURCETXT, NOTE, GROUPRANK, LOOKUPTABLE)
values (200554, 'LAST_NAME', 2, 'Last Name', 'S', null, 0, 'PROVIDER.LAST_NAME', null, 0, null);
insert into REPORT_QGVIEWFIELD (QGVIEWNO, FIELDNAME, FIELDNO, DESCRIPTION, FIELDTYPECODE, NUMBERMASK, FIELDLENGTH, SOURCETXT, NOTE, GROUPRANK, LOOKUPTABLE)
values (200554, 'FIRST_NAME', 3, null, 'S', null, 0, 'PROVIDER.FIRST_NAME', null, 0, null);
insert into REPORT_QGVIEWFIELD (QGVIEWNO, FIELDNAME, FIELDNO, DESCRIPTION, FIELDTYPECODE, NUMBERMASK, FIELDLENGTH, SOURCETXT, NOTE, GROUPRANK, LOOKUPTABLE)
values (200554, 'ROLE_NAME', 4, null, 'S', null, 0, 'SECUSERROLE.ROLE_NAME', null, 0, null);
insert into REPORT_QGVIEWFIELD (QGVIEWNO, FIELDNAME, FIELDNO, DESCRIPTION, FIELDTYPECODE, NUMBERMASK, FIELDLENGTH, SOURCETXT, NOTE, GROUPRANK, LOOKUPTABLE)
values (200555, 'PROVIDER_NO', 1, null, 'S', null, null, 'PROVIDER_NO', 'initial set up', null, null);
insert into REPORT_QGVIEWFIELD (QGVIEWNO, FIELDNAME, FIELDNO, DESCRIPTION, FIELDTYPECODE, NUMBERMASK, FIELDLENGTH, SOURCETXT, NOTE, GROUPRANK, LOOKUPTABLE)
values (200555, 'LAST_NAME', 2, null, 'S', null, null, 'LAST_NAME', 'initial set up', null, null);
insert into REPORT_QGVIEWFIELD (QGVIEWNO, FIELDNAME, FIELDNO, DESCRIPTION, FIELDTYPECODE, NUMBERMASK, FIELDLENGTH, SOURCETXT, NOTE, GROUPRANK, LOOKUPTABLE)
values (200555, 'FIRST_NAME', 3, null, 'S', null, null, 'FIRST_NAME', 'initial set up', null, null);
insert into REPORT_QGVIEWFIELD (QGVIEWNO, FIELDNAME, FIELDNO, DESCRIPTION, FIELDTYPECODE, NUMBERMASK, FIELDLENGTH, SOURCETXT, NOTE, GROUPRANK, LOOKUPTABLE)
values (200555, 'PROVIDER_TYPE', 4, null, 'S', null, null, 'PROVIDER_TYPE', 'initial set up', null, null);
insert into REPORT_QGVIEWFIELD (QGVIEWNO, FIELDNAME, FIELDNO, DESCRIPTION, FIELDTYPECODE, NUMBERMASK, FIELDLENGTH, SOURCETXT, NOTE, GROUPRANK, LOOKUPTABLE)
values (200555, 'SPECIALTY', 5, null, 'S', null, null, 'SPECIALTY', 'initial set up', null, null);
insert into REPORT_QGVIEWFIELD (QGVIEWNO, FIELDNAME, FIELDNO, DESCRIPTION, FIELDTYPECODE, NUMBERMASK, FIELDLENGTH, SOURCETXT, NOTE, GROUPRANK, LOOKUPTABLE)
values (200555, 'TEAM', 6, null, 'S', null, null, 'TEAM', 'initial set up', null, null);
insert into REPORT_QGVIEWFIELD (QGVIEWNO, FIELDNAME, FIELDNO, DESCRIPTION, FIELDTYPECODE, NUMBERMASK, FIELDLENGTH, SOURCETXT, NOTE, GROUPRANK, LOOKUPTABLE)
values (200555, 'SEX', 7, null, 'S', null, null, 'SEX', 'initial set up', null, null);
insert into REPORT_QGVIEWFIELD (QGVIEWNO, FIELDNAME, FIELDNO, DESCRIPTION, FIELDTYPECODE, NUMBERMASK, FIELDLENGTH, SOURCETXT, NOTE, GROUPRANK, LOOKUPTABLE)
values (200555, 'DOB', 8, null, 'D', null, null, 'DOB', 'initial set up', null, null);
insert into REPORT_QGVIEWFIELD (QGVIEWNO, FIELDNAME, FIELDNO, DESCRIPTION, FIELDTYPECODE, NUMBERMASK, FIELDLENGTH, SOURCETXT, NOTE, GROUPRANK, LOOKUPTABLE)
values (200555, 'ADDRESS', 9, null, 'S', null, null, 'ADDRESS', 'initial set up', null, null);
insert into REPORT_QGVIEWFIELD (QGVIEWNO, FIELDNAME, FIELDNO, DESCRIPTION, FIELDTYPECODE, NUMBERMASK, FIELDLENGTH, SOURCETXT, NOTE, GROUPRANK, LOOKUPTABLE)
values (200555, 'PHONE', 10, null, 'S', null, null, 'PHONE', 'initial set up', null, null);
insert into REPORT_QGVIEWFIELD (QGVIEWNO, FIELDNAME, FIELDNO, DESCRIPTION, FIELDTYPECODE, NUMBERMASK, FIELDLENGTH, SOURCETXT, NOTE, GROUPRANK, LOOKUPTABLE)
values (200555, 'WORK_PHONE', 11, null, 'S', null, null, 'WORK_PHONE', 'initial set up', null, null);
insert into REPORT_QGVIEWFIELD (QGVIEWNO, FIELDNAME, FIELDNO, DESCRIPTION, FIELDTYPECODE, NUMBERMASK, FIELDLENGTH, SOURCETXT, NOTE, GROUPRANK, LOOKUPTABLE)
values (200555, 'OHIP_NO', 12, null, 'S', null, null, 'OHIP_NO', 'initial set up', null, null);
insert into REPORT_QGVIEWFIELD (QGVIEWNO, FIELDNAME, FIELDNO, DESCRIPTION, FIELDTYPECODE, NUMBERMASK, FIELDLENGTH, SOURCETXT, NOTE, GROUPRANK, LOOKUPTABLE)
values (200555, 'RMA_NO', 13, null, 'S', null, null, 'RMA_NO', 'initial set up', null, null);
insert into REPORT_QGVIEWFIELD (QGVIEWNO, FIELDNAME, FIELDNO, DESCRIPTION, FIELDTYPECODE, NUMBERMASK, FIELDLENGTH, SOURCETXT, NOTE, GROUPRANK, LOOKUPTABLE)
values (200555, 'BILLING_NO', 14, null, 'S', null, null, 'BILLING_NO', 'initial set up', null, null);
insert into REPORT_QGVIEWFIELD (QGVIEWNO, FIELDNAME, FIELDNO, DESCRIPTION, FIELDTYPECODE, NUMBERMASK, FIELDLENGTH, SOURCETXT, NOTE, GROUPRANK, LOOKUPTABLE)
values (200555, 'HSO_NO', 15, null, 'S', null, null, 'HSO_NO', 'initial set up', null, null);
insert into REPORT_QGVIEWFIELD (QGVIEWNO, FIELDNAME, FIELDNO, DESCRIPTION, FIELDTYPECODE, NUMBERMASK, FIELDLENGTH, SOURCETXT, NOTE, GROUPRANK, LOOKUPTABLE)
values (200555, 'STATUS', 16, null, 'S', null, null, 'STATUS', 'initial set up', null, null);
insert into REPORT_QGVIEWFIELD (QGVIEWNO, FIELDNAME, FIELDNO, DESCRIPTION, FIELDTYPECODE, NUMBERMASK, FIELDLENGTH, SOURCETXT, NOTE, GROUPRANK, LOOKUPTABLE)
values (200555, 'COMMENTS', 17, null, 'S', null, null, 'COMMENTS', 'initial set up', null, null);
insert into REPORT_QGVIEWFIELD (QGVIEWNO, FIELDNAME, FIELDNO, DESCRIPTION, FIELDTYPECODE, NUMBERMASK, FIELDLENGTH, SOURCETXT, NOTE, GROUPRANK, LOOKUPTABLE)
values (200555, 'PROVIDER_ACTIVITY', 18, null, 'S', null, null, 'PROVIDER_ACTIVITY', 'initial set up', null, null);
insert into REPORT_QGVIEWFIELD (QGVIEWNO, FIELDNAME, FIELDNO, DESCRIPTION, FIELDTYPECODE, NUMBERMASK, FIELDLENGTH, SOURCETXT, NOTE, GROUPRANK, LOOKUPTABLE)
values (200556, 'PROVIDER_NO', 1, null, 'S', null, null, 'PROVIDER_NO', 'initial set up', null, null);
insert into REPORT_QGVIEWFIELD (QGVIEWNO, FIELDNAME, FIELDNO, DESCRIPTION, FIELDTYPECODE, NUMBERMASK, FIELDLENGTH, SOURCETXT, NOTE, GROUPRANK, LOOKUPTABLE)
values (200556, 'ROLE_NAME', 2, null, 'S', null, null, 'ROLE_NAME', 'initial set up', null, null);
insert into REPORT_QGVIEWFIELD (QGVIEWNO, FIELDNAME, FIELDNO, DESCRIPTION, FIELDTYPECODE, NUMBERMASK, FIELDLENGTH, SOURCETXT, NOTE, GROUPRANK, LOOKUPTABLE)
values (200611, 'LAST_NAME', 1, null, 'S', null, 0, 'DEMOGRAPHIC.LAST_NAME', null, 0, null);
insert into REPORT_QGVIEWFIELD (QGVIEWNO, FIELDNAME, FIELDNO, DESCRIPTION, FIELDTYPECODE, NUMBERMASK, FIELDLENGTH, SOURCETXT, NOTE, GROUPRANK, LOOKUPTABLE)
values (200611, 'FIRST_NAME', 2, null, 'S', null, 0, 'DEMOGRAPHIC.FIRST_NAME', null, 0, null);
insert into REPORT_QGVIEWFIELD (QGVIEWNO, FIELDNAME, FIELDNO, DESCRIPTION, FIELDTYPECODE, NUMBERMASK, FIELDLENGTH, SOURCETXT, NOTE, GROUPRANK, LOOKUPTABLE)
values (200611, 'ADDRESS', 3, null, 'S', null, 0, 'DEMOGRAPHIC.ADDRESS', null, 0, null);
insert into REPORT_QGVIEWFIELD (QGVIEWNO, FIELDNAME, FIELDNO, DESCRIPTION, FIELDTYPECODE, NUMBERMASK, FIELDLENGTH, SOURCETXT, NOTE, GROUPRANK, LOOKUPTABLE)
values (200611, 'CITY', 4, null, 'S', null, 0, 'DEMOGRAPHIC.CITY', null, 0, null);
insert into REPORT_QGVIEWFIELD (QGVIEWNO, FIELDNAME, FIELDNO, DESCRIPTION, FIELDTYPECODE, NUMBERMASK, FIELDLENGTH, SOURCETXT, NOTE, GROUPRANK, LOOKUPTABLE)
values (200611, 'PROVINCE', 5, null, 'S', null, 0, 'DEMOGRAPHIC.PROVINCE', null, 0, null);
insert into REPORT_QGVIEWFIELD (QGVIEWNO, FIELDNAME, FIELDNO, DESCRIPTION, FIELDTYPECODE, NUMBERMASK, FIELDLENGTH, SOURCETXT, NOTE, GROUPRANK, LOOKUPTABLE)
values (200611, 'POSTAL', 6, null, 'S', null, 0, 'DEMOGRAPHIC.POSTAL', null, 0, null);
insert into REPORT_QGVIEWFIELD (QGVIEWNO, FIELDNAME, FIELDNO, DESCRIPTION, FIELDTYPECODE, NUMBERMASK, FIELDLENGTH, SOURCETXT, NOTE, GROUPRANK, LOOKUPTABLE)
values (200611, 'ALIAS', 7, null, 'S', null, 0, 'DEMOGRAPHIC.ALIAS', null, 0, null);
insert into REPORT_QGVIEWFIELD (QGVIEWNO, FIELDNAME, FIELDNO, DESCRIPTION, FIELDTYPECODE, NUMBERMASK, FIELDLENGTH, SOURCETXT, NOTE, GROUPRANK, LOOKUPTABLE)
values (200611, 'INTAKE_ID', 8, null, 'N', null, 0, 'INTAKE.INTAKE_ID', null, 0, null);
insert into REPORT_QGVIEWFIELD (QGVIEWNO, FIELDNAME, FIELDNO, DESCRIPTION, FIELDTYPECODE, NUMBERMASK, FIELDLENGTH, SOURCETXT, NOTE, GROUPRANK, LOOKUPTABLE)
values (200611, 'CLIENT_ID', 9, null, 'N', null, 0, 'INTAKE.CLIENT_ID', null, 0, null);
insert into REPORT_QGVIEWFIELD (QGVIEWNO, FIELDNAME, FIELDNO, DESCRIPTION, FIELDTYPECODE, NUMBERMASK, FIELDLENGTH, SOURCETXT, NOTE, GROUPRANK, LOOKUPTABLE)
values (200611, 'STAFF_ID', 10, null, 'S', null, 0, 'INTAKE.STAFF_ID', null, 0, null);
insert into REPORT_QGVIEWFIELD (QGVIEWNO, FIELDNAME, FIELDNO, DESCRIPTION, FIELDTYPECODE, NUMBERMASK, FIELDLENGTH, SOURCETXT, NOTE, GROUPRANK, LOOKUPTABLE)
values (200611, 'CREATION_DATE', 11, null, 'D', null, 0, 'INTAKE.CREATION_DATE', null, 0, null);
insert into REPORT_QGVIEWFIELD (QGVIEWNO, FIELDNAME, FIELDNO, DESCRIPTION, FIELDTYPECODE, NUMBERMASK, FIELDLENGTH, SOURCETXT, NOTE, GROUPRANK, LOOKUPTABLE)
values (200615, 'DEMOGRAPHIC_NO', 1, null, 'N', null, null, 'DEMOGRAPHIC_NO', 'initial set up', null, null);
insert into REPORT_QGVIEWFIELD (QGVIEWNO, FIELDNAME, FIELDNO, DESCRIPTION, FIELDTYPECODE, NUMBERMASK, FIELDLENGTH, SOURCETXT, NOTE, GROUPRANK, LOOKUPTABLE)
values (200615, 'LAST_NAME', 2, null, 'S', null, null, 'LAST_NAME', 'initial set up', null, null);
insert into REPORT_QGVIEWFIELD (QGVIEWNO, FIELDNAME, FIELDNO, DESCRIPTION, FIELDTYPECODE, NUMBERMASK, FIELDLENGTH, SOURCETXT, NOTE, GROUPRANK, LOOKUPTABLE)
values (200615, 'FIRST_NAME', 3, null, 'S', null, null, 'FIRST_NAME', 'initial set up', null, null);
insert into REPORT_QGVIEWFIELD (QGVIEWNO, FIELDNAME, FIELDNO, DESCRIPTION, FIELDTYPECODE, NUMBERMASK, FIELDLENGTH, SOURCETXT, NOTE, GROUPRANK, LOOKUPTABLE)
values (200615, 'ADDRESS', 4, null, 'S', null, null, 'ADDRESS', 'initial set up', null, null);
insert into REPORT_QGVIEWFIELD (QGVIEWNO, FIELDNAME, FIELDNO, DESCRIPTION, FIELDTYPECODE, NUMBERMASK, FIELDLENGTH, SOURCETXT, NOTE, GROUPRANK, LOOKUPTABLE)
values (200615, 'CITY', 5, null, 'S', null, null, 'CITY', 'initial set up', null, null);
insert into REPORT_QGVIEWFIELD (QGVIEWNO, FIELDNAME, FIELDNO, DESCRIPTION, FIELDTYPECODE, NUMBERMASK, FIELDLENGTH, SOURCETXT, NOTE, GROUPRANK, LOOKUPTABLE)
values (200615, 'PROVINCE', 6, null, 'S', null, null, 'PROVINCE', 'initial set up', null, null);
insert into REPORT_QGVIEWFIELD (QGVIEWNO, FIELDNAME, FIELDNO, DESCRIPTION, FIELDTYPECODE, NUMBERMASK, FIELDLENGTH, SOURCETXT, NOTE, GROUPRANK, LOOKUPTABLE)
values (200615, 'POSTAL', 7, null, 'S', null, null, 'POSTAL', 'initial set up', null, null);
insert into REPORT_QGVIEWFIELD (QGVIEWNO, FIELDNAME, FIELDNO, DESCRIPTION, FIELDTYPECODE, NUMBERMASK, FIELDLENGTH, SOURCETXT, NOTE, GROUPRANK, LOOKUPTABLE)
values (200615, 'PHONE', 8, null, 'S', null, null, 'PHONE', 'initial set up', null, null);
insert into REPORT_QGVIEWFIELD (QGVIEWNO, FIELDNAME, FIELDNO, DESCRIPTION, FIELDTYPECODE, NUMBERMASK, FIELDLENGTH, SOURCETXT, NOTE, GROUPRANK, LOOKUPTABLE)
values (200615, 'PHONE2', 9, null, 'S', null, null, 'PHONE2', 'initial set up', null, null);
insert into REPORT_QGVIEWFIELD (QGVIEWNO, FIELDNAME, FIELDNO, DESCRIPTION, FIELDTYPECODE, NUMBERMASK, FIELDLENGTH, SOURCETXT, NOTE, GROUPRANK, LOOKUPTABLE)
values (200615, 'EMAIL', 10, null, 'S', null, null, 'EMAIL', 'initial set up', null, null);
insert into REPORT_QGVIEWFIELD (QGVIEWNO, FIELDNAME, FIELDNO, DESCRIPTION, FIELDTYPECODE, NUMBERMASK, FIELDLENGTH, SOURCETXT, NOTE, GROUPRANK, LOOKUPTABLE)
values (200615, 'PIN', 11, null, 'S', null, null, 'PIN', 'initial set up', null, null);
insert into REPORT_QGVIEWFIELD (QGVIEWNO, FIELDNAME, FIELDNO, DESCRIPTION, FIELDTYPECODE, NUMBERMASK, FIELDLENGTH, SOURCETXT, NOTE, GROUPRANK, LOOKUPTABLE)
values (200615, 'YEAR_OF_BIRTH', 12, null, 'S', null, null, 'YEAR_OF_BIRTH', 'initial set up', null, null);
insert into REPORT_QGVIEWFIELD (QGVIEWNO, FIELDNAME, FIELDNO, DESCRIPTION, FIELDTYPECODE, NUMBERMASK, FIELDLENGTH, SOURCETXT, NOTE, GROUPRANK, LOOKUPTABLE)
values (200615, 'MONTH_OF_BIRTH', 13, null, 'S', null, null, 'MONTH_OF_BIRTH', 'initial set up', null, null);
insert into REPORT_QGVIEWFIELD (QGVIEWNO, FIELDNAME, FIELDNO, DESCRIPTION, FIELDTYPECODE, NUMBERMASK, FIELDLENGTH, SOURCETXT, NOTE, GROUPRANK, LOOKUPTABLE)
values (200615, 'DATE_OF_BIRTH', 14, null, 'S', null, null, 'DATE_OF_BIRTH', 'initial set up', null, null);
insert into REPORT_QGVIEWFIELD (QGVIEWNO, FIELDNAME, FIELDNO, DESCRIPTION, FIELDTYPECODE, NUMBERMASK, FIELDLENGTH, SOURCETXT, NOTE, GROUPRANK, LOOKUPTABLE)
values (200615, 'HIN', 15, null, 'S', null, null, 'HIN', 'initial set up', null, null);
insert into REPORT_QGVIEWFIELD (QGVIEWNO, FIELDNAME, FIELDNO, DESCRIPTION, FIELDTYPECODE, NUMBERMASK, FIELDLENGTH, SOURCETXT, NOTE, GROUPRANK, LOOKUPTABLE)
values (200615, 'VER', 16, null, 'S', null, null, 'VER', 'initial set up', null, null);
insert into REPORT_QGVIEWFIELD (QGVIEWNO, FIELDNAME, FIELDNO, DESCRIPTION, FIELDTYPECODE, NUMBERMASK, FIELDLENGTH, SOURCETXT, NOTE, GROUPRANK, LOOKUPTABLE)
values (200615, 'ROSTER_STATUS', 17, null, 'S', null, null, 'ROSTER_STATUS', 'initial set up', null, null);
insert into REPORT_QGVIEWFIELD (QGVIEWNO, FIELDNAME, FIELDNO, DESCRIPTION, FIELDTYPECODE, NUMBERMASK, FIELDLENGTH, SOURCETXT, NOTE, GROUPRANK, LOOKUPTABLE)
values (200615, 'PATIENT_STATUS', 18, null, 'S', null, null, 'PATIENT_STATUS', 'initial set up', null, null);
insert into REPORT_QGVIEWFIELD (QGVIEWNO, FIELDNAME, FIELDNO, DESCRIPTION, FIELDTYPECODE, NUMBERMASK, FIELDLENGTH, SOURCETXT, NOTE, GROUPRANK, LOOKUPTABLE)
values (200615, 'DATE_JOINED', 19, null, 'D', null, null, 'DATE_JOINED', 'initial set up', null, null);
insert into REPORT_QGVIEWFIELD (QGVIEWNO, FIELDNAME, FIELDNO, DESCRIPTION, FIELDTYPECODE, NUMBERMASK, FIELDLENGTH, SOURCETXT, NOTE, GROUPRANK, LOOKUPTABLE)
values (200615, 'CHART_NO', 20, null, 'S', null, null, 'CHART_NO', 'initial set up', null, null);
insert into REPORT_QGVIEWFIELD (QGVIEWNO, FIELDNAME, FIELDNO, DESCRIPTION, FIELDTYPECODE, NUMBERMASK, FIELDLENGTH, SOURCETXT, NOTE, GROUPRANK, LOOKUPTABLE)
values (200615, 'PROVIDER_NO', 21, null, 'S', null, null, 'PROVIDER_NO', 'initial set up', null, null);
insert into REPORT_QGVIEWFIELD (QGVIEWNO, FIELDNAME, FIELDNO, DESCRIPTION, FIELDTYPECODE, NUMBERMASK, FIELDLENGTH, SOURCETXT, NOTE, GROUPRANK, LOOKUPTABLE)
values (200615, 'SEX', 22, null, 'S', null, null, 'SEX', 'initial set up', null, null);
insert into REPORT_QGVIEWFIELD (QGVIEWNO, FIELDNAME, FIELDNO, DESCRIPTION, FIELDTYPECODE, NUMBERMASK, FIELDLENGTH, SOURCETXT, NOTE, GROUPRANK, LOOKUPTABLE)
values (200615, 'END_DATE', 23, null, 'D', null, null, 'END_DATE', 'initial set up', null, null);
insert into REPORT_QGVIEWFIELD (QGVIEWNO, FIELDNAME, FIELDNO, DESCRIPTION, FIELDTYPECODE, NUMBERMASK, FIELDLENGTH, SOURCETXT, NOTE, GROUPRANK, LOOKUPTABLE)
values (200615, 'EFF_DATE', 24, null, 'D', null, null, 'EFF_DATE', 'initial set up', null, null);
insert into REPORT_QGVIEWFIELD (QGVIEWNO, FIELDNAME, FIELDNO, DESCRIPTION, FIELDTYPECODE, NUMBERMASK, FIELDLENGTH, SOURCETXT, NOTE, GROUPRANK, LOOKUPTABLE)
values (200615, 'PCN_INDICATOR', 25, null, 'S', null, null, 'PCN_INDICATOR', 'initial set up', null, null);
insert into REPORT_QGVIEWFIELD (QGVIEWNO, FIELDNAME, FIELDNO, DESCRIPTION, FIELDTYPECODE, NUMBERMASK, FIELDLENGTH, SOURCETXT, NOTE, GROUPRANK, LOOKUPTABLE)
values (200615, 'HC_TYPE', 26, null, 'S', null, null, 'HC_TYPE', 'initial set up', null, null);
insert into REPORT_QGVIEWFIELD (QGVIEWNO, FIELDNAME, FIELDNO, DESCRIPTION, FIELDTYPECODE, NUMBERMASK, FIELDLENGTH, SOURCETXT, NOTE, GROUPRANK, LOOKUPTABLE)
values (200615, 'HC_RENEW_DATE', 27, null, 'D', null, null, 'HC_RENEW_DATE', 'initial set up', null, null);
insert into REPORT_QGVIEWFIELD (QGVIEWNO, FIELDNAME, FIELDNO, DESCRIPTION, FIELDTYPECODE, NUMBERMASK, FIELDLENGTH, SOURCETXT, NOTE, GROUPRANK, LOOKUPTABLE)
values (200615, 'FAMILY_DOCTOR', 28, null, 'S', null, null, 'FAMILY_DOCTOR', 'initial set up', null, null);
insert into REPORT_QGVIEWFIELD (QGVIEWNO, FIELDNAME, FIELDNO, DESCRIPTION, FIELDTYPECODE, NUMBERMASK, FIELDLENGTH, SOURCETXT, NOTE, GROUPRANK, LOOKUPTABLE)
values (200615, 'ALIAS', 29, null, 'S', null, null, 'ALIAS', 'initial set up', null, null);
insert into REPORT_QGVIEWFIELD (QGVIEWNO, FIELDNAME, FIELDNO, DESCRIPTION, FIELDTYPECODE, NUMBERMASK, FIELDLENGTH, SOURCETXT, NOTE, GROUPRANK, LOOKUPTABLE)
values (200615, 'PREVIOUSADDRESS', 30, null, 'S', null, null, 'PREVIOUSADDRESS', 'initial set up', null, null);
insert into REPORT_QGVIEWFIELD (QGVIEWNO, FIELDNAME, FIELDNO, DESCRIPTION, FIELDTYPECODE, NUMBERMASK, FIELDLENGTH, SOURCETXT, NOTE, GROUPRANK, LOOKUPTABLE)
values (200615, 'CHILDREN', 31, null, 'S', null, null, 'CHILDREN', 'initial set up', null, null);
insert into REPORT_QGVIEWFIELD (QGVIEWNO, FIELDNAME, FIELDNO, DESCRIPTION, FIELDTYPECODE, NUMBERMASK, FIELDLENGTH, SOURCETXT, NOTE, GROUPRANK, LOOKUPTABLE)
values (200615, 'SOURCEOFINCOME', 32, null, 'S', null, null, 'SOURCEOFINCOME', 'initial set up', null, null);
insert into REPORT_QGVIEWFIELD (QGVIEWNO, FIELDNAME, FIELDNO, DESCRIPTION, FIELDTYPECODE, NUMBERMASK, FIELDLENGTH, SOURCETXT, NOTE, GROUPRANK, LOOKUPTABLE)
values (200615, 'CITIZENSHIP', 33, null, 'S', null, null, 'CITIZENSHIP', 'initial set up', null, null);
insert into REPORT_QGVIEWFIELD (QGVIEWNO, FIELDNAME, FIELDNO, DESCRIPTION, FIELDTYPECODE, NUMBERMASK, FIELDLENGTH, SOURCETXT, NOTE, GROUPRANK, LOOKUPTABLE)
values (200615, 'SIN', 34, null, 'S', null, null, 'SIN', 'initial set up', null, null);
insert into REPORT_QGVIEWFIELD (QGVIEWNO, FIELDNAME, FIELDNO, DESCRIPTION, FIELDTYPECODE, NUMBERMASK, FIELDLENGTH, SOURCETXT, NOTE, GROUPRANK, LOOKUPTABLE)
values (200616, 'INTAKE_ID', 1, null, 'N', null, null, 'INTAKE_ID', 'initial set up', null, null);
insert into REPORT_QGVIEWFIELD (QGVIEWNO, FIELDNAME, FIELDNO, DESCRIPTION, FIELDTYPECODE, NUMBERMASK, FIELDLENGTH, SOURCETXT, NOTE, GROUPRANK, LOOKUPTABLE)
values (200616, 'INTAKE_NODE_ID', 2, null, 'N', null, null, 'INTAKE_NODE_ID', 'initial set up', null, null);
insert into REPORT_QGVIEWFIELD (QGVIEWNO, FIELDNAME, FIELDNO, DESCRIPTION, FIELDTYPECODE, NUMBERMASK, FIELDLENGTH, SOURCETXT, NOTE, GROUPRANK, LOOKUPTABLE)
values (200616, 'CLIENT_ID', 3, null, 'N', null, null, 'CLIENT_ID', 'initial set up', null, null);
insert into REPORT_QGVIEWFIELD (QGVIEWNO, FIELDNAME, FIELDNO, DESCRIPTION, FIELDTYPECODE, NUMBERMASK, FIELDLENGTH, SOURCETXT, NOTE, GROUPRANK, LOOKUPTABLE)
values (200616, 'STAFF_ID', 4, null, 'S', null, null, 'STAFF_ID', 'initial set up', null, null);
insert into REPORT_QGVIEWFIELD (QGVIEWNO, FIELDNAME, FIELDNO, DESCRIPTION, FIELDTYPECODE, NUMBERMASK, FIELDLENGTH, SOURCETXT, NOTE, GROUPRANK, LOOKUPTABLE)
values (200616, 'CREATION_DATE', 5, null, 'D', null, null, 'CREATION_DATE', 'initial set up', null, null);
insert into REPORT_QGVIEWFIELD (QGVIEWNO, FIELDNAME, FIELDNO, DESCRIPTION, FIELDTYPECODE, NUMBERMASK, FIELDLENGTH, SOURCETXT, NOTE, GROUPRANK, LOOKUPTABLE)
values (200617, 'AM_ID', 1, null, 'N', null, null, 'AM_ID', 'initial set up', null, null);
insert into REPORT_QGVIEWFIELD (QGVIEWNO, FIELDNAME, FIELDNO, DESCRIPTION, FIELDTYPECODE, NUMBERMASK, FIELDLENGTH, SOURCETXT, NOTE, GROUPRANK, LOOKUPTABLE)
values (200617, 'CLIENT_ID', 2, null, 'N', null, null, 'CLIENT_ID', 'initial set up', null, null);
insert into REPORT_QGVIEWFIELD (QGVIEWNO, FIELDNAME, FIELDNO, DESCRIPTION, FIELDTYPECODE, NUMBERMASK, FIELDLENGTH, SOURCETXT, NOTE, GROUPRANK, LOOKUPTABLE)
values (200617, 'PROGRAM_ID', 3, null, 'N', null, null, 'PROGRAM_ID', 'initial set up', null, null);
insert into REPORT_QGVIEWFIELD (QGVIEWNO, FIELDNAME, FIELDNO, DESCRIPTION, FIELDTYPECODE, NUMBERMASK, FIELDLENGTH, SOURCETXT, NOTE, GROUPRANK, LOOKUPTABLE)
values (200617, 'PROVIDER_NO', 4, null, 'S', null, null, 'PROVIDER_NO', 'initial set up', null, null);
insert into REPORT_QGVIEWFIELD (QGVIEWNO, FIELDNAME, FIELDNO, DESCRIPTION, FIELDTYPECODE, NUMBERMASK, FIELDLENGTH, SOURCETXT, NOTE, GROUPRANK, LOOKUPTABLE)
values (200617, 'ADMISSION_DATE', 5, null, 'D', null, null, 'ADMISSION_DATE', 'initial set up', null, null);
insert into REPORT_QGVIEWFIELD (QGVIEWNO, FIELDNAME, FIELDNO, DESCRIPTION, FIELDTYPECODE, NUMBERMASK, FIELDLENGTH, SOURCETXT, NOTE, GROUPRANK, LOOKUPTABLE)
values (200617, 'ADMISSION_NOTES', 6, null, 'S', null, null, 'ADMISSION_NOTES', 'initial set up', null, null);
insert into REPORT_QGVIEWFIELD (QGVIEWNO, FIELDNAME, FIELDNO, DESCRIPTION, FIELDTYPECODE, NUMBERMASK, FIELDLENGTH, SOURCETXT, NOTE, GROUPRANK, LOOKUPTABLE)
values (200617, 'TEMP_ADMISSION', 7, null, 'S', null, null, 'TEMP_ADMISSION', 'initial set up', null, null);
insert into REPORT_QGVIEWFIELD (QGVIEWNO, FIELDNAME, FIELDNO, DESCRIPTION, FIELDTYPECODE, NUMBERMASK, FIELDLENGTH, SOURCETXT, NOTE, GROUPRANK, LOOKUPTABLE)
values (200617, 'DISCHARGE_DATE', 8, null, 'D', null, null, 'DISCHARGE_DATE', 'initial set up', null, null);
insert into REPORT_QGVIEWFIELD (QGVIEWNO, FIELDNAME, FIELDNO, DESCRIPTION, FIELDTYPECODE, NUMBERMASK, FIELDLENGTH, SOURCETXT, NOTE, GROUPRANK, LOOKUPTABLE)
values (200617, 'DISCHARGE_NOTES', 9, null, 'S', null, null, 'DISCHARGE_NOTES', 'initial set up', null, null);
insert into REPORT_QGVIEWFIELD (QGVIEWNO, FIELDNAME, FIELDNO, DESCRIPTION, FIELDTYPECODE, NUMBERMASK, FIELDLENGTH, SOURCETXT, NOTE, GROUPRANK, LOOKUPTABLE)
values (200617, 'TEMP_ADMIT_DISCHARGE', 10, null, 'S', null, null, 'TEMP_ADMIT_DISCHARGE', 'initial set up', null, null);
insert into REPORT_QGVIEWFIELD (QGVIEWNO, FIELDNAME, FIELDNO, DESCRIPTION, FIELDTYPECODE, NUMBERMASK, FIELDLENGTH, SOURCETXT, NOTE, GROUPRANK, LOOKUPTABLE)
values (200617, 'ADMISSION_STATUS', 11, null, 'S', null, null, 'ADMISSION_STATUS', 'initial set up', null, null);
insert into REPORT_QGVIEWFIELD (QGVIEWNO, FIELDNAME, FIELDNO, DESCRIPTION, FIELDTYPECODE, NUMBERMASK, FIELDLENGTH, SOURCETXT, NOTE, GROUPRANK, LOOKUPTABLE)
values (200617, 'TEAM_ID', 12, null, 'N', null, null, 'TEAM_ID', 'initial set up', null, null);
insert into REPORT_QGVIEWFIELD (QGVIEWNO, FIELDNAME, FIELDNO, DESCRIPTION, FIELDTYPECODE, NUMBERMASK, FIELDLENGTH, SOURCETXT, NOTE, GROUPRANK, LOOKUPTABLE)
values (200617, 'TEMPORARY_ADMISSION_FLAG', 13, null, 'N', null, null, 'TEMPORARY_ADMISSION_FLAG', 'initial set up', null, null);
commit;
insert into REPORT_QGVIEWFIELD (QGVIEWNO, FIELDNAME, FIELDNO, DESCRIPTION, FIELDTYPECODE, NUMBERMASK, FIELDLENGTH, SOURCETXT, NOTE, GROUPRANK, LOOKUPTABLE)
values (200617, 'AGENCY_ID', 14, null, 'N', null, null, 'AGENCY_ID', 'initial set up', null, null);
insert into REPORT_QGVIEWFIELD (QGVIEWNO, FIELDNAME, FIELDNO, DESCRIPTION, FIELDTYPECODE, NUMBERMASK, FIELDLENGTH, SOURCETXT, NOTE, GROUPRANK, LOOKUPTABLE)
values (200617, 'RADIODISCHARGEREASON', 15, null, 'S', null, null, 'RADIODISCHARGEREASON', 'initial set up', null, null);
insert into REPORT_QGVIEWFIELD (QGVIEWNO, FIELDNAME, FIELDNO, DESCRIPTION, FIELDTYPECODE, NUMBERMASK, FIELDLENGTH, SOURCETXT, NOTE, GROUPRANK, LOOKUPTABLE)
values (200617, 'CLIENTSTATUS_ID', 16, null, 'N', null, null, 'CLIENTSTATUS_ID', 'initial set up', null, null);
commit;
insert into REPORT_QGVIEWSUMMARY (QGVIEWNO, QGVIEWCODE, DESCRIPTION, GROUPCODE, MASTERTYPE, UPDATEDBY, UPDATEDDATE, NOTE, ACTIVEYN, SECUREYN, DBENTITY, REFVIEWS, RELATIONS, FILTERS, OBJECT_TYPE, DISTINCTYN)
values (200615, 'DEMOGRAPHIC', null, '90', 'M', 'oscardoc', to_date('22-02-2008 21:13:31', 'dd-mm-yyyy hh24:mi:ss'), 'intial setup', '1', '0', 'DEMOGRAPHIC', 'DEMOGRAPHIC', null, null, 'TABLE', null);
insert into REPORT_QGVIEWSUMMARY (QGVIEWNO, QGVIEWCODE, DESCRIPTION, GROUPCODE, MASTERTYPE, UPDATEDBY, UPDATEDDATE, NOTE, ACTIVEYN, SECUREYN, DBENTITY, REFVIEWS, RELATIONS, FILTERS, OBJECT_TYPE, DISTINCTYN)
values (200616, 'INTAKE', null, '90', 'M', 'oscardoc', to_date('22-02-2008 21:13:44', 'dd-mm-yyyy hh24:mi:ss'), 'intial setup', '1', '0', 'INTAKE', 'INTAKE', null, null, 'TABLE', null);
insert into REPORT_QGVIEWSUMMARY (QGVIEWNO, QGVIEWCODE, DESCRIPTION, GROUPCODE, MASTERTYPE, UPDATEDBY, UPDATEDDATE, NOTE, ACTIVEYN, SECUREYN, DBENTITY, REFVIEWS, RELATIONS, FILTERS, OBJECT_TYPE, DISTINCTYN)
values (200617, 'ADMISSION', null, '90', 'M', 'oscardoc', to_date('22-02-2008 21:13:54', 'dd-mm-yyyy hh24:mi:ss'), 'intial setup', '1', '0', 'ADMISSION', 'ADMISSION', null, null, 'TABLE', null);
insert into REPORT_QGVIEWSUMMARY (QGVIEWNO, QGVIEWCODE, DESCRIPTION, GROUPCODE, MASTERTYPE, UPDATEDBY, UPDATEDDATE, NOTE, ACTIVEYN, SECUREYN, DBENTITY, REFVIEWS, RELATIONS, FILTERS, OBJECT_TYPE, DISTINCTYN)
values (200549, 'V_REP_BEDLOG', null, '90', 'M', 'oscardoc', to_date('20-02-2008 14:19:40', 'dd-mm-yyyy hh24:mi:ss'), 'intial setup', '1', '0', 'V_REP_BEDLOG', 'V_REP_BEDLOG', null, null, 'VIEW', null);
insert into REPORT_QGVIEWSUMMARY (QGVIEWNO, QGVIEWCODE, DESCRIPTION, GROUPCODE, MASTERTYPE, UPDATEDBY, UPDATEDDATE, NOTE, ACTIVEYN, SECUREYN, DBENTITY, REFVIEWS, RELATIONS, FILTERS, OBJECT_TYPE, DISTINCTYN)
values (200554, 'V_REP_USERLIST', 'User List', '90', 'N', 'oscardoc', to_date('21-02-2008 15:37:41', 'dd-mm-yyyy hh24:mi:ss'), null, '0', '0', 'V_REP_USERLIST', 'PROVIDER,SECUSERROLE', 'PROVIDER INNER JOIN SECUSERROLE ON PROVIDER.PROVIDER_NO=SECUSERROLE.PROVIDER_NO', null, 'VIEW', '1');
insert into REPORT_QGVIEWSUMMARY (QGVIEWNO, QGVIEWCODE, DESCRIPTION, GROUPCODE, MASTERTYPE, UPDATEDBY, UPDATEDDATE, NOTE, ACTIVEYN, SECUREYN, DBENTITY, REFVIEWS, RELATIONS, FILTERS, OBJECT_TYPE, DISTINCTYN)
values (200611, 'V_REP_CLIENT', 'List of clients', '5', 'N', 'oscardoc', to_date('22-02-2008 23:00:16', 'dd-mm-yyyy hh24:mi:ss'), 'This is a master view for clients', '0', '0', 'V_REP_CLIENT', 'DEMOGRAPHIC,INTAKE', 'INTAKE INNER JOIN DEMOGRAPHIC ON INTAKE.CLIENT_ID=DEMOGRAPHIC.DEMOGRAPHIC_NO', null, 'VIEW', null);
insert into REPORT_QGVIEWSUMMARY (QGVIEWNO, QGVIEWCODE, DESCRIPTION, GROUPCODE, MASTERTYPE, UPDATEDBY, UPDATEDDATE, NOTE, ACTIVEYN, SECUREYN, DBENTITY, REFVIEWS, RELATIONS, FILTERS, OBJECT_TYPE, DISTINCTYN)
values (200555, 'PROVIDER', null, '90', 'M', 'oscardoc', to_date('21-02-2008 12:59:20', 'dd-mm-yyyy hh24:mi:ss'), 'intial setup', '1', '0', 'PROVIDER', 'PROVIDER', null, null, 'TABLE', null);
insert into REPORT_QGVIEWSUMMARY (QGVIEWNO, QGVIEWCODE, DESCRIPTION, GROUPCODE, MASTERTYPE, UPDATEDBY, UPDATEDDATE, NOTE, ACTIVEYN, SECUREYN, DBENTITY, REFVIEWS, RELATIONS, FILTERS, OBJECT_TYPE, DISTINCTYN)
values (200556, 'SECUSERROLE', null, '90', 'M', 'oscardoc', to_date('21-02-2008 12:59:53', 'dd-mm-yyyy hh24:mi:ss'), 'intial setup', '1', '0', 'SECUSERROLE', 'SECUSERROLE', null, null, 'TABLE', null);
commit;
insert into REPORT_ROLE (REPORTNO, ROLECODE, ACCESS_TYPE)
values (82, 'doctor', '1');
insert into REPORT_ROLE (REPORTNO, ROLECODE, ACCESS_TYPE)
values (81, 'doctor', '1');
insert into REPORT_ROLE (REPORTNO, ROLECODE, ACCESS_TYPE)
values (83, 'doctor', '1');
insert into REPORT_ROLE (REPORTNO, ROLECODE, ACCESS_TYPE)
values (200594, 'doctor', '1');
insert into REPORT_ROLE (REPORTNO, ROLECODE, ACCESS_TYPE)
values (200594, 'admin', '1');
commit;
insert into REPORT_TEMPLATE (TEMPLATENO, REPORTNO, REPORTOPTIONID, DESCRIPTION, STARTDATE, ENDDATE, STARTPAYPERIOD, ENDPAYPERIOD, LOGINID, UPDATEDATE, PRIVATEYN)
values (200682, 81, 2, 'asdfgh', to_date('04-02-2008', 'dd-mm-yyyy'), to_date('22-02-2008', 'dd-mm-yyyy'), null, null, '999998', null, 0);
insert into REPORT_TEMPLATE (TEMPLATENO, REPORTNO, REPORTOPTIONID, DESCRIPTION, STARTDATE, ENDDATE, STARTPAYPERIOD, ENDPAYPERIOD, LOGINID, UPDATEDATE, PRIVATEYN)
values (200686, 81, 1, 'qwert', to_date('01-02-2008', 'dd-mm-yyyy'), to_date('28-02-2008', 'dd-mm-yyyy'), null, null, '999998', null, 0);
insert into REPORT_TEMPLATE (TEMPLATENO, REPORTNO, REPORTOPTIONID, DESCRIPTION, STARTDATE, ENDDATE, STARTPAYPERIOD, ENDPAYPERIOD, LOGINID, UPDATEDATE, PRIVATEYN)
values (200622, 200594, 200595, 'List of doctors', to_date('30-12-1899', 'dd-mm-yyyy'), to_date('30-12-1899', 'dd-mm-yyyy'), null, null, '999998', to_date('22-02-2008 21:37:02', 'dd-mm-yyyy hh24:mi:ss'), 0);
insert into REPORT_TEMPLATE (TEMPLATENO, REPORTNO, REPORTOPTIONID, DESCRIPTION, STARTDATE, ENDDATE, STARTPAYPERIOD, ENDPAYPERIOD, LOGINID, UPDATEDATE, PRIVATEYN)
values (313, 83, 7, 'Incident Cost Exception Report - Estimated Costs =$0', to_date('30-12-1899', 'dd-mm-yyyy'), to_date('30-12-1899', 'dd-mm-yyyy'), null, null, '999998', to_date('11-07-2007 10:34:00', 'dd-mm-yyyy hh24:mi:ss'), 0);
insert into REPORT_TEMPLATE (TEMPLATENO, REPORTNO, REPORTOPTIONID, DESCRIPTION, STARTDATE, ENDDATE, STARTPAYPERIOD, ENDPAYPERIOD, LOGINID, UPDATEDATE, PRIVATEYN)
values (312, 83, 6, 'Fatal Public Electrical Incidents', to_date('30-12-1899', 'dd-mm-yyyy'), to_date('30-12-1899', 'dd-mm-yyyy'), null, null, '999998', to_date('10-07-2007 15:32:56', 'dd-mm-yyyy hh24:mi:ss'), 0);
commit;
insert into REPORT_TEMPLATE_CRITERIA (COUNTER, TEMPLATENO, RELATION, FIELDNO, OPERATOR, OPERATORS, VAL, VALDESC, REQUIRED)
values (200688, 200686, null, 2, '=', null, '200284', 'Bed 10', 0);
insert into REPORT_TEMPLATE_CRITERIA (COUNTER, TEMPLATENO, RELATION, FIELDNO, OPERATOR, OPERATORS, VAL, VALDESC, REQUIRED)
values (1, 200622, null, 200618, '=', 'C', 'doctor', 'doctor', 0);
insert into REPORT_TEMPLATE_CRITERIA (COUNTER, TEMPLATENO, RELATION, FIELDNO, OPERATOR, OPERATORS, VAL, VALDESC, REQUIRED)
values (1, 200605, null, 200599, 'Like', 'CL', '*doc*', null, 0);
insert into REPORT_TEMPLATE_CRITERIA (COUNTER, TEMPLATENO, RELATION, FIELDNO, OPERATOR, OPERATORS, VAL, VALDESC, REQUIRED)
values (1, 200606, null, 200599, 'Like', 'CL', '*doc*', null, 0);
insert into REPORT_TEMPLATE_CRITERIA (COUNTER, TEMPLATENO, RELATION, FIELDNO, OPERATOR, OPERATORS, VAL, VALDESC, REQUIRED)
values (200694, 200682, null, 2, '=', null, '200267', 'Bed 1', 0);
insert into REPORT_TEMPLATE_CRITERIA (COUNTER, TEMPLATENO, RELATION, FIELDNO, OPERATOR, OPERATORS, VAL, VALDESC, REQUIRED)
values (200695, 200682, 'AND', 1, '<=', null, '200268', 'Bed 2', 0);
commit;
insert into REPORT_TEMPLATE_ORG (COUNTER, TEMPLATENO, ORGCD)
values (200687, 200686, '0');
insert into REPORT_TEMPLATE_ORG (COUNTER, TEMPLATENO, ORGCD)
values (1, 200622, 'ORG');
insert into REPORT_TEMPLATE_ORG (COUNTER, TEMPLATENO, ORGCD)
values (200693, 200682, '0');
commit;
alter table REPORT enable all triggers;
alter table REPORT_DATE_SP enable all triggers;
alter table REPORT_DOCUMENT enable all triggers;
alter table REPORT_FILTER enable all triggers;
alter table REPORT_LK_REPORTGROUP enable all triggers;
alter table REPORT_OPTION enable all triggers;
alter table REPORT_QGVIEWFIELD enable all triggers;
alter table REPORT_QGVIEWSUMMARY enable all triggers;
alter table REPORT_ROLE enable all triggers;
alter table REPORT_TEMPLATE enable all triggers;
alter table REPORT_TEMPLATE_CRITERIA enable all triggers;
alter table REPORT_TEMPLATE_ORG enable all triggers;
